item_id	bucket	item_kind	command	option	value	combination	repo_state	transport	platform	implementation_source	evidence_source	evidence_kind	source_detail	next_action	notes
matrix:94616ed41ae33a88	invalid-input parity	exact_invalid_input_variant	add	--pathspec-from-file	/no/such/file	missing pathspec file	repository with clean index	local	all	behavior matrix	tools/git-schema-parser-oracle-smoke.sh::add_pathspec_from_file_missing_equals	real_tool_trace	docs/cli/matrices/add_v2_47.tsv:2	safe to skip unless parser/error behavior changes	rejects missing pathspec file with stock exit 128, empty stdout and exact stderr
matrix:cd72b079c1b61435	invalid-input parity	exact_invalid_input_variant	add	--pathspec-from-file	/no/such/file	separate missing pathspec file	repository with clean index	local	all	behavior matrix	tools/git-schema-parser-oracle-smoke.sh::add_pathspec_from_file_missing_separate	real_tool_trace	docs/cli/matrices/add_v2_47.tsv:3	safe to skip unless parser/error behavior changes	rejects separate missing pathspec file with stock exit 128, empty stdout and exact stderr
matrix:499ffbd52e7b47cb	invalid-input parity	exact_invalid_input_variant	add	<none>	process filter advertises unsupported capability	required filter on added path	clean repository	local	unix	behavior matrix	git_add_compat::add_process_filter_unknown_capability_matches_stock_git	stock_git_oracle_test	docs/cli/matrices/add_v2_47.tsv:83	safe to skip unless parser/error behavior changes	unknown process-filter capability exits 128 with stock fatal subprocess diagnostic and leaves the index unchanged
matrix:4ebe4fd46768d6f9	invalid-input parity	exact_invalid_input_variant	add	<none>	process filter returns unsupported status	required filter on added path	clean repository	local	unix	behavior matrix	git_add_compat::add_process_filter_unknown_status_matches_stock_git	stock_git_oracle_test	docs/cli/matrices/add_v2_47.tsv:84	safe to skip unless parser/error behavior changes	unknown process-filter status exits 128 with stock external-filter failure diagnostics and leaves the index unchanged
matrix:23a6e07ead119d76	invalid-input parity	exact_invalid_input_variant	add	<none>	process filter returns delayed status	required clean filter on added path	clean repository	local	unix	behavior matrix	git_add_compat::add_process_filter_delayed_clean_status_matches_stock_git	stock_git_oracle_test	docs/cli/matrices/add_v2_47.tsv:85	safe to skip unless parser/error behavior changes	delayed clean-process-filter status exits 128 with stock external-filter diagnostics and leaves the index unchanged
matrix:ec70294ca541f5bf	invalid-input parity	exact_invalid_input_variant	add	--refresh	nonexistent	unmatched pathspec	tracked index	local	all	behavior matrix	git_index_mutation_compat::add_refresh_reports_unmatched_pathspec_like_stock_git	stock_git_oracle_test	docs/cli/matrices/add_v2_47.tsv:104	safe to skip unless parser/error behavior changes	reports the unmatched pathspec with stock exit status and stderr
matrix:90220afe2c4ed580	invalid-input parity	exact_invalid_input_variant	add	--chmod	+x	--dry-run symlink	staged symlink path	local	unix	behavior matrix	git_index_mutation_compat::add_chmod_dry_run_and_symlink_errors_match_stock_git	stock_git_oracle_test	docs/cli/matrices/add_v2_47.tsv:111	safe to skip unless parser/error behavior changes	rejects chmod on a symlink path with stock failure output
matrix:d21ed8e1cfe4fa05	invalid-input parity	exact_invalid_input_variant	add	--chmod	+x	symlink plus regular path	staged symlink path and unstaged regular file	local	unix	behavior matrix	git_index_mutation_compat::add_chmod_stages_regular_paths_when_non_regular_path_fails_like_stock_git	stock_git_oracle_test	docs/cli/matrices/add_v2_47.tsv:112	safe to skip unless parser/error behavior changes	rejects the symlink while staging the regular sibling like stock Git
matrix:4bdae59ab7eb52c7	invalid-input parity	exact_invalid_input_variant	add	--chmod	+x	core.symlinks=false index symlink with regular worktree file	index symlink path plus regular file	local	all	behavior matrix	git_index_mutation_compat::add_chmod_rejects_index_symlink_even_when_worktree_path_is_regular_like_stock_git	stock_git_oracle_test	docs/cli/matrices/add_v2_47.tsv:113	safe to skip unless parser/error behavior changes	rejects chmod based on the index symlink mode even when the worktree path is regular
matrix:cdb27ac4d807cd56	invalid-input parity	exact_invalid_input_variant	add	<none>	empty	empty embedded repository	clean repository with nested empty git repository	local	all	behavior matrix	git_index_mutation_compat::add_empty_embedded_repository_error_matches_stock_git	stock_git_oracle_test	docs/cli/matrices/add_v2_47.tsv:117	safe to skip unless parser/error behavior changes	rejects an embedded repository without a checked-out commit with stock failure diagnostics
matrix:cdba6fdc8927d292	invalid-input parity	exact_invalid_input_variant	add	<none>	submodule	sha256 parent with sha1 submodule	clean parent repository with nested repository using a different object format	local	all	behavior matrix	git_index_mutation_compat::add_rejects_submodule_object_format_mismatch_like_upstream_git	stock_git_oracle_test	docs/cli/matrices/add_v2_47.tsv:125	safe to skip unless parser/error behavior changes	rejects adding a submodule whose object format differs from the parent with upstream Git diagnostic shape
matrix:c764e8c3d9fd7cc0	invalid-input parity	exact_invalid_input_variant	add	<none>	submodule	sha1 parent with sha256 submodule	clean parent repository with nested repository using a different object format	local	all	behavior matrix	git_index_mutation_compat::add_rejects_submodule_object_format_mismatch_like_upstream_git	stock_git_oracle_test	docs/cli/matrices/add_v2_47.tsv:127	safe to skip unless parser/error behavior changes	rejects adding a submodule whose object format differs from the parent with upstream Git diagnostic shape
matrix:a367405fdebf0020	invalid-input parity	exact_invalid_input_variant	add	-a	<empty>	unknown short switch	clean repository	local	all	behavior matrix	tools/git-add-oracle-smoke.sh::add_invalid_short_a	real_tool_trace	docs/cli/matrices/add_v2_47.tsv:128	safe to skip unless parser/error behavior changes	rejects unknown short a switch with stock exit 129, empty stdout, exact usage stderr and unchanged status/index
matrix:a5ec7c00c97b8f5c	invalid-input parity	exact_invalid_input_variant	add	-1	<empty>	unknown short switch	clean repository	local	all	behavior matrix	tools/git-add-oracle-smoke.sh::add_invalid_short_one	real_tool_trace	docs/cli/matrices/add_v2_47.tsv:129	safe to skip unless parser/error behavior changes	rejects unknown short 1 switch with stock exit 129, empty stdout, exact usage stderr and unchanged status/index
matrix:ec588d5032ebed30	invalid-input parity	exact_invalid_input_variant	add	-2	<empty>	unknown short switch	clean repository	local	all	behavior matrix	tools/git-add-oracle-smoke.sh::add_invalid_short_two	real_tool_trace	docs/cli/matrices/add_v2_47.tsv:130	safe to skip unless parser/error behavior changes	rejects unknown short 2 switch with stock exit 129, empty stdout, exact usage stderr and unchanged status/index
matrix:9716ae0925ead591	invalid-input parity	exact_invalid_input_variant	add	--chmod	bad	invalid chmod value	clean regular file	local	all	behavior matrix	tools/git-add-oracle-smoke.sh::add_invalid_chmod_value	real_tool_trace	docs/cli/matrices/add_v2_47.tsv:131	safe to skip unless parser/error behavior changes	rejects invalid chmod value with stock exit 128, empty stdout, exact fatal stderr and unchanged status/index
matrix:c1b420cf03e8fbc9	invalid-input parity	exact_invalid_input_variant	am	--patch-format	stgit-series	single mail patch via stdin from reset base	local branch with one pending mail patch	local	all	behavior matrix	git_mail_series_compat::am_option_surface_batch_matches_stock_git	stock_git_oracle_test	docs/cli/matrices/am_v2_47.tsv:38	safe to skip unless parser/error behavior changes	patch-format=stgit-series matches the stock helper-free stdin fatal on a single StGIT patch mail with the same Failed to split patches diagnostic
matrix:719ef12c3402044c	invalid-input parity	exact_invalid_input_variant	am	--empty	stop	empty mail from reset base	local branch with empty mail lacking a patch and no preexisting am session	local	all	behavior matrix	git_mail_series_compat::am_empty_mail_family_matches_stock_git	stock_git_oracle_test	docs/cli/matrices/am_v2_47.tsv:43	safe to skip unless parser/error behavior changes	empty=stop halts in the stock active am session for an empty mail, printing Patch is empty on stdout and the stock recovery hints on stderr
matrix:ef20ff30b1062d9a	invalid-input parity	exact_invalid_input_variant	am	--interactive	stock-patches/0001-update-alpha.patch	single mail patch without available stdin	local branch with one pending mail patch	local	all	behavior matrix	git_mail_series_compat::am_option_surface_batch_matches_stock_git	stock_git_oracle_test	docs/cli/matrices/am_v2_47.tsv:54	safe to skip unless parser/error behavior changes	interactive matches the stock non-tty helper-free fatal by printing the same apply prompt to stdout and aborting with the same unable to read from stdin diagnostic
matrix:0dab4ef7bc883b8f	invalid-input parity	exact_invalid_input_variant	am	-i	stock-patches/0001-update-alpha.patch	single mail patch without available stdin	local branch with one pending mail patch	local	all	behavior matrix	git_mail_series_compat::am_option_surface_batch_matches_stock_git	stock_git_oracle_test	docs/cli/matrices/am_v2_47.tsv:55	safe to skip unless parser/error behavior changes	short interactive alias matches the stock non-tty helper-free fatal by printing the same apply prompt to stdout and aborting with the same unable to read from stdin diagnostic
matrix:e8a94dc4f80d5257	invalid-input parity	exact_invalid_input_variant	am	--allow-empty	stock-patches/0001-update-alpha.patch	single mail patch without active am session	clean local repository without rebase-apply state	local	all	behavior matrix	git_mail_series_compat::am_resume_only_flags_without_session_match_stock_git	stock_git_oracle_test	docs/cli/matrices/am_v2_47.tsv:56	safe to skip unless parser/error behavior changes	allow-empty follows the current stock no-session fatal path on this machine and exits 128 with the same Resolve operation not in progress diagnostic
matrix:df4f183442bba0c8	invalid-input parity	exact_invalid_input_variant	am	--abort	<empty>	no active am session	clean local repository without rebase-apply state	local	all	behavior matrix	git_mail_series_compat::am_resume_only_flags_without_session_match_stock_git	stock_git_oracle_test	docs/cli/matrices/am_v2_47.tsv:57	safe to skip unless parser/error behavior changes	abort without an active am session exits 128 with the stock Resolve operation not in progress diagnostic
matrix:52d51ff3e8ec986a	invalid-input parity	exact_invalid_input_variant	am	--quit	<empty>	no active am session	clean local repository without rebase-apply state	local	all	behavior matrix	git_mail_series_compat::am_resume_only_flags_without_session_match_stock_git	stock_git_oracle_test	docs/cli/matrices/am_v2_47.tsv:58	safe to skip unless parser/error behavior changes	quit without an active am session exits 128 with the stock Resolve operation not in progress diagnostic
matrix:b64dcf877d65605f	invalid-input parity	exact_invalid_input_variant	am	--skip	<empty>	no active am session	clean local repository without rebase-apply state	local	all	behavior matrix	git_mail_series_compat::am_resume_only_flags_without_session_match_stock_git	stock_git_oracle_test	docs/cli/matrices/am_v2_47.tsv:59	safe to skip unless parser/error behavior changes	skip without an active am session exits 128 with the stock Resolve operation not in progress diagnostic
matrix:cb6d20a363043706	invalid-input parity	exact_invalid_input_variant	am	--continue	<empty>	no active am session	clean local repository without rebase-apply state	local	all	behavior matrix	git_mail_series_compat::am_resume_only_flags_without_session_match_stock_git	stock_git_oracle_test	docs/cli/matrices/am_v2_47.tsv:60	safe to skip unless parser/error behavior changes	continue without an active am session exits 128 with the stock Resolve operation not in progress diagnostic
matrix:f67eb6d364f91500	invalid-input parity	exact_invalid_input_variant	am	--resolved	<empty>	no active am session	clean local repository without rebase-apply state	local	all	behavior matrix	git_mail_series_compat::am_resume_only_flags_without_session_match_stock_git	stock_git_oracle_test	docs/cli/matrices/am_v2_47.tsv:61	safe to skip unless parser/error behavior changes	resolved without an active am session exits 128 with the stock Resolve operation not in progress diagnostic
matrix:a0e29273ccffa9d2	invalid-input parity	exact_invalid_input_variant	am	--retry	<empty>	no active am session	clean local repository without rebase-apply state	local	all	behavior matrix	git_mail_series_compat::am_resume_only_flags_without_session_match_stock_git	stock_git_oracle_test	docs/cli/matrices/am_v2_47.tsv:62	safe to skip unless parser/error behavior changes	retry without an active am session exits 128 with the stock Resolve operation not in progress diagnostic
matrix:db3432dedfc3290d	invalid-input parity	exact_invalid_input_variant	am	--show-current-patch	raw	no active am session	clean local repository without rebase-apply state	local	all	behavior matrix	git_mail_series_compat::am_resume_only_flags_without_session_match_stock_git	stock_git_oracle_test	docs/cli/matrices/am_v2_47.tsv:63	safe to skip unless parser/error behavior changes	show-current-patch=raw without an active am session exits 128 with the stock Resolve operation not in progress diagnostic
matrix:65024efe0fdad81e	invalid-input parity	exact_invalid_input_variant	am	--show-current-patch	diff	no active am session	clean local repository without rebase-apply state	local	all	behavior matrix	git_mail_series_compat::am_resume_only_flags_without_session_match_stock_git	stock_git_oracle_test	docs/cli/matrices/am_v2_47.tsv:64	safe to skip unless parser/error behavior changes	show-current-patch=diff without an active am session exits 128 with the stock Resolve operation not in progress diagnostic
matrix:77b360c4cc4d9f4f	invalid-input parity	exact_invalid_input_variant	am	<none>	stock-patches/0001-upstream.patch	conflicting single mail patch	local branch with conflicting committed line replacement	local	all	behavior matrix	git_mail_series_compat::am_conflict_session_family_matches_stock_git	stock_git_oracle_test	docs/cli/matrices/am_v2_47.tsv:65	safe to skip unless parser/error behavior changes	conflicting single-mail application stops in an active am session with stock Applying and Patch failed stdout plus stock conflict hints on stderr
matrix:62695fe701fc2fc6	invalid-input parity	exact_invalid_input_variant	am	--continue	<empty>	active empty-mail session	local branch with empty mail lacking a patch and in-progress am session	local	all	behavior matrix	git_mail_series_compat::am_empty_mail_family_matches_stock_git	stock_git_oracle_test	docs/cli/matrices/am_v2_47.tsv:69	safe to skip unless parser/error behavior changes	continue on the modeled empty-mail am session emits the stock no-changes guidance while preserving the allow-empty recovery hint and keeping the session active
matrix:3caa500120ff247e	invalid-input parity	exact_invalid_input_variant	am	--resolved	<empty>	active empty-mail session	local branch with empty mail lacking a patch and in-progress am session	local	all	behavior matrix	git_mail_series_compat::am_empty_mail_family_matches_stock_git	stock_git_oracle_test	docs/cli/matrices/am_v2_47.tsv:70	safe to skip unless parser/error behavior changes	resolved on the modeled empty-mail am session emits the stock no-changes guidance while preserving the allow-empty recovery hint and keeping the session active
matrix:f9f57abae75757a3	invalid-input parity	exact_invalid_input_variant	am	-r	<empty>	active empty-mail session	local branch with empty mail lacking a patch and in-progress am session	local	all	behavior matrix	git_mail_series_compat::am_empty_mail_family_matches_stock_git	stock_git_oracle_test	docs/cli/matrices/am_v2_47.tsv:71	safe to skip unless parser/error behavior changes	short resolved alias on the modeled empty-mail am session emits the stock no-changes guidance while preserving the allow-empty recovery hint and keeping the session active
matrix:72bdc9d1dea74c18	invalid-input parity	exact_invalid_input_variant	am	--retry	<empty>	active empty-mail session	local branch with empty mail lacking a patch and in-progress am session	local	all	behavior matrix	git_mail_series_compat::am_empty_mail_family_matches_stock_git	stock_git_oracle_test	docs/cli/matrices/am_v2_47.tsv:72	safe to skip unless parser/error behavior changes	retry on the modeled empty-mail am session replays the stock Patch is empty stdout and allow-empty recovery hints while keeping the session active
matrix:d7ca00cbfdd6fd76	invalid-input parity	exact_invalid_input_variant	am	--retry	<empty>	active conflict session	local branch with conflicting committed line replacement and in-progress am session	local	all	behavior matrix	git_mail_series_compat::am_conflict_session_family_matches_stock_git	stock_git_oracle_test	docs/cli/matrices/am_v2_47.tsv:78	safe to skip unless parser/error behavior changes	retry on the modeled unresolved conflict session replays the stock Applying and Patch failed output while keeping the session active
matrix:46a3c70fee16c0c2	invalid-input parity	exact_invalid_input_variant	am	--continue	<empty>	active conflict session without staged resolution	local branch with conflicting committed line replacement and in-progress am session	local	all	behavior matrix	git_mail_series_compat::am_conflict_session_family_matches_stock_git	stock_git_oracle_test	docs/cli/matrices/am_v2_47.tsv:79	safe to skip unless parser/error behavior changes	continue on the modeled unresolved conflict session emits the stock no-changes guidance and keeps the session active
matrix:b49edfc4f9cdf5f6	invalid-input parity	exact_invalid_input_variant	am	--resolved	<empty>	active conflict session without staged resolution	local branch with conflicting committed line replacement and in-progress am session	local	all	behavior matrix	git_mail_series_compat::am_conflict_session_family_matches_stock_git	stock_git_oracle_test	docs/cli/matrices/am_v2_47.tsv:80	safe to skip unless parser/error behavior changes	resolved on the modeled unresolved conflict session emits the stock no-changes guidance and keeps the session active
matrix:c3c3767eac5089e1	invalid-input parity	exact_invalid_input_variant	am	-r	<empty>	active conflict session without staged resolution	local branch with conflicting committed line replacement and in-progress am session	local	all	behavior matrix	git_mail_series_compat::am_conflict_session_family_matches_stock_git	stock_git_oracle_test	docs/cli/matrices/am_v2_47.tsv:81	safe to skip unless parser/error behavior changes	short resolved alias on the modeled unresolved conflict session emits the stock no-changes guidance and keeps the session active
matrix:764ae2dc1c0749e7	invalid-input parity	exact_invalid_input_variant	am	--reject	stock-patches/0001-upstream.patch	conflicting single mail patch with reject output	local branch with conflicting committed line replacement	local	all	behavior matrix	git_mail_series_compat::am_directory_ignore_date_and_reject_tail_matches_stock_git	stock_git_oracle_test	docs/cli/matrices/am_v2_47.tsv:90	safe to skip unless parser/error behavior changes	reject on the modeled conflict lane matches stock Applying and Patch failed stdout, reject-file contents, stderr diagnostics, active am session state, and dirty status
matrix:9a4e5e89d6e506e2	invalid-input parity	exact_invalid_input_variant	am	--reject	stock-patches/0001-upstream.patch	repeated reject flag on conflicting single mail patch	local branch with conflicting committed line replacement	local	all	behavior matrix	git_mail_series_compat::am_directory_ignore_date_and_reject_tail_matches_stock_git	stock_git_oracle_test	docs/cli/matrices/am_v2_47.tsv:91	safe to skip unless parser/error behavior changes	repeated reject flags are accepted like stock Git and preserve the same reject-file contents, stderr diagnostics, active session state, and dirty status on the modeled conflict lane
matrix:5f46a9d9e81b2ac1	invalid-input parity	exact_invalid_input_variant	annotate	--reverse	HEAD..HEAD	same-start-and-end reverse range	tracked file	local	all	behavior matrix	git_history_query_compat::annotate_documented_option_family_matches_stock_git	stock_git_oracle_test	docs/cli/matrices/annotate_v2_47.tsv:16	safe to skip unless parser/error behavior changes	same-endpoint reverse range exits with the stock fatal annotate diagnostic
matrix:d8d109adbcbb5bdc	invalid-input parity	exact_invalid_input_variant	annotate	-h	<empty>	help output	no repository required	local	all	behavior matrix	git_history_query_compat::annotate_documented_option_family_matches_stock_git	stock_git_oracle_test	docs/cli/matrices/annotate_v2_47.tsv:24	safe to skip unless parser/error behavior changes	short help flag exits with stock annotate usage output
matrix:bad949463f82e924	invalid-input parity	exact_invalid_input_variant	apply	<none>	header-only patch	invalid stdin patch	tracked file repository	local	all	behavior matrix	git_apply_compat::apply_header_only_patch_failure_matches_stock_git	stock_git_oracle_test	docs/cli/matrices/apply_v2_47.tsv:23	safe to skip unless parser/error behavior changes	header-only diff input exits with stock No valid patches in input diagnostic
matrix:2db8a6afe41f5961	invalid-input parity	exact_invalid_input_variant	apply	--ours	<empty>	stdin patch	modified and deleted tracked paths in patch input	local	all	behavior matrix	git_apply_compat::apply_proof_only_option_surface_batch_matches_stock_git	stock_git_oracle_test	docs/cli/matrices/apply_v2_47.tsv:48	safe to skip unless parser/error behavior changes	ours is rejected with the stock fatal guard that requires 3way
matrix:92eb3abf0480ea24	invalid-input parity	exact_invalid_input_variant	apply	--theirs	<empty>	stdin patch	modified and deleted tracked paths in patch input	local	all	behavior matrix	git_apply_compat::apply_proof_only_option_surface_batch_matches_stock_git	stock_git_oracle_test	docs/cli/matrices/apply_v2_47.tsv:49	safe to skip unless parser/error behavior changes	theirs is rejected with the stock fatal guard that requires 3way
matrix:2243f83327cd9d99	invalid-input parity	exact_invalid_input_variant	apply	--union	<empty>	stdin patch	modified and deleted tracked paths in patch input	local	all	behavior matrix	git_apply_compat::apply_proof_only_option_surface_batch_matches_stock_git	stock_git_oracle_test	docs/cli/matrices/apply_v2_47.tsv:50	safe to skip unless parser/error behavior changes	union is rejected with the stock fatal guard that requires 3way
matrix:9783571dbd52ee74	invalid-input parity	exact_invalid_input_variant	apply	--inaccurate-eof	<empty>	stdin patch	tracked a.txt repository	local	all	behavior matrix	git_apply_compat::apply_documented_open_option_batch_matches_stock_git	stock_git_oracle_test	docs/cli/matrices/apply_v2_47.tsv:64	safe to skip unless parser/error behavior changes	inaccurate-eof matches the current stock failure on this helper-free tracked patch lane with the same patch does not apply diagnostics and unchanged repository state
matrix:0ae12faa58d8603d	invalid-input parity	exact_invalid_input_variant	apply	--inaccurate-eof	<empty>	stdin patch with repeated inaccurate-eof spellings	tracked a.txt repository	local	all	behavior matrix	git_apply_compat::apply_documented_open_option_batch_matches_stock_git	stock_git_oracle_test	docs/cli/matrices/apply_v2_47.tsv:65	safe to skip unless parser/error behavior changes	repeated inaccurate-eof spellings preserve the same stock patch-does-not-apply failure and unchanged repository state
matrix:cbc316b1769c6ee3	invalid-input parity	exact_invalid_input_variant	archive	--format	bad	invalid format value	local repository	local	all	behavior matrix	git_archive_compat::archive_matches_stock_git_for_zip_and_tgz_formats	stock_git_oracle_test	docs/cli/matrices/archive_v2_47.tsv:18	safe to skip unless parser/error behavior changes	unsupported archive format guard is classified as stock-compatible invalid input with exit code and fatal diagnostic parity
matrix:864495b4e4c2faad	invalid-input parity	exact_invalid_input_variant	bisect	visualize option	--bad	invalid log option	bisect session	local	all	behavior matrix	git_bisect_invalid_compat::bisect_visualize_unknown_option_matches_stock_git	stock_git_oracle_test	docs/cli/matrices/bisect_v2_47.tsv:2	safe to skip unless parser/error behavior changes	unknown visualize log option exits 128 with stock fatal diagnostic instead of a custom unsupported-option fatal diagnostic
matrix:9b9398db98cdd8ae	invalid-input parity	exact_invalid_input_variant	blame	-h	<empty>	help output	no repository required	local	all	behavior matrix	git_history_query_compat::blame_documented_option_family_matches_stock_git	stock_git_oracle_test	docs/cli/matrices/blame_v2_47.tsv:16	safe to skip unless parser/error behavior changes	short help flag exits 129 with stock blame usage output
matrix:a23fb385d9d869c8	invalid-input parity	exact_invalid_input_variant	blame	--reverse	HEAD..HEAD	same-start-and-end reverse range	tracked file	local	all	behavior matrix	git_history_query_compat::blame_documented_option_family_matches_stock_git	stock_git_oracle_test	docs/cli/matrices/blame_v2_47.tsv:66	safe to skip unless parser/error behavior changes	same-endpoint reverse range exits 128 with the stock fatal dig-up diagnostic
matrix:7664a30794eb4b3f	invalid-input parity	exact_invalid_input_variant	blame	--date	bogus	<path>	tracked file	local	all	behavior matrix	git_history_query_compat::blame_invalid_date_format_matches_stock_git	stock_git_oracle_test	docs/cli/matrices/blame_v2_47.tsv:67	safe to skip unless parser/error behavior changes	invalid blame date format exits 128 with stock fatal diagnostic instead of a custom unsupported-date fatal diagnostic
matrix:25f8b31e041c2092	invalid-input parity	exact_invalid_input_variant	blame	--bad	<empty>	<path>	tracked file	local	all	behavior matrix	git_history_query_compat::blame_unknown_option_matches_stock_git_usage	stock_git_oracle_test	docs/cli/matrices/blame_v2_47.tsv:68	safe to skip unless parser/error behavior changes	unknown blame option exits 129 with stock usage text instead of a custom unsupported-option fatal diagnostic
matrix:0af2491f10d68123	invalid-input parity	exact_invalid_input_variant	blame	-L	0	zero start line	tracked file	local	all	behavior matrix	git_history_query_compat::blame_zero_line_range_matches_stock_git_failure	stock_git_oracle_test	docs/cli/matrices/blame_v2_47.tsv:69	safe to skip unless parser/error behavior changes	zero line range start exits 128 with stock fatal invalid-line-number diagnostic instead of a custom unsupported-line-range fatal diagnostic
matrix:f897ae7a7de3bbca	invalid-input parity	exact_invalid_input_variant	blame	-L	1,0	zero end line	tracked file	local	all	behavior matrix	git_history_query_compat::blame_zero_line_range_matches_stock_git_failure	stock_git_oracle_test	docs/cli/matrices/blame_v2_47.tsv:70	safe to skip unless parser/error behavior changes	zero absolute range end exits 128 with stock fatal invalid-line-number diagnostic instead of a custom unsupported-line-range fatal diagnostic
matrix:0e24717eff48acc6	invalid-input parity	exact_invalid_input_variant	blame	-L	/one/,0	regex start with zero end line	tracked file	local	all	behavior matrix	git_history_query_compat::blame_zero_line_range_matches_stock_git_failure	stock_git_oracle_test	docs/cli/matrices/blame_v2_47.tsv:71	safe to skip unless parser/error behavior changes	regex-start range with zero absolute end exits 128 with stock fatal invalid-line-number diagnostic instead of succeeding
matrix:362639d7c7b9cfe9	invalid-input parity	exact_invalid_input_variant	blame	-L	1,+0	zero forward count	tracked file	local	all	behavior matrix	git_history_query_compat::blame_empty_line_range_matches_stock_git_failure	stock_git_oracle_test	docs/cli/matrices/blame_v2_47.tsv:72	safe to skip unless parser/error behavior changes	zero forward count exits 128 with stock fatal invalid-empty-range diagnostic instead of printing one blamed line
matrix:3254049ba6efe8ed	invalid-input parity	exact_invalid_input_variant	blame	-L	1,-0	zero backward count	tracked file	local	all	behavior matrix	git_history_query_compat::blame_empty_line_range_matches_stock_git_failure	stock_git_oracle_test	docs/cli/matrices/blame_v2_47.tsv:73	safe to skip unless parser/error behavior changes	zero backward count exits 128 with stock fatal invalid-empty-range diagnostic instead of printing one blamed line
matrix:9e54fbae672df425	invalid-input parity	exact_invalid_input_variant	blame	-L	/one/,+0	regex start with zero forward count	tracked file	local	all	behavior matrix	git_history_query_compat::blame_empty_line_range_matches_stock_git_failure	stock_git_oracle_test	docs/cli/matrices/blame_v2_47.tsv:74	safe to skip unless parser/error behavior changes	regex-start zero forward count exits 128 with stock fatal invalid-empty-range diagnostic instead of printing one blamed line
matrix:3945cc15cb24dffa	invalid-input parity	exact_invalid_input_variant	blame	-L	/one/,-0	regex start with zero backward count	tracked file	local	all	behavior matrix	git_history_query_compat::blame_empty_line_range_matches_stock_git_failure	stock_git_oracle_test	docs/cli/matrices/blame_v2_47.tsv:75	safe to skip unless parser/error behavior changes	regex-start zero backward count exits 128 with stock fatal invalid-empty-range diagnostic instead of printing one blamed line
matrix:8250b30b63017214	invalid-input parity	exact_invalid_input_variant	blame	-L	:missing	function name no match	tracked file	local	all	behavior matrix	git_history_query_compat::blame_missing_function_line_range_matches_stock_git_failure	stock_git_oracle_test	docs/cli/matrices/blame_v2_47.tsv:79	safe to skip unless parser/error behavior changes	missing function range exits 128 with stock fatal no-match diagnostic instead of a custom unsupported-line-range fatal diagnostic
matrix:260ddc8f3f4eeed2	invalid-input parity	exact_invalid_input_variant	blame	-L	/missing/	regex no match	tracked file	local	all	behavior matrix	git_history_query_compat::blame_missing_regex_line_range_matches_stock_git_failure	stock_git_oracle_test	docs/cli/matrices/blame_v2_47.tsv:80	safe to skip unless parser/error behavior changes	missing regex range exits 128 with stock fatal regexec no-match diagnostic instead of a custom unsupported-line-range fatal diagnostic
matrix:ad6cd9b99e18d8a1	invalid-input parity	exact_invalid_input_variant	blame	-L	2,/missing/	numeric start with end regex no match	tracked file	local	all	behavior matrix	git_history_query_compat::blame_missing_end_regex_line_ranges_match_stock_git_failure	stock_git_oracle_test	docs/cli/matrices/blame_v2_47.tsv:81	safe to skip unless parser/error behavior changes	numeric-start missing end regex exits 128 with stock fatal regexec no-match diagnostic from the next search line
matrix:7bffa59ad4ed2a08	invalid-input parity	exact_invalid_input_variant	blame	-L	/two/,/missing/	regex start with end regex no match	tracked file	local	all	behavior matrix	git_history_query_compat::blame_missing_end_regex_line_ranges_match_stock_git_failure	stock_git_oracle_test	docs/cli/matrices/blame_v2_47.tsv:82	safe to skip unless parser/error behavior changes	regex-start missing end regex exits 128 with stock fatal regexec no-match diagnostic from the next search line
matrix:add27565247c8da2	invalid-input parity	exact_invalid_input_variant	blame	-L	/[/	invalid start regex	tracked file	local	all	behavior matrix	git_history_query_compat::blame_invalid_regex_line_ranges_match_stock_git_failure	stock_git_oracle_test	docs/cli/matrices/blame_v2_47.tsv:83	safe to skip unless parser/error behavior changes	invalid start regex exits 128 with stock fatal unbalanced-brackets diagnostic instead of a custom unsupported-line-range fatal diagnostic
matrix:7fbdc04e18812346	invalid-input parity	exact_invalid_input_variant	blame	-L	1,/[/	numeric start with invalid end regex	tracked file	local	all	behavior matrix	git_history_query_compat::blame_invalid_regex_line_ranges_match_stock_git_failure	stock_git_oracle_test	docs/cli/matrices/blame_v2_47.tsv:84	safe to skip unless parser/error behavior changes	numeric-start invalid end regex exits 128 with stock fatal unbalanced-brackets diagnostic from the next search line
matrix:0c443db924784f2e	invalid-input parity	exact_invalid_input_variant	blame	-L	/[a-/	unbalanced bracket start regex	tracked file	local	all	behavior matrix	git_history_query_compat::blame_unbalanced_bracket_regex_line_ranges_match_stock_git_failure	stock_git_oracle_test	docs/cli/matrices/blame_v2_47.tsv:85	safe to skip unless parser/error behavior changes	unbalanced bracket start regex exits 128 with stock fatal unbalanced-brackets diagnostic instead of a custom unsupported-line-range fatal diagnostic
matrix:2884b9b5e97f68e9	invalid-input parity	exact_invalid_input_variant	blame	-L	1,/[a-/	numeric start with unbalanced bracket end regex	tracked file	local	all	behavior matrix	git_history_query_compat::blame_unbalanced_bracket_regex_line_ranges_match_stock_git_failure	stock_git_oracle_test	docs/cli/matrices/blame_v2_47.tsv:86	safe to skip unless parser/error behavior changes	numeric-start unbalanced bracket end regex exits 128 with stock fatal unbalanced-brackets diagnostic from the next search line
matrix:d1b71e67955039c6	invalid-input parity	exact_invalid_input_variant	blame	-L	/one/,/[a-/	regex start with unbalanced bracket end regex	tracked file	local	all	behavior matrix	git_history_query_compat::blame_unbalanced_bracket_regex_line_ranges_match_stock_git_failure	stock_git_oracle_test	docs/cli/matrices/blame_v2_47.tsv:87	safe to skip unless parser/error behavior changes	regex-start unbalanced bracket end regex exits 128 with stock fatal unbalanced-brackets diagnostic from the next search line
matrix:a44431ac7da5ee9c	invalid-input parity	exact_invalid_input_variant	blame	-L	/[z-a]/	reversed character class range start regex	tracked file	local	all	behavior matrix	git_history_query_compat::blame_invalid_character_range_regexes_match_stock_git_failure	stock_git_oracle_test	docs/cli/matrices/blame_v2_47.tsv:88	safe to skip unless parser/error behavior changes	reversed character class range exits 128 with stock invalid-character-range diagnostic instead of a custom unsupported-line-range fatal diagnostic
matrix:4eb5797d92d4126c	invalid-input parity	exact_invalid_input_variant	blame	-L	/[b-a]/	reversed character class adjacent range start regex	tracked file	local	all	behavior matrix	git_history_query_compat::blame_invalid_character_range_regexes_match_stock_git_failure	stock_git_oracle_test	docs/cli/matrices/blame_v2_47.tsv:89	safe to skip unless parser/error behavior changes	reversed adjacent character class range exits 128 with stock invalid-character-range diagnostic instead of a custom unsupported-line-range fatal diagnostic
matrix:1d5a4f1268d913df	invalid-input parity	exact_invalid_input_variant	blame	-L	/[a-b-c]/	multiple character class ranges	tracked file	local	all	behavior matrix	git_history_query_compat::blame_invalid_character_range_regexes_match_stock_git_failure	stock_git_oracle_test	docs/cli/matrices/blame_v2_47.tsv:90	safe to skip unless parser/error behavior changes	multiple active character class range operators exit 128 with stock invalid-character-range diagnostic instead of matching through Rust regex range handling
matrix:196009854822eca2	invalid-input parity	exact_invalid_input_variant	blame	-L	/[0-9-a]/	multiple character class ranges with digit span	tracked file	local	all	behavior matrix	git_history_query_compat::blame_invalid_character_range_regexes_match_stock_git_failure	stock_git_oracle_test	docs/cli/matrices/blame_v2_47.tsv:91	safe to skip unless parser/error behavior changes	digit span followed by another range operator exits 128 with stock invalid-character-range diagnostic instead of matching through Rust regex range handling
matrix:68881f42a10c9c1a	invalid-input parity	exact_invalid_input_variant	blame	-L	/[a--]/	range ending at literal hyphen	tracked file	local	all	behavior matrix	git_history_query_compat::blame_invalid_character_range_regexes_match_stock_git_failure	stock_git_oracle_test	docs/cli/matrices/blame_v2_47.tsv:92	safe to skip unless parser/error behavior changes	range ending at a second hyphen exits 128 with stock invalid-character-range diagnostic instead of matching through Rust regex range handling
matrix:7013dfb93d307d3c	invalid-input parity	exact_invalid_input_variant	blame	-L	/[[:digit:]-a]/	POSIX class as range start endpoint	tracked file	local	all	behavior matrix	git_history_query_compat::blame_invalid_character_range_regexes_match_stock_git_failure	stock_git_oracle_test	docs/cli/matrices/blame_v2_47.tsv:93	safe to skip unless parser/error behavior changes	POSIX character class used as a range endpoint exits 128 with stock invalid-character-range diagnostic instead of matching through Rust regex class support
matrix:e43a6cc00024b798	invalid-input parity	exact_invalid_input_variant	blame	-L	/[[:digit:]-[:alpha:]]/	POSIX classes as both range endpoints	tracked file	local	all	behavior matrix	git_history_query_compat::blame_invalid_character_range_regexes_match_stock_git_failure	stock_git_oracle_test	docs/cli/matrices/blame_v2_47.tsv:94	safe to skip unless parser/error behavior changes	POSIX character classes used as range endpoints exit 128 with stock invalid-character-range diagnostic instead of matching through Rust regex class support
matrix:cb04a52a33dddd7a	invalid-input parity	exact_invalid_input_variant	blame	-L	/[a-[:upper:]]/	POSIX class as range end endpoint	tracked file	local	all	behavior matrix	git_history_query_compat::blame_invalid_character_range_regexes_match_stock_git_failure	stock_git_oracle_test	docs/cli/matrices/blame_v2_47.tsv:95	safe to skip unless parser/error behavior changes	POSIX character class used as the upper range endpoint exits 128 with stock invalid-character-range diagnostic instead of matching through Rust regex class support
matrix:e1b9df5103801f92	invalid-input parity	exact_invalid_input_variant	blame	-L	/[[:word:]]/	unsupported POSIX word character class	tracked file	local	all	behavior matrix	git_history_query_compat::blame_invalid_posix_character_classes_match_stock_git_failure	stock_git_oracle_test	docs/cli/matrices/blame_v2_47.tsv:96	safe to skip unless parser/error behavior changes	unknown POSIX character class exits 128 with stock invalid-character-class diagnostic instead of matching every line through Rust regex class support
matrix:bff4b3d6e2fe6a6c	invalid-input parity	exact_invalid_input_variant	blame	-L	/[[:ascii:]]/	unsupported POSIX ascii character class	tracked file	local	all	behavior matrix	git_history_query_compat::blame_invalid_posix_character_classes_match_stock_git_failure	stock_git_oracle_test	docs/cli/matrices/blame_v2_47.tsv:97	safe to skip unless parser/error behavior changes	unknown POSIX character class exits 128 with stock invalid-character-class diagnostic instead of matching every line through Rust regex class support
matrix:73fa8f81b43586f2	invalid-input parity	exact_invalid_input_variant	blame	-L	/[[:bogus:]]/	unknown POSIX character class	tracked file	local	all	behavior matrix	git_history_query_compat::blame_invalid_posix_character_classes_match_stock_git_failure	stock_git_oracle_test	docs/cli/matrices/blame_v2_47.tsv:98	safe to skip unless parser/error behavior changes	unknown POSIX character class exits 128 with stock invalid-character-class diagnostic instead of matching every line through Rust regex class support
matrix:4c94ae23dcdc8a12	invalid-input parity	exact_invalid_input_variant	blame	-L	/[[:digit:][:bogus:]]/	unknown POSIX character class after valid class	tracked file	local	all	behavior matrix	git_history_query_compat::blame_invalid_posix_character_classes_match_stock_git_failure	stock_git_oracle_test	docs/cli/matrices/blame_v2_47.tsv:99	safe to skip unless parser/error behavior changes	unknown POSIX character class following a valid class exits 128 with stock invalid-character-class diagnostic instead of matching through Rust regex class support
matrix:2c052fa3e9cbfbf2	invalid-input parity	exact_invalid_input_variant	blame	-L	/[[:bogus:][:digit:]]/	unknown POSIX character class before valid class	tracked file	local	all	behavior matrix	git_history_query_compat::blame_invalid_posix_character_classes_match_stock_git_failure	stock_git_oracle_test	docs/cli/matrices/blame_v2_47.tsv:100	safe to skip unless parser/error behavior changes	unknown POSIX character class before a valid class exits 128 with stock invalid-character-class diagnostic instead of matching through Rust regex class support
matrix:0be2e6de884dc189	invalid-input parity	exact_invalid_input_variant	blame	-L	/[[:bogus:]/	unknown POSIX character class missing outer close	tracked file	local	all	behavior matrix	git_history_query_compat::blame_invalid_posix_character_classes_match_stock_git_failure	stock_git_oracle_test	docs/cli/matrices/blame_v2_47.tsv:101	safe to skip unless parser/error behavior changes	unknown POSIX character class exits 128 with stock invalid-character-class diagnostic even when the outer bracket expression is not closed
matrix:4cfdef95f048750e	invalid-input parity	exact_invalid_input_variant	blame	-L	/[[.bogus.]]/	invalid POSIX collating element	tracked file	local	all	behavior matrix	git_history_query_compat::blame_invalid_posix_collating_elements_match_stock_git_failure	stock_git_oracle_test	docs/cli/matrices/blame_v2_47.tsv:102	safe to skip unless parser/error behavior changes	multi-character collating element exits 128 with stock invalid-collating-element diagnostic instead of matching every line through Rust regex bracket syntax
matrix:5f43142dc1fb9228	invalid-input parity	exact_invalid_input_variant	blame	-L	/[[=bogus=]]/	invalid POSIX equivalence element	tracked file	local	all	behavior matrix	git_history_query_compat::blame_invalid_posix_collating_elements_match_stock_git_failure	stock_git_oracle_test	docs/cli/matrices/blame_v2_47.tsv:103	safe to skip unless parser/error behavior changes	multi-character equivalence element exits 128 with stock invalid-collating-element diagnostic instead of matching every line through Rust regex bracket syntax
matrix:bf19474042135597	invalid-input parity	exact_invalid_input_variant	blame	-L	/[[.ch.]]/	invalid POSIX multi-character collating element	tracked file	local	all	behavior matrix	git_history_query_compat::blame_invalid_posix_collating_elements_match_stock_git_failure	stock_git_oracle_test	docs/cli/matrices/blame_v2_47.tsv:104	safe to skip unless parser/error behavior changes	multi-character collating element exits 128 with stock invalid-collating-element diagnostic instead of matching every line through Rust regex bracket syntax
matrix:811081a310e924ee	invalid-input parity	exact_invalid_input_variant	blame	-L	/[]/	empty character class start regex	tracked file	local	all	behavior matrix	git_history_query_compat::blame_empty_character_class_regexes_match_stock_git_failure	stock_git_oracle_test	docs/cli/matrices/blame_v2_47.tsv:105	safe to skip unless parser/error behavior changes	empty character class exits 128 with stock unbalanced-brackets diagnostic instead of a custom unsupported-line-range fatal diagnostic
matrix:fe34da7231137ef2	invalid-input parity	exact_invalid_input_variant	blame	-L	/[^]/	empty negated character class start regex	tracked file	local	all	behavior matrix	git_history_query_compat::blame_empty_character_class_regexes_match_stock_git_failure	stock_git_oracle_test	docs/cli/matrices/blame_v2_47.tsv:106	safe to skip unless parser/error behavior changes	empty negated character class exits 128 with stock unbalanced-brackets diagnostic instead of a custom unsupported-line-range fatal diagnostic
matrix:68bb08e4200a4774	invalid-input parity	exact_invalid_input_variant	blame	-L	:	empty function range	tracked file	local	all	behavior matrix	git_history_query_compat::blame_empty_function_and_regex_ranges_match_stock_git_usage	stock_git_oracle_test	docs/cli/matrices/blame_v2_47.tsv:107	safe to skip unless parser/error behavior changes	empty function range exits 129 with stock usage text instead of a custom unsupported-line-range fatal diagnostic
matrix:335a9a764db3ae36	invalid-input parity	exact_invalid_input_variant	blame	-L	/	empty regex delimiter	tracked file	local	all	behavior matrix	git_history_query_compat::blame_empty_function_and_regex_ranges_match_stock_git_usage	stock_git_oracle_test	docs/cli/matrices/blame_v2_47.tsv:108	safe to skip unless parser/error behavior changes	empty regex delimiter exits 129 with stock usage text instead of a custom unsupported-line-range fatal diagnostic
matrix:140fbc12f73d718e	invalid-input parity	exact_invalid_input_variant	blame	-L	abc	malformed numeric start	tracked file	local	all	behavior matrix	git_history_query_compat::blame_malformed_numeric_line_ranges_match_stock_git_usage	stock_git_oracle_test	docs/cli/matrices/blame_v2_47.tsv:109	safe to skip unless parser/error behavior changes	malformed numeric start exits 129 with stock usage text instead of a custom unsupported-line-range fatal diagnostic
matrix:2cbbcce2d4dda324	invalid-input parity	exact_invalid_input_variant	blame	-L	1,abc	malformed numeric end	tracked file	local	all	behavior matrix	git_history_query_compat::blame_malformed_numeric_line_ranges_match_stock_git_usage	stock_git_oracle_test	docs/cli/matrices/blame_v2_47.tsv:110	safe to skip unless parser/error behavior changes	malformed numeric end exits 129 with stock usage text instead of a custom unsupported-line-range fatal diagnostic
matrix:9cbfe6f4d0ee150e	invalid-input parity	exact_invalid_input_variant	blame	-L	1,+abc	malformed forward count	tracked file	local	all	behavior matrix	git_history_query_compat::blame_malformed_count_line_ranges_match_stock_git_usage	stock_git_oracle_test	docs/cli/matrices/blame_v2_47.tsv:111	safe to skip unless parser/error behavior changes	malformed forward count exits 129 with stock usage text instead of a custom unsupported-line-range fatal diagnostic
matrix:a246ead5f7962f4b	invalid-input parity	exact_invalid_input_variant	blame	-L	1,-abc	malformed backward count	tracked file	local	all	behavior matrix	git_history_query_compat::blame_malformed_count_line_ranges_match_stock_git_usage	stock_git_oracle_test	docs/cli/matrices/blame_v2_47.tsv:112	safe to skip unless parser/error behavior changes	malformed backward count exits 129 with stock usage text instead of a custom unsupported-line-range fatal diagnostic
matrix:782ba3da3f5a1a2f	invalid-input parity	exact_invalid_input_variant	blame	-L	/one/,+abc	regex start with malformed forward count	tracked file	local	all	behavior matrix	git_history_query_compat::blame_malformed_count_line_ranges_match_stock_git_usage	stock_git_oracle_test	docs/cli/matrices/blame_v2_47.tsv:113	safe to skip unless parser/error behavior changes	regex-start malformed forward count exits 129 with stock usage text instead of a custom unsupported-line-range fatal diagnostic
matrix:27b23bacc67c5de1	invalid-input parity	exact_invalid_input_variant	blame	-L	/one	unterminated start regex	tracked file	local	all	behavior matrix	git_history_query_compat::blame_unterminated_regex_line_ranges_match_stock_git_usage	stock_git_oracle_test	docs/cli/matrices/blame_v2_47.tsv:114	safe to skip unless parser/error behavior changes	unterminated start regex exits 129 with stock usage text instead of a custom unsupported-line-range fatal diagnostic
matrix:3faa346c932cfe8f	invalid-input parity	exact_invalid_input_variant	blame	-L	1,/one	numeric start with unterminated end regex	tracked file	local	all	behavior matrix	git_history_query_compat::blame_unterminated_regex_line_ranges_match_stock_git_usage	stock_git_oracle_test	docs/cli/matrices/blame_v2_47.tsv:115	safe to skip unless parser/error behavior changes	numeric-start unterminated end regex exits 129 with stock usage text instead of a custom unsupported-line-range fatal diagnostic
matrix:003860c9c3226902	invalid-input parity	exact_invalid_input_variant	blame	-L	1,//	numeric start with empty end regex	tracked file	local	all	behavior matrix	git_history_query_compat::blame_empty_end_regex_line_ranges_match_stock_git_failure	stock_git_oracle_test	docs/cli/matrices/blame_v2_47.tsv:116	safe to skip unless parser/error behavior changes	numeric-start empty end regex exits 128 with stock empty-subexpression diagnostic instead of a custom unsupported-line-range fatal diagnostic
matrix:225528bcd743212e	invalid-input parity	exact_invalid_input_variant	blame	-L	/one/,//	regex start with empty end regex	tracked file	local	all	behavior matrix	git_history_query_compat::blame_empty_end_regex_line_ranges_match_stock_git_failure	stock_git_oracle_test	docs/cli/matrices/blame_v2_47.tsv:117	safe to skip unless parser/error behavior changes	regex-start empty end regex exits 128 with stock empty-subexpression diagnostic from the next search line
matrix:9e3894296132e46a	invalid-input parity	exact_invalid_input_variant	blame	-L	//	empty start regex	tracked file	local	all	behavior matrix	git_history_query_compat::blame_empty_start_regex_line_ranges_match_stock_git_failure	stock_git_oracle_test	docs/cli/matrices/blame_v2_47.tsv:118	safe to skip unless parser/error behavior changes	empty start regex exits 128 with stock empty-subexpression diagnostic instead of a custom unsupported-line-range fatal diagnostic
matrix:36e07e6b365181f5	invalid-input parity	exact_invalid_input_variant	blame	-L	//,+1	empty start regex with forward count	tracked file	local	all	behavior matrix	git_history_query_compat::blame_empty_start_regex_line_ranges_match_stock_git_failure	stock_git_oracle_test	docs/cli/matrices/blame_v2_47.tsv:119	safe to skip unless parser/error behavior changes	empty start regex with forward count exits 128 with stock empty-subexpression diagnostic instead of a custom unsupported-line-range fatal diagnostic
matrix:55e4cbf3bd01cac2	invalid-input parity	exact_invalid_input_variant	blame	-L	^//	caret search with empty start regex	tracked file	local	all	behavior matrix	git_history_query_compat::blame_empty_start_regex_line_ranges_match_stock_git_failure	stock_git_oracle_test	docs/cli/matrices/blame_v2_47.tsv:120	safe to skip unless parser/error behavior changes	caret empty start regex exits 128 with stock empty-subexpression diagnostic instead of a custom unsupported-line-range fatal diagnostic
matrix:e833e5dfaca774b7	invalid-input parity	exact_invalid_input_variant	blame	-L	/one/+1	regex start with count suffix missing comma	tracked file	local	all	behavior matrix	git_history_query_compat::blame_regex_line_ranges_require_comma_before_suffix_like_stock_git	stock_git_oracle_test	docs/cli/matrices/blame_v2_47.tsv:121	safe to skip unless parser/error behavior changes	regex start with forward count suffix but no comma exits 129 with stock usage text instead of blaming the matched line
matrix:1564a687079d23c6	invalid-input parity	exact_invalid_input_variant	blame	-L	/one/2	regex start with absolute suffix missing comma	tracked file	local	all	behavior matrix	git_history_query_compat::blame_regex_line_ranges_require_comma_before_suffix_like_stock_git	stock_git_oracle_test	docs/cli/matrices/blame_v2_47.tsv:122	safe to skip unless parser/error behavior changes	regex start with absolute line suffix but no comma exits 129 with stock usage text instead of blaming through the suffix line
matrix:452d23f33038503d	invalid-input parity	exact_invalid_input_variant	blame	-L	/one//two/	regex start with end regex missing comma	tracked file	local	all	behavior matrix	git_history_query_compat::blame_regex_line_ranges_require_comma_before_suffix_like_stock_git	stock_git_oracle_test	docs/cli/matrices/blame_v2_47.tsv:123	safe to skip unless parser/error behavior changes	regex start with end-regex suffix but no comma exits 129 with stock usage text instead of treating the suffix as an end regex
matrix:a9e9b157431ad623	invalid-input parity	exact_invalid_input_variant	blame	-L	1,/two/3	numeric start with end regex absolute suffix	tracked file	local	all	behavior matrix	git_history_query_compat::blame_end_regex_line_ranges_reject_suffix_like_stock_git	stock_git_oracle_test	docs/cli/matrices/blame_v2_47.tsv:124	safe to skip unless parser/error behavior changes	numeric-start end regex with absolute suffix exits 129 with stock usage text instead of a custom unsupported-line-range fatal diagnostic
matrix:8ca02b21476da2ea	invalid-input parity	exact_invalid_input_variant	blame	-L	1,/two/+1	numeric start with end regex count suffix	tracked file	local	all	behavior matrix	git_history_query_compat::blame_end_regex_line_ranges_reject_suffix_like_stock_git	stock_git_oracle_test	docs/cli/matrices/blame_v2_47.tsv:125	safe to skip unless parser/error behavior changes	numeric-start end regex with forward-count suffix exits 129 with stock usage text instead of a custom unsupported-line-range fatal diagnostic
matrix:8bdc2728be529d1d	invalid-input parity	exact_invalid_input_variant	blame	-L	1,/two//four/	numeric start with end regex regex suffix	tracked file	local	all	behavior matrix	git_history_query_compat::blame_end_regex_line_ranges_reject_suffix_like_stock_git	stock_git_oracle_test	docs/cli/matrices/blame_v2_47.tsv:126	safe to skip unless parser/error behavior changes	numeric-start end regex with regex suffix exits 129 with stock usage text instead of a custom unsupported-line-range fatal diagnostic
matrix:23464f0fcfb30b77	invalid-input parity	exact_invalid_input_variant	blame	-L	/one/,/two/3	regex start with end regex absolute suffix	tracked file	local	all	behavior matrix	git_history_query_compat::blame_end_regex_line_ranges_reject_suffix_like_stock_git	stock_git_oracle_test	docs/cli/matrices/blame_v2_47.tsv:127	safe to skip unless parser/error behavior changes	regex-start end regex with absolute suffix exits 129 with stock usage text instead of a custom unsupported-line-range fatal diagnostic
matrix:5c97c3c20390a2d0	invalid-input parity	exact_invalid_input_variant	blame	-L	/one/,/two/+1	regex start with end regex count suffix	tracked file	local	all	behavior matrix	git_history_query_compat::blame_end_regex_line_ranges_reject_suffix_like_stock_git	stock_git_oracle_test	docs/cli/matrices/blame_v2_47.tsv:128	safe to skip unless parser/error behavior changes	regex-start end regex with forward-count suffix exits 129 with stock usage text instead of a custom unsupported-line-range fatal diagnostic
matrix:529eb89c0a87e3b2	invalid-input parity	exact_invalid_input_variant	blame	-L	/one/,/two//four/	regex start with end regex regex suffix	tracked file	local	all	behavior matrix	git_history_query_compat::blame_end_regex_line_ranges_reject_suffix_like_stock_git	stock_git_oracle_test	docs/cli/matrices/blame_v2_47.tsv:129	safe to skip unless parser/error behavior changes	regex-start end regex with regex suffix exits 129 with stock usage text instead of a custom unsupported-line-range fatal diagnostic
matrix:b4544a017f59f25b	invalid-input parity	exact_invalid_input_variant	blame	-L	/\(/	BRE escaped grouping missing close	tracked file	local	all	behavior matrix	git_history_query_compat::blame_basic_regex_unbalanced_grouping_matches_stock_git_failure	stock_git_oracle_test	docs/cli/matrices/blame_v2_47.tsv:141	safe to skip unless parser/error behavior changes	escaped opening parenthesis without a matching escaped close exits 128 with stock parentheses-not-balanced diagnostic instead of a custom unsupported-line-range fatal diagnostic
matrix:3dc968a9b2f7a6ab	invalid-input parity	exact_invalid_input_variant	blame	-L	/\)/	BRE escaped grouping missing open	tracked file	local	all	behavior matrix	git_history_query_compat::blame_basic_regex_unbalanced_grouping_matches_stock_git_failure	stock_git_oracle_test	docs/cli/matrices/blame_v2_47.tsv:142	safe to skip unless parser/error behavior changes	escaped closing parenthesis without a matching escaped open exits 128 with stock parentheses-not-balanced diagnostic instead of a custom unsupported-line-range fatal diagnostic
matrix:02238bb3193e1f8a	invalid-input parity	exact_invalid_input_variant	blame	-L	/x\(y/	BRE escaped grouping unclosed after literal	tracked file	local	all	behavior matrix	git_history_query_compat::blame_basic_regex_unbalanced_grouping_matches_stock_git_failure	stock_git_oracle_test	docs/cli/matrices/blame_v2_47.tsv:143	safe to skip unless parser/error behavior changes	escaped group that reaches the end of the regex exits 128 with stock parentheses-not-balanced diagnostic instead of a custom unsupported-line-range fatal diagnostic
matrix:1759872c94dd342c	invalid-input parity	exact_invalid_input_variant	blame	-L	/x\)y/	BRE escaped grouping close before open after literal	tracked file	local	all	behavior matrix	git_history_query_compat::blame_basic_regex_unbalanced_grouping_matches_stock_git_failure	stock_git_oracle_test	docs/cli/matrices/blame_v2_47.tsv:144	safe to skip unless parser/error behavior changes	escaped closing parenthesis before any escaped open exits 128 with stock parentheses-not-balanced diagnostic instead of a custom unsupported-line-range fatal diagnostic
matrix:4ea5ebd6466005c7	invalid-input parity	exact_invalid_input_variant	blame	-L	/\1/	BRE backreference without group	tracked file	local	all	behavior matrix	git_history_query_compat::blame_basic_regex_invalid_backreferences_match_stock_git_failure	stock_git_oracle_test	docs/cli/matrices/blame_v2_47.tsv:145	safe to skip unless parser/error behavior changes	backreference without a preceding captured group exits 128 with stock invalid-backreference-number diagnostic instead of a custom unsupported-line-range fatal diagnostic
matrix:b805c6eb59dd4421	invalid-input parity	exact_invalid_input_variant	blame	-L	/x\1/	BRE backreference after literal without group	tracked file	local	all	behavior matrix	git_history_query_compat::blame_basic_regex_invalid_backreferences_match_stock_git_failure	stock_git_oracle_test	docs/cli/matrices/blame_v2_47.tsv:146	safe to skip unless parser/error behavior changes	backreference after a literal without a preceding captured group exits 128 with stock invalid-backreference-number diagnostic instead of a custom unsupported-line-range fatal diagnostic
matrix:14593109c4eaa61f	invalid-input parity	exact_invalid_input_variant	blame	-L	/\(x\)\2/	BRE backreference to missing group	tracked file	local	all	behavior matrix	git_history_query_compat::blame_basic_regex_invalid_backreferences_match_stock_git_failure	stock_git_oracle_test	docs/cli/matrices/blame_v2_47.tsv:147	safe to skip unless parser/error behavior changes	backreference to an unavailable group exits 128 with stock invalid-backreference-number diagnostic instead of a custom unsupported-line-range fatal diagnostic
matrix:01540f8029f2c716	invalid-input parity	exact_invalid_input_variant	blame	-L	/(/	BRE literal open paren no match	tracked file without literal	local	all	behavior matrix	git_history_query_compat::blame_basic_regex_literal_metacharacters_no_match_like_stock_git	stock_git_oracle_test	docs/cli/matrices/blame_v2_47.tsv:150	safe to skip unless parser/error behavior changes	plain open paren is a literal in stock Git basic regex mode and exits 128 with stock no-match diagnostic when absent
matrix:08b58ba5e659d41b	invalid-input parity	exact_invalid_input_variant	blame	-L	/{/	BRE literal open brace no match	tracked file without literal	local	all	behavior matrix	git_history_query_compat::blame_basic_regex_literal_metacharacters_no_match_like_stock_git	stock_git_oracle_test	docs/cli/matrices/blame_v2_47.tsv:151	safe to skip unless parser/error behavior changes	plain open brace is a literal in stock Git basic regex mode and exits 128 with stock no-match diagnostic when absent
matrix:c5f62618e89c5226	invalid-input parity	exact_invalid_input_variant	blame	-L	/z+/	BRE literal plus no match	tracked file without literal	local	all	behavior matrix	git_history_query_compat::blame_basic_regex_literal_metacharacters_no_match_like_stock_git	stock_git_oracle_test	docs/cli/matrices/blame_v2_47.tsv:152	safe to skip unless parser/error behavior changes	plain plus is a literal in stock Git basic regex mode and exits 128 with stock no-match diagnostic when absent
matrix:025a944d4f451f75	invalid-input parity	exact_invalid_input_variant	blame	-L	/z?/	BRE literal question no match	tracked file without literal	local	all	behavior matrix	git_history_query_compat::blame_basic_regex_literal_metacharacters_no_match_like_stock_git	stock_git_oracle_test	docs/cli/matrices/blame_v2_47.tsv:153	safe to skip unless parser/error behavior changes	plain question mark is a literal in stock Git basic regex mode and exits 128 with stock no-match diagnostic when absent instead of matching every line
matrix:9f5828088068f0c4	invalid-input parity	exact_invalid_input_variant	blame	-L	/z|/	BRE literal pipe no match	tracked file without literal	local	all	behavior matrix	git_history_query_compat::blame_basic_regex_literal_metacharacters_no_match_like_stock_git	stock_git_oracle_test	docs/cli/matrices/blame_v2_47.tsv:154	safe to skip unless parser/error behavior changes	plain pipe is a literal in stock Git basic regex mode and exits 128 with stock no-match diagnostic when absent instead of matching every line
matrix:3a0096eae06ad476	invalid-input parity	exact_invalid_input_variant	blame	-L	/*/	BRE leading star literal no match	tracked file without literal	local	all	behavior matrix	git_history_query_compat::blame_basic_regex_literal_metacharacters_no_match_like_stock_git	stock_git_oracle_test	docs/cli/matrices/blame_v2_47.tsv:155	safe to skip unless parser/error behavior changes	leading star is a literal in stock Git basic regex mode and exits 128 with stock no-match diagnostic when absent instead of failing regex compilation
matrix:330c6c3263a530e4	invalid-input parity	exact_invalid_input_variant	blame	-L	/q\(r\)/	BRE escaped grouping no match	tracked file without grouped text	local	all	behavior matrix	git_history_query_compat::blame_basic_regex_literal_metacharacters_no_match_like_stock_git	stock_git_oracle_test	docs/cli/matrices/blame_v2_47.tsv:156	safe to skip unless parser/error behavior changes	escaped parentheses are grouping operators in stock Git basic regex mode and exit 128 with stock no-match diagnostics when the group is absent
matrix:13174a2b143e221a	invalid-input parity	exact_invalid_input_variant	blame	-L	/q\{2\}/	BRE escaped exact interval no match	tracked file without repeated letter	local	all	behavior matrix	git_history_query_compat::blame_basic_regex_literal_metacharacters_no_match_like_stock_git	stock_git_oracle_test	docs/cli/matrices/blame_v2_47.tsv:157	safe to skip unless parser/error behavior changes	escaped braces form an exact-count interval in stock Git basic regex mode and exit 128 with stock no-match diagnostics when the repeated-letter match is absent
matrix:90493e804bc9ed23	invalid-input parity	exact_invalid_input_variant	blame	-L	/\{/	BRE escaped interval missing count	tracked file	local	all	behavior matrix	git_history_query_compat::blame_basic_regex_invalid_intervals_match_stock_git_failure	stock_git_oracle_test	docs/cli/matrices/blame_v2_47.tsv:158	safe to skip unless parser/error behavior changes	escaped opening brace without a complete interval exits 128 with stock braces-not-balanced diagnostic instead of a custom unsupported-line-range fatal diagnostic
matrix:980b9ee207be0328	invalid-input parity	exact_invalid_input_variant	blame	-L	/a\{x\}/	BRE escaped interval nonnumeric count	tracked file	local	all	behavior matrix	git_history_query_compat::blame_basic_regex_invalid_intervals_match_stock_git_failure	stock_git_oracle_test	docs/cli/matrices/blame_v2_47.tsv:159	safe to skip unless parser/error behavior changes	escaped interval with nonnumeric count exits 128 with stock invalid-repetition-count diagnostic instead of a custom unsupported-line-range fatal diagnostic
matrix:ebbdae48640b3052	invalid-input parity	exact_invalid_input_variant	blame	-L	/a\{2/	BRE escaped interval missing close	tracked file	local	all	behavior matrix	git_history_query_compat::blame_basic_regex_invalid_intervals_match_stock_git_failure	stock_git_oracle_test	docs/cli/matrices/blame_v2_47.tsv:160	safe to skip unless parser/error behavior changes	escaped interval missing the closing escaped brace exits 128 with stock braces-not-balanced diagnostic instead of a custom unsupported-line-range fatal diagnostic
matrix:4365567adb35a7eb	invalid-input parity	exact_invalid_input_variant	blame	-L	/a\{,2\}/	BRE escaped interval missing minimum	tracked file	local	all	behavior matrix	git_history_query_compat::blame_basic_regex_invalid_intervals_match_stock_git_failure	stock_git_oracle_test	docs/cli/matrices/blame_v2_47.tsv:161	safe to skip unless parser/error behavior changes	escaped interval missing the minimum count exits 128 with stock invalid-repetition-count diagnostic instead of a custom unsupported-line-range fatal diagnostic
matrix:2c819974338e45de	invalid-input parity	exact_invalid_input_variant	blame	-L	/a\{3,2\}/	BRE escaped interval reversed count range	tracked file	local	all	behavior matrix	git_history_query_compat::blame_basic_regex_invalid_intervals_match_stock_git_failure	stock_git_oracle_test	docs/cli/matrices/blame_v2_47.tsv:162	safe to skip unless parser/error behavior changes	escaped interval with minimum greater than maximum exits 128 with stock invalid-repetition-count diagnostic instead of a custom unsupported-line-range fatal diagnostic
matrix:5e4a635c92dea1f0	invalid-input parity	exact_invalid_input_variant	branch	--recurse-submodules	recurse_branch	missing submodule.propagateBranches config	linear history on main	local	all	behavior matrix	tools/git-schema-parser-oracle-smoke.sh::branch_recurse_submodules_requires_config	real_tool_trace	docs/cli/matrices/branch_v2_47.tsv:34	safe to skip unless parser/error behavior changes	recurse-submodules without submodule.propagateBranches exits 128 with stock fatal diagnostic and leaves refs/config unchanged
matrix:d70954bd7520d6f6	invalid-input parity	exact_invalid_input_variant	branch	--copy	feature copydst	duplicate copy target	linear history with existing copy target	local	all	behavior matrix	tools/git-schema-parser-oracle-smoke.sh::branch_copy_duplicate_long	real_tool_trace	docs/cli/matrices/branch_v2_47.tsv:55	safe to skip unless parser/error behavior changes	duplicate copy target failure matches stock exit, stdout/stderr, refs and config
matrix:ec52d166f890e879	invalid-input parity	exact_invalid_input_variant	branch	--contains	missing	<none>	missing revision	local	all	behavior matrix	git_refs_compat::branch_contains_merged_and_no_merged_match_stock_git	stock_git_oracle_test	docs/cli/matrices/branch_v2_47.tsv:75	safe to skip unless parser/error behavior changes	missing contains revision failure matches stock Git primary diagnostic
matrix:298e1fa12e84564f	invalid-input parity	exact_invalid_input_variant	branch	--merged	missing	<none>	missing revision	local	all	behavior matrix	git_refs_compat::branch_contains_merged_and_no_merged_match_stock_git	stock_git_oracle_test	docs/cli/matrices/branch_v2_47.tsv:76	safe to skip unless parser/error behavior changes	missing merged revision failure matches stock Git primary diagnostic
matrix:43d93960a3899288	invalid-input parity	exact_invalid_input_variant	branch	--no-merged	missing	<none>	missing revision	local	all	behavior matrix	git_refs_compat::branch_contains_merged_and_no_merged_match_stock_git	stock_git_oracle_test	docs/cli/matrices/branch_v2_47.tsv:77	safe to skip unless parser/error behavior changes	missing no-merged revision failure matches stock Git primary diagnostic
matrix:eca60d74ce181904	invalid-input parity	exact_invalid_input_variant	branch	--rebase-merges	<empty>	unknown option	linear history on main	local	all	behavior matrix	tools/git-branch-schema-oracle-smoke.sh::branch_invalid_rebase_merges	real_tool_trace	docs/cli/matrices/branch_v2_47.tsv:78	safe to skip unless parser/error behavior changes	rejects unknown rebase-merges option with stock exit 129, empty stdout, exact usage stderr and unchanged status/index
matrix:85bfb420b919c07f	invalid-input parity	exact_invalid_input_variant	branch	-b	<empty>	unknown switch	linear history on main	local	all	behavior matrix	tools/git-branch-schema-oracle-smoke.sh::branch_invalid_short_b	real_tool_trace	docs/cli/matrices/branch_v2_47.tsv:79	safe to skip unless parser/error behavior changes	rejects unknown short b switch with stock exit 129, empty stdout, exact usage stderr and unchanged status/index
matrix:313922977f4278aa	invalid-input parity	exact_invalid_input_variant	branch	--set-upstream-to	missing	<none>	missing upstream ref	local	all	behavior matrix	git_cli_failure_compat::invalid_option_combinations_match_stock_git_failures	stock_git_oracle_test	docs/cli/matrices/branch_v2_47.tsv:80	safe to skip unless parser/error behavior changes	missing upstream failure shape matches stock Git
matrix:4546d1954587cbb1	invalid-input parity	exact_invalid_input_variant	branch	--set-upstream	feature HEAD	deprecated set upstream spelling	linear history with feature branch	local	all	behavior matrix	tools/git-branch-schema-oracle-smoke.sh::branch_invalid_set_upstream	real_tool_trace	docs/cli/matrices/branch_v2_47.tsv:81	safe to skip unless parser/error behavior changes	rejects deprecated set-upstream option with stock exit 128, empty stdout, exact fatal stderr and unchanged status/index
matrix:9be1a28a8c3be130	invalid-input parity	exact_invalid_input_variant	branch	--set-upstream-to	origin/missing	<none>	missing remote-tracking ref	local	all	behavior matrix	git_cli_failure_compat::invalid_option_combinations_match_stock_git_failures	stock_git_oracle_test	docs/cli/matrices/branch_v2_47.tsv:85	safe to skip unless parser/error behavior changes	missing remote upstream failure shape matches stock Git
matrix:fd35e646e46206a5	invalid-input parity	exact_invalid_input_variant	branch	--unset-upstream	<empty>	<none>	branch without upstream	local	all	behavior matrix	git_cli_failure_compat::invalid_option_combinations_match_stock_git_failures	stock_git_oracle_test	docs/cli/matrices/branch_v2_47.tsv:86	safe to skip unless parser/error behavior changes	unset-upstream without upstream failure matches stock Git
matrix:342686dfa227aa08	invalid-input parity	exact_invalid_input_variant	branch	--unset-upstream	missingbranch	<none>	missing branch	local	all	behavior matrix	git_cli_failure_compat::invalid_option_combinations_match_stock_git_failures	stock_git_oracle_test	docs/cli/matrices/branch_v2_47.tsv:87	safe to skip unless parser/error behavior changes	unset-upstream missing branch failure matches stock Git
matrix:885a0badcb620e43	invalid-input parity	exact_invalid_input_variant	branch	-d	<missing args>	<none>	branch delete usage error	local	all	behavior matrix	git_cli_failure_compat::invalid_option_combinations_match_stock_git_failures	stock_git_oracle_test	docs/cli/matrices/branch_v2_47.tsv:88	safe to skip unless parser/error behavior changes	delete without branch operand failure matches stock Git
matrix:6989c83dfd95d30a	invalid-input parity	exact_invalid_input_variant	branch	-d	main	missing	mixed existing and missing branch	local	all	behavior matrix	git_cli_failure_compat::invalid_option_combinations_match_stock_git_failures	stock_git_oracle_test	docs/cli/matrices/branch_v2_47.tsv:89	safe to skip unless parser/error behavior changes	delete with missing branch failure matches stock Git
matrix:7e1479b25b84cf64	invalid-input parity	exact_invalid_input_variant	branch	-m	missing new	<none>	missing source branch	local	all	behavior matrix	git_cli_failure_compat::invalid_option_combinations_match_stock_git_failures	stock_git_oracle_test	docs/cli/matrices/branch_v2_47.tsv:90	safe to skip unless parser/error behavior changes	move missing source failure matches stock Git
matrix:70ef1f456b19a8c0	invalid-input parity	exact_invalid_input_variant	branch	-M	missing new	<none>	missing source branch	local	all	behavior matrix	git_cli_failure_compat::invalid_option_combinations_match_stock_git_failures	stock_git_oracle_test	docs/cli/matrices/branch_v2_47.tsv:91	safe to skip unless parser/error behavior changes	forced move missing source failure matches stock Git
matrix:286106934904a637	invalid-input parity	exact_invalid_input_variant	branch	-m	main bad..name	<none>	invalid branch name	local	all	behavior matrix	git_cli_failure_compat::invalid_option_combinations_match_stock_git_failures	stock_git_oracle_test	docs/cli/matrices/branch_v2_47.tsv:92	safe to skip unless parser/error behavior changes	move to invalid branch name failure matches stock Git
matrix:b73cd39e6917f015	invalid-input parity	exact_invalid_input_variant	branch	-c	main main	<none>	duplicate copy target	local	all	behavior matrix	git_cli_failure_compat::invalid_option_combinations_match_stock_git_failures	stock_git_oracle_test	docs/cli/matrices/branch_v2_47.tsv:93	safe to skip unless parser/error behavior changes	copy to existing branch failure matches stock Git
matrix:e4674065adea45d5	invalid-input parity	exact_invalid_input_variant	bundle	--version	1	--quiet create HEAD	committed repo	local	all	behavior matrix	git_pack_integrity_compat::bundle_create_version_values_match_stock_git	stock_git_oracle_test	docs/cli/matrices/bundle_v2_47.tsv:36	safe to skip unless parser/error behavior changes	unsupported version 1 stays a stock fatal even when combined with quiet
matrix:81ff0089694bd46b	invalid-input parity	exact_invalid_input_variant	bundle	--quiet	<empty>	--version=1 create HEAD	committed repo	local	all	behavior matrix	git_pack_integrity_compat::bundle_create_version_values_match_stock_git	stock_git_oracle_test	docs/cli/matrices/bundle_v2_47.tsv:37	safe to skip unless parser/error behavior changes	quiet before unsupported version 1 keeps the same stock fatal
matrix:3276ff8c766a0df7	invalid-input parity	exact_invalid_input_variant	bundle	-q	<empty>	--version=1 create HEAD	committed repo	local	all	behavior matrix	git_pack_integrity_compat::bundle_create_version_values_match_stock_git	stock_git_oracle_test	docs/cli/matrices/bundle_v2_47.tsv:38	safe to skip unless parser/error behavior changes	short quiet alias keeps the same stock fatal for unsupported version 1
matrix:a9ee12b4f9d11dca	invalid-input parity	exact_invalid_input_variant	bundle	--version	1	-q create HEAD	committed repo	local	all	behavior matrix	git_pack_integrity_compat::bundle_create_version_values_match_stock_git	stock_git_oracle_test	docs/cli/matrices/bundle_v2_47.tsv:39	safe to skip unless parser/error behavior changes	unsupported version 1 before short quiet alias keeps the same stock fatal
matrix:f07493b67326b7c7	invalid-input parity	exact_invalid_input_variant	bundle	--version	1	--no-quiet create HEAD	committed repo	local	all	behavior matrix	git_pack_integrity_compat::bundle_create_version_values_match_stock_git	stock_git_oracle_test	docs/cli/matrices/bundle_v2_47.tsv:40	safe to skip unless parser/error behavior changes	unsupported version 1 keeps the same stock fatal when composed with no-quiet
matrix:209d85ae8b4f893e	invalid-input parity	exact_invalid_input_variant	bundle	--no-quiet	<empty>	--version=1 create HEAD	committed repo	local	all	behavior matrix	git_pack_integrity_compat::bundle_create_version_values_match_stock_git	stock_git_oracle_test	docs/cli/matrices/bundle_v2_47.tsv:41	safe to skip unless parser/error behavior changes	no-quiet before unsupported version 1 keeps the same stock fatal
matrix:1490f69603937762	invalid-input parity	exact_invalid_input_variant	bundle	--version	foo	--quiet create HEAD	committed repo	local	all	behavior matrix	git_pack_integrity_compat::bundle_create_version_values_match_stock_git	stock_git_oracle_test	docs/cli/matrices/bundle_v2_47.tsv:42	safe to skip unless parser/error behavior changes	non-numeric version parser failure stays identical when combined with quiet
matrix:e9bf0aae54476642	invalid-input parity	exact_invalid_input_variant	bundle	--quiet	<empty>	--version=foo create HEAD	committed repo	local	all	behavior matrix	git_pack_integrity_compat::bundle_create_version_values_match_stock_git	stock_git_oracle_test	docs/cli/matrices/bundle_v2_47.tsv:43	safe to skip unless parser/error behavior changes	quiet before non-numeric version keeps the same stock parser failure
matrix:42f8d411f5fb9111	invalid-input parity	exact_invalid_input_variant	bundle	-q	<empty>	--version=foo create HEAD	committed repo	local	all	behavior matrix	git_pack_integrity_compat::bundle_create_version_values_match_stock_git	stock_git_oracle_test	docs/cli/matrices/bundle_v2_47.tsv:44	safe to skip unless parser/error behavior changes	short quiet alias keeps the same non-numeric version parser failure
matrix:68de11853b6ae72d	invalid-input parity	exact_invalid_input_variant	bundle	--version	foo	-q create HEAD	committed repo	local	all	behavior matrix	git_pack_integrity_compat::bundle_create_version_values_match_stock_git	stock_git_oracle_test	docs/cli/matrices/bundle_v2_47.tsv:45	safe to skip unless parser/error behavior changes	non-numeric version before short quiet alias keeps the same stock parser failure
matrix:e8bac726c2c970e4	invalid-input parity	exact_invalid_input_variant	bundle	--version	<empty>	--quiet create HEAD	committed repo	local	all	behavior matrix	git_pack_integrity_compat::bundle_create_version_values_match_stock_git	stock_git_oracle_test	docs/cli/matrices/bundle_v2_47.tsv:46	safe to skip unless parser/error behavior changes	empty version parser failure stays identical when composed with quiet
matrix:9951501b37592e2f	invalid-input parity	exact_invalid_input_variant	bundle	--quiet	<empty>	--version= create HEAD	committed repo	local	all	behavior matrix	git_pack_integrity_compat::bundle_create_version_values_match_stock_git	stock_git_oracle_test	docs/cli/matrices/bundle_v2_47.tsv:47	safe to skip unless parser/error behavior changes	quiet before empty version keeps the same stock parser failure
matrix:c2dba841f0b474bc	invalid-input parity	exact_invalid_input_variant	bundle	-q	<empty>	--version= create HEAD	committed repo	local	all	behavior matrix	git_pack_integrity_compat::bundle_create_version_values_match_stock_git	stock_git_oracle_test	docs/cli/matrices/bundle_v2_47.tsv:48	safe to skip unless parser/error behavior changes	short quiet alias keeps the same empty version parser failure
matrix:fd4500b6b922ca4b	invalid-input parity	exact_invalid_input_variant	bundle	--version	<empty>	-q create HEAD	committed repo	local	all	behavior matrix	git_pack_integrity_compat::bundle_create_version_values_match_stock_git	stock_git_oracle_test	docs/cli/matrices/bundle_v2_47.tsv:49	safe to skip unless parser/error behavior changes	empty version before short quiet alias keeps the same stock parser failure
matrix:8bc7da48b336be0d	invalid-input parity	exact_invalid_input_variant	bundle	--version	1	create HEAD	committed repo	local	all	behavior matrix	git_pack_integrity_compat::bundle_create_version_values_match_stock_git	stock_git_oracle_test	docs/cli/matrices/bundle_v2_47.tsv:68	safe to skip unless parser/error behavior changes	stock Git rejects unsupported numeric bundle version 1 with exit 128 and no bundle side effect
matrix:8c16b13616e9ce6e	invalid-input parity	exact_invalid_input_variant	bundle	--version	4	create HEAD	committed repo	local	all	behavior matrix	git_pack_integrity_compat::bundle_create_version_values_match_stock_git	stock_git_oracle_test	docs/cli/matrices/bundle_v2_47.tsv:69	safe to skip unless parser/error behavior changes	stock Git rejects unsupported numeric bundle version 4 with exit 128 and no bundle side effect
matrix:2cbf4e0d59a2459f	invalid-input parity	exact_invalid_input_variant	bundle	--version	1k	create HEAD	committed repo	local	all	behavior matrix	git_pack_integrity_compat::bundle_create_version_values_match_stock_git	stock_git_oracle_test	docs/cli/matrices/bundle_v2_47.tsv:70	safe to skip unless parser/error behavior changes	stock Git accepts k/m/g integer suffix parsing, then rejects expanded bundle version 1024 with exit 128
matrix:798e7359aad7fee4	invalid-input parity	exact_invalid_input_variant	bundle	--version	foo	create HEAD	committed repo	local	all	behavior matrix	git_pack_integrity_compat::bundle_create_version_values_match_stock_git	stock_git_oracle_test	docs/cli/matrices/bundle_v2_47.tsv:71	safe to skip unless parser/error behavior changes	stock Git rejects non-numeric bundle version values with option parser stderr and exit 129
matrix:755af6683337e89a	invalid-input parity	exact_invalid_input_variant	bundle	--version	<empty>	create HEAD	committed repo	local	all	behavior matrix	git_pack_integrity_compat::bundle_create_version_values_match_stock_git	stock_git_oracle_test	docs/cli/matrices/bundle_v2_47.tsv:72	safe to skip unless parser/error behavior changes	stock Git rejects empty bundle version values with numerical-value parser stderr and exit 129
matrix:fc5d4064f2ae4528	invalid-input parity	exact_invalid_input_variant	bundle	<bundle path>	unsupported bundle format	verify	invalid bundle file	local	all	behavior matrix	git_pack_integrity_compat::bundle_subcommands_reject_unsupported_bundle_format_like_stock_git	stock_git_oracle_test	docs/cli/matrices/bundle_v2_47.tsv:73	safe to skip unless parser/error behavior changes	stock Git rejects files that do not start with a v2 or v3 bundle header with exit 1
matrix:b09f15d6206b7540	invalid-input parity	exact_invalid_input_variant	bundle	<bundle path>	unsupported bundle format	list-heads	invalid bundle file	local	all	behavior matrix	git_pack_integrity_compat::bundle_subcommands_reject_unsupported_bundle_format_like_stock_git	stock_git_oracle_test	docs/cli/matrices/bundle_v2_47.tsv:74	safe to skip unless parser/error behavior changes	stock Git rejects files that do not start with a v2 or v3 bundle header with exit 1
matrix:e3606b5fda4541a6	invalid-input parity	exact_invalid_input_variant	bundle	<bundle path>	unsupported bundle format	unbundle	invalid bundle file	local	all	behavior matrix	git_pack_integrity_compat::bundle_subcommands_reject_unsupported_bundle_format_like_stock_git	stock_git_oracle_test	docs/cli/matrices/bundle_v2_47.tsv:75	safe to skip unless parser/error behavior changes	stock Git rejects files that do not start with a v2 or v3 bundle header with exit 1 and no pack side effects
matrix:594a638e79020174	invalid-input parity	exact_invalid_input_variant	cat-file	--batch	%(bad)	custom format unknown atom	local repository	local	all	behavior matrix	git_cat_file_invalid_compat::cat_file_batch_unknown_atom_matches_stock_git	stock_git_oracle_test	docs/cli/matrices/cat_file_v2_47.tsv:2	safe to skip unless parser/error behavior changes	unknown batch format atom exits 128 with stock fatal bad-format diagnostic instead of a custom unsupported-atom fatal diagnostic
matrix:8fc1e316b476c61e	invalid-input parity	exact_invalid_input_variant	cat-file	--filter	bad:name	--batch object filtering	local repository	local	all	behavior matrix	git_object_plumbing_compat::cat_file_unknown_filter_names_match_stock_git	stock_git_oracle_test	docs/cli/matrices/cat_file_v2_47.tsv:3	safe to skip unless parser/error behavior changes	unknown colon-style object filter names exit 128 with stock fatal invalid-filter diagnostic instead of the known-unsupported-filter usage path
matrix:a3b14272541dac5b	invalid-input parity	exact_invalid_input_variant	cat-file	--filter	bad=name	--batch object filtering	local repository	local	all	behavior matrix	git_object_plumbing_compat::cat_file_unknown_filter_names_match_stock_git	stock_git_oracle_test	docs/cli/matrices/cat_file_v2_47.tsv:4	safe to skip unless parser/error behavior changes	unknown equals-style object filter names exit 128 with stock fatal invalid-filter diagnostic instead of the known-unsupported-filter usage path
matrix:4acd4f6c061adbeb	invalid-input parity	exact_invalid_input_variant	cat-file	--filter	tree:1	--batch object filtering	local repository	local	all	behavior matrix	git_object_plumbing_compat::cat_file_known_unsupported_filters_match_stock_git	stock_git_oracle_test	docs/cli/matrices/cat_file_v2_47.tsv:5	safe to skip unless parser/error behavior changes	known unsupported tree-depth object filter exits 129 with stock usage diagnostic
matrix:68e9cc4502fdf4fa	invalid-input parity	exact_invalid_input_variant	cat-file	--filter	sparse:oid=deadbeef	--batch object filtering	local repository	local	all	behavior matrix	git_object_plumbing_compat::cat_file_known_unsupported_filters_match_stock_git	stock_git_oracle_test	docs/cli/matrices/cat_file_v2_47.tsv:6	safe to skip unless parser/error behavior changes	known unsupported sparse-oid object filter exits 129 with stock usage diagnostic
matrix:f2c45550dcd384e9	invalid-input parity	exact_invalid_input_variant	cat-file	--filter	combine:blob:none+tree:1	--batch object filtering	local repository	local	all	behavior matrix	git_object_plumbing_compat::cat_file_known_unsupported_filters_match_stock_git	stock_git_oracle_test	docs/cli/matrices/cat_file_v2_47.tsv:7	safe to skip unless parser/error behavior changes	known unsupported combined object filter exits 129 with stock usage diagnostic
matrix:acb2471c16822f29	invalid-input parity	exact_invalid_input_variant	cat-file	--filter	sparse:path=foo	--batch object filtering	local repository	local	all	behavior matrix	git_object_plumbing_compat::cat_file_sparse_path_filter_matches_stock_git	stock_git_oracle_test	docs/cli/matrices/cat_file_v2_47.tsv:8	safe to skip unless parser/error behavior changes	dropped sparse:path object filter exits 128 with stock fatal support-dropped diagnostic
matrix:6dcad975df731e47	invalid-input parity	exact_invalid_input_variant	cat-file	-t	<object>	corrupt loose object type	local repository with invalid loose object	local	all	behavior matrix	git_cat_file_corrupt_object_compat::cat_file_rejects_unsupported_loose_object_type_like_stock_git	stock_git_oracle_test	docs/cli/matrices/cat_file_v2_47.tsv:9	safe to skip unless parser/error behavior changes	corrupt loose object with unsupported type name exits with stock diagnostics instead of exposing a custom unsupported-object-type guard
matrix:e6699bd18b2e6ccc	invalid-input parity	exact_invalid_input_variant	cat-file	--allow-unknown-type	<empty>	-t corrupt unsupported loose object type	local repository with current badtype loose object	local	all	behavior matrix	git_cat_file_corrupt_object_compat::cat_file_allow_unknown_type_matches_stock_git_for_current_corrupt_loose_object_lane	stock_git_oracle_test	docs/cli/matrices/cat_file_v2_47.tsv:51	safe to skip unless parser/error behavior changes	current badtype corrupt loose objects still fail with stock invalid-object-type diagnostics even when allow-unknown-type is present
matrix:861927bd02533746	invalid-input parity	exact_invalid_input_variant	cat-file	--allow-unknown-type	<empty>	-s corrupt unsupported loose object type	local repository with current badtype loose object	local	all	behavior matrix	git_cat_file_corrupt_object_compat::cat_file_allow_unknown_type_matches_stock_git_for_current_corrupt_loose_object_lane	stock_git_oracle_test	docs/cli/matrices/cat_file_v2_47.tsv:52	safe to skip unless parser/error behavior changes	current badtype corrupt loose objects still fail size queries with stock invalid-object-type diagnostics even when allow-unknown-type is present
matrix:38ccb0c6af5fb61d	invalid-input parity	exact_invalid_input_variant	check-ignore	<none>	<empty>	missing path arguments	invalid invocation	local	all	behavior matrix	git_check_ignore_compat::check_ignore_matches_stock_git_for_upstream_t0008_cli_contract	stock_git_oracle_test	docs/cli/matrices/check_ignore_v2_47.tsv:15	safe to skip unless parser/error behavior changes	exits with stock usage diagnostics when no path or --stdin is provided
matrix:ea4e05576b113757	invalid-input parity	exact_invalid_input_variant	check-ignore	-q	<empty>	missing path arguments	invalid invocation	local	all	behavior matrix	git_check_ignore_compat::check_ignore_matches_stock_git_for_upstream_t0008_cli_contract	stock_git_oracle_test	docs/cli/matrices/check_ignore_v2_47.tsv:16	safe to skip unless parser/error behavior changes	quiet mode without path or --stdin exits with stock usage diagnostics
matrix:093225d8dea1af4d	invalid-input parity	exact_invalid_input_variant	check-ignore	-q	<empty>	-v conflict	invalid option combination	local	all	behavior matrix	git_check_ignore_compat::check_ignore_matches_stock_git_for_upstream_t0008_cli_contract	stock_git_oracle_test	docs/cli/matrices/check_ignore_v2_47.tsv:17	safe to skip unless parser/error behavior changes	quiet and verbose modes conflict and exit with stock diagnostics
matrix:f40c423789d75a1c	invalid-input parity	exact_invalid_input_variant	check-ignore	-q	<empty>	repeated -q -v conflict	invalid option combination	local	all	behavior matrix	git_check_ignore_compat::check_ignore_matches_stock_git_for_upstream_t0008_cli_contract	stock_git_oracle_test	docs/cli/matrices/check_ignore_v2_47.tsv:18	safe to skip unless parser/error behavior changes	repeated quiet and verbose modes still conflict with stock diagnostics
matrix:5b6a255e4fb90df4	invalid-input parity	exact_invalid_input_variant	check-ignore	--quiet	<empty>	multiple paths	invalid option combination	local	all	behavior matrix	git_check_ignore_compat::check_ignore_matches_stock_git_for_upstream_t0008_cli_contract	stock_git_oracle_test	docs/cli/matrices/check_ignore_v2_47.tsv:19	safe to skip unless parser/error behavior changes	quiet mode with multiple path arguments exits with stock diagnostics
matrix:fc644089c1b031dd	invalid-input parity	exact_invalid_input_variant	check-ignore	--quiet	<empty>	--verbose conflict and multiple paths	invalid option combination	local	all	behavior matrix	git_check_ignore_compat::check_ignore_matches_stock_git_for_upstream_t0008_cli_contract	stock_git_oracle_test	docs/cli/matrices/check_ignore_v2_47.tsv:20	safe to skip unless parser/error behavior changes	quiet and verbose conflict with multiple path arguments exits with stock diagnostics
matrix:c89c8a5a762926f2	invalid-input parity	exact_invalid_input_variant	check-ignore	<none>	<empty>	separator without paths	invalid invocation	local	all	behavior matrix	git_check_ignore_compat::check_ignore_matches_stock_git_for_upstream_t0008_cli_contract	stock_git_oracle_test	docs/cli/matrices/check_ignore_v2_47.tsv:21	safe to skip unless parser/error behavior changes	path separator without paths exits with stock usage diagnostics
matrix:6c80f67927b6f8ad	invalid-input parity	exact_invalid_input_variant	check-ignore	--stdin	<empty>	stdin plus path argument	invalid option combination	local	all	behavior matrix	git_check_ignore_compat::check_ignore_matches_stock_git_for_upstream_t0008_cli_contract	stock_git_oracle_test	docs/cli/matrices/check_ignore_v2_47.tsv:22	safe to skip unless parser/error behavior changes	--stdin with explicit path argument exits with stock diagnostics
matrix:80efc21022434f6e	invalid-input parity	exact_invalid_input_variant	check-ignore	-z	<empty>	NUL mode without stdin	invalid option combination	local	all	behavior matrix	git_check_ignore_compat::check_ignore_matches_stock_git_for_upstream_t0008_cli_contract	stock_git_oracle_test	docs/cli/matrices/check_ignore_v2_47.tsv:23	safe to skip unless parser/error behavior changes	NUL mode without --stdin exits with stock diagnostics for path arguments
matrix:362273bf11c123f0	invalid-input parity	exact_invalid_input_variant	check-ignore	<none>	<empty>	run from .git directory	bare/internal gitdir cwd	local	all	behavior matrix	git_check_ignore_compat::check_ignore_matches_stock_git_for_upstream_t0008_cli_contract	stock_git_oracle_test	docs/cli/matrices/check_ignore_v2_47.tsv:24	safe to skip unless parser/error behavior changes	running check-ignore from the .git directory exits with stock diagnostics
matrix:d555acd435abad4b	invalid-input parity	exact_invalid_input_variant	check-mailmap	--no-stdin	<empty>	negated stdin option without identities	repository with .mailmap	local	all	behavior matrix	tools/git-check-mailmap-oracle-smoke.sh::check_mailmap_no_stdin_rejected	real_tool_trace	docs/cli/matrices/check_mailmap_v2_47.tsv:27	safe to skip unless parser/error behavior changes	negated stdin option without identities exits with stock fatal no-contacts diagnostic
matrix:62536343afd2de0f	invalid-input parity	exact_invalid_input_variant	check-mailmap	--stdin	true	value rejection	repository with .mailmap	local	all	behavior matrix	tools/git-check-mailmap-oracle-smoke.sh::check_mailmap_stdin_rejects_value	real_tool_trace	docs/cli/matrices/check_mailmap_v2_47.tsv:28	safe to skip unless parser/error behavior changes	stdin option value rejection exits with stock error
matrix:f8b80857ccd5e6c2	invalid-input parity	exact_invalid_input_variant	check-mailmap	--stdin	<empty>	empty value rejection	repository with .mailmap	local	all	behavior matrix	tools/git-check-mailmap-oracle-smoke.sh::check_mailmap_stdin_rejects_empty_value	real_tool_trace	docs/cli/matrices/check_mailmap_v2_47.tsv:29	safe to skip unless parser/error behavior changes	stdin option empty value rejection exits with stock error
matrix:de72af3c5613b7e0	invalid-input parity	exact_invalid_input_variant	check-ref-format	<refname>	main	<none>	local repository	local	all	behavior matrix	git_check_ref_format_compat::check_ref_format_matches_stock_git_for_common_modes	stock_git_oracle_test	docs/cli/matrices/check_ref_format_v2_47.tsv:11	safe to skip unless parser/error behavior changes	full refname mode rejects one-level names like stock Git
matrix:330417a707897b53	invalid-input parity	exact_invalid_input_variant	check-ref-format	<refname>	refs/heads/bad..name	<none>	local repository	local	all	behavior matrix	git_check_ref_format_compat::check_ref_format_matches_stock_git_for_common_modes	stock_git_oracle_test	docs/cli/matrices/check_ref_format_v2_47.tsv:12	safe to skip unless parser/error behavior changes	rejects double-dot refnames like stock Git
matrix:1b57282a19650c67	invalid-input parity	exact_invalid_input_variant	check-ref-format	<refname>	refs/heads/.hidden	<none>	local repository	local	all	behavior matrix	git_check_ref_format_compat::check_ref_format_matches_stock_git_for_common_modes	stock_git_oracle_test	docs/cli/matrices/check_ref_format_v2_47.tsv:13	safe to skip unless parser/error behavior changes	rejects dot-prefixed path components like stock Git
matrix:e3910e8dfe9b8bad	invalid-input parity	exact_invalid_input_variant	check-ref-format	<refname>	refs/heads/trailing.	<none>	local repository	local	all	behavior matrix	git_check_ref_format_compat::check_ref_format_matches_stock_git_for_common_modes	stock_git_oracle_test	docs/cli/matrices/check_ref_format_v2_47.tsv:14	safe to skip unless parser/error behavior changes	rejects trailing-dot refnames like stock Git
matrix:47023848e941e47d	invalid-input parity	exact_invalid_input_variant	check-ref-format	--normalize	refs/heads/main/	<refname>	local repository	local	all	behavior matrix	git_check_ref_format_compat::check_ref_format_matches_stock_git_for_common_modes	stock_git_oracle_test	docs/cli/matrices/check_ref_format_v2_47.tsv:15	safe to skip unless parser/error behavior changes	normalize mode rejects trailing slashes like stock Git
matrix:8e7ce54a6cb92d42	invalid-input parity	exact_invalid_input_variant	check-ref-format	--branch	bad..name	<refname>	local repository	local	all	behavior matrix	git_check_ref_format_compat::check_ref_format_matches_stock_git_for_common_modes	stock_git_oracle_test	docs/cli/matrices/check_ref_format_v2_47.tsv:16	safe to skip unless parser/error behavior changes	branch mode rejects invalid shorthand branch names like stock Git
matrix:a294b61936f828f9	invalid-input parity	exact_invalid_input_variant	check-ref-format	--refspec-pattern	refs/heads/*:refs/remotes/origin/*	<refname>	local repository	local	all	behavior matrix	git_check_ref_format_compat::check_ref_format_matches_stock_git_for_common_modes	stock_git_oracle_test	docs/cli/matrices/check_ref_format_v2_47.tsv:17	safe to skip unless parser/error behavior changes	refspec-pattern still rejects full refspecs with colon and multiple wildcards like stock Git
matrix:b234977d3eea38ab	invalid-input parity	exact_invalid_input_variant	check-ref-format	--refspec-pattern	foo/*/bar/*	<refname>	local repository	local	all	behavior matrix	git_check_ref_format_compat::check_ref_format_matches_stock_git_for_common_modes	stock_git_oracle_test	docs/cli/matrices/check_ref_format_v2_47.tsv:18	safe to skip unless parser/error behavior changes	refspec-pattern rejects names with more than one wildcard like stock Git
matrix:adf9f4d1e0024251	invalid-input parity	exact_invalid_input_variant	check-ref-format	--no-allow-onelevel	main	--allow-onelevel	local repository	local	all	behavior matrix	git_check_ref_format_compat::check_ref_format_option_precedence_and_branch_modes_match_stock_git	stock_git_oracle_test	docs/cli/matrices/check_ref_format_v2_47.tsv:19	safe to skip unless parser/error behavior changes	last allow-onelevel toggle wins, so trailing no-allow-onelevel restores stock rejection of one-level names
matrix:6a69c6e0a8b3f350	invalid-input parity	exact_invalid_input_variant	check-ref-format	--branch	-bad	<refname>	local repository	local	all	behavior matrix	git_check_ref_format_compat::check_ref_format_option_precedence_and_branch_modes_match_stock_git	stock_git_oracle_test	docs/cli/matrices/check_ref_format_v2_47.tsv:27	safe to skip unless parser/error behavior changes	branch mode treats a leading-dash value as the branch shorthand and rejects it with the stock fatal error instead of parser failure
matrix:eadb753b35e99887	invalid-input parity	exact_invalid_input_variant	check-ref-format	--branch	@{-99}	<refname>	detached checkout then branch checkout history	local	all	behavior matrix	git_check_ref_format_compat::check_ref_format_option_precedence_and_branch_modes_match_stock_git	stock_git_oracle_test	docs/cli/matrices/check_ref_format_v2_47.tsv:28	safe to skip unless parser/error behavior changes	branch mode rejects previous-checkout syntax that asks for a missing reflog depth like stock Git
matrix:d5d7755819c64531	invalid-input parity	exact_invalid_input_variant	checkout-index	<none>	process filter returns delayed status	required smudge filter on indexed path	worktree file missing	local	unix	behavior matrix	git_worktree_state_compat::checkout_index_delayed_smudge_process_filter_matches_stock_git_failure	stock_git_oracle_test	docs/cli/matrices/checkout_index_v2_47.tsv:2	safe to skip unless parser/error behavior changes	delayed smudge-process-filter status exits 128 with stock external-filter diagnostics and leaves the worktree file absent
matrix:ae9e9351c45c87f1	invalid-input parity	exact_invalid_input_variant	checkout	--track	<empty>	dot pathspec checkout	committed repository with missing tracked root file	local	all	behavior matrix	git_worktree_state_compat::checkout_track_family_matches_stock_git_invalid_input	stock_git_oracle_test	docs/cli/matrices/checkout_v2_47.tsv:31	safe to skip unless parser/error behavior changes	track without a branch target on a dot pathspec lane exits 128 with the stock missing-branch diagnostic
matrix:d2676df76f0ecdd4	invalid-input parity	exact_invalid_input_variant	checkout	-t	<empty>	dot pathspec checkout	committed repository with missing tracked root file	local	all	behavior matrix	git_worktree_state_compat::checkout_track_family_matches_stock_git_invalid_input	stock_git_oracle_test	docs/cli/matrices/checkout_v2_47.tsv:32	safe to skip unless parser/error behavior changes	short track alias without a branch target on a dot pathspec lane exits 128 with the stock missing-branch diagnostic
matrix:ce43d3c3767dcdf6	invalid-input parity	exact_invalid_input_variant	checkout	-d	<empty>	dot pathspec checkout	committed repository with missing tracked root file	local	all	behavior matrix	git_worktree_state_compat::checkout_track_family_matches_stock_git_invalid_input	stock_git_oracle_test	docs/cli/matrices/checkout_v2_47.tsv:33	safe to skip unless parser/error behavior changes	short detach alias with a path argument exits 128 with the stock detach-does-not-take-a-path diagnostic
matrix:3892db7dcf54aee1	invalid-input parity	exact_invalid_input_variant	checkout	--no-track	<empty>	dot pathspec checkout	committed repository with missing tracked root file	local	all	behavior matrix	git_worktree_state_compat::checkout_track_family_matches_stock_git_invalid_input	stock_git_oracle_test	docs/cli/matrices/checkout_v2_47.tsv:34	safe to skip unless parser/error behavior changes	no-track without a branch target on a dot pathspec lane exits 128 with the stock missing-branch diagnostic
matrix:5234031eb6a6d532	invalid-input parity	exact_invalid_input_variant	checkout	--track	<empty>	explicit separator path checkout	committed repository with missing tracked path and explicit separator	local	all	behavior matrix	git_worktree_state_compat::checkout_track_family_matches_stock_git_invalid_input	stock_git_oracle_test	docs/cli/matrices/checkout_v2_47.tsv:35	safe to skip unless parser/error behavior changes	track with an explicit separator exits 128 with the stock needs-a-branch diagnostic
matrix:836b34090e1d0ac4	invalid-input parity	exact_invalid_input_variant	checkout	-t	<empty>	explicit separator path checkout	committed repository with missing tracked path and explicit separator	local	all	behavior matrix	git_worktree_state_compat::checkout_track_family_matches_stock_git_invalid_input	stock_git_oracle_test	docs/cli/matrices/checkout_v2_47.tsv:36	safe to skip unless parser/error behavior changes	short track alias with an explicit separator exits 128 with the stock needs-a-branch diagnostic
matrix:fc0be4fe7553c49f	invalid-input parity	exact_invalid_input_variant	checkout	--no-track	<empty>	explicit separator path checkout	committed repository with missing tracked path and explicit separator	local	all	behavior matrix	git_worktree_state_compat::checkout_track_family_matches_stock_git_invalid_input	stock_git_oracle_test	docs/cli/matrices/checkout_v2_47.tsv:37	safe to skip unless parser/error behavior changes	no-track with an explicit separator exits 128 with the stock needs-a-branch diagnostic
matrix:d96c2fd65920bcc6	invalid-input parity	exact_invalid_input_variant	checkout	--track	<empty>	single tracked path checkout	committed repository with missing tracked root file	local	all	behavior matrix	git_worktree_state_compat::checkout_track_family_matches_stock_git_invalid_input	stock_git_oracle_test	docs/cli/matrices/checkout_v2_47.tsv:38	safe to skip unless parser/error behavior changes	track with a single tracked path but no branch target exits 128 with the stock missing-branch diagnostic
matrix:4df11045205acf38	invalid-input parity	exact_invalid_input_variant	checkout	-t	<empty>	single tracked path checkout	committed repository with missing tracked root file	local	all	behavior matrix	git_worktree_state_compat::checkout_track_family_matches_stock_git_invalid_input	stock_git_oracle_test	docs/cli/matrices/checkout_v2_47.tsv:39	safe to skip unless parser/error behavior changes	short track alias with a single tracked path but no branch target exits 128 with the stock missing-branch diagnostic
matrix:6b66a39349f31c30	invalid-input parity	exact_invalid_input_variant	checkout	--no-track	<empty>	single tracked path checkout	committed repository with missing tracked root file	local	all	behavior matrix	git_worktree_state_compat::checkout_track_family_matches_stock_git_invalid_input	stock_git_oracle_test	docs/cli/matrices/checkout_v2_47.tsv:40	safe to skip unless parser/error behavior changes	no-track with a single tracked path but no branch target exits 128 with the stock missing-branch diagnostic
matrix:10ef8f03594e714c	invalid-input parity	exact_invalid_input_variant	checkout	--pathspec-file-nul	<empty>	missing --pathspec-from-file	committed repository	local	all	behavior matrix	git_worktree_state_compat::checkout_pathspec_file_nul_requires_pathspec_from_file_like_stock_git	stock_git_oracle_test	docs/cli/matrices/checkout_v2_47.tsv:48	safe to skip unless parser/error behavior changes	pathspec-file-nul without a pathspec file exits 128 with the stock fatal diagnostic
matrix:3c4b55446d85cec3	invalid-input parity	exact_invalid_input_variant	checkout	<none>	process filter returns delayed status	path checkout with -- separator	required smudge filter on tracked path with missing worktree file	local	unix	behavior matrix	git_worktree_state_compat::checkout_delayed_smudge_process_filter_matches_stock_git_failure	stock_git_oracle_test	docs/cli/matrices/checkout_v2_47.tsv:57	safe to skip unless parser/error behavior changes	delayed smudge-process-filter status exits 128 with stock external-filter diagnostics and leaves the worktree file absent
matrix:884691c7a143e329	invalid-input parity	exact_invalid_input_variant	cherry-pick	--abort	<empty>	no cherry-pick in progress	clean repository	local	all	behavior matrix	git_cli_failure_compat::invalid_option_combinations_match_stock_git_failures	stock_git_oracle_test	docs/cli/matrices/cherry_pick_v2_47.tsv:5	safe to skip unless parser/error behavior changes	abort without in-progress cherry-pick failure output and exit status match stock Git
matrix:e02b162dcc9ffac2	invalid-input parity	exact_invalid_input_variant	cherry-pick	--continue	<empty>	no cherry-pick in progress	clean repository	local	all	behavior matrix	tools/git-cherry-pick-continue-schema-oracle-smoke.sh::cherry_pick_continue_without_sequence	real_tool_trace	docs/cli/matrices/cherry_pick_v2_47.tsv:6	safe to skip unless parser/error behavior changes	continue without in-progress cherry-pick rejects with stock exit, stdout, stderr and no side-effect changes
matrix:e82c7d6546e939c3	invalid-input parity	exact_invalid_input_variant	cherry	--verbose	true	value rejection	topic branch with configured upstream	local	all	behavior matrix	tools/git-cherry-schema-oracle-smoke.sh::cherry_verbose_long_rejects_value	real_tool_trace	docs/cli/matrices/cherry_v2_47.tsv:11	safe to skip unless parser/error behavior changes	long verbose value rejection stdout, stderr and exit status match stock Git
matrix:0ed7b005b23541e0	invalid-input parity	exact_invalid_input_variant	cherry	-v	=true	value rejection	topic branch with configured upstream	local	all	behavior matrix	tools/git-cherry-schema-oracle-smoke.sh::cherry_verbose_short_rejects_value	real_tool_trace	docs/cli/matrices/cherry_v2_47.tsv:12	safe to skip unless parser/error behavior changes	short verbose value rejection stdout, stderr and exit status match stock Git
matrix:e2932d2a50469a5f	invalid-input parity	exact_invalid_input_variant	clean	<unknown>	--bad	invalid option	clean repository	local	all	behavior matrix	git_clean_compat::clean_unknown_option_matches_stock_git	stock_git_oracle_test	docs/cli/matrices/clean_v2_47.tsv:2	safe to skip unless parser/error behavior changes	unsupported clean option guard is classified as stock-compatible invalid input with exit code, empty stdout and usage diagnostic parity
matrix:60c3cc6033728d4b	invalid-input parity	exact_invalid_input_variant	clean	<unknown>	-Z	invalid short switch	clean repository	local	all	behavior matrix	git_clean_compat::clean_unknown_short_switch_matches_stock_git	stock_git_oracle_test	docs/cli/matrices/clean_v2_47.tsv:3	safe to skip unless parser/error behavior changes	unsupported clean short-switch guard is classified as stock-compatible invalid input with exit code, empty stdout and usage diagnostic parity
matrix:02d02edcd9624774	invalid-input parity	exact_invalid_input_variant	clean	-e	<missing>	missing value	clean repository	local	all	behavior matrix	git_clean_compat::clean_exclude_missing_value_matches_stock_git	stock_git_oracle_test	docs/cli/matrices/clean_v2_47.tsv:4	safe to skip unless parser/error behavior changes	missing short exclude pattern is classified as stock-compatible invalid input with exit code, empty stdout and diagnostic parity
matrix:72eaf2dbb6c1bd29	invalid-input parity	exact_invalid_input_variant	clean	--exclude	<missing>	missing value	clean repository	local	all	behavior matrix	git_clean_compat::clean_exclude_missing_value_matches_stock_git	stock_git_oracle_test	docs/cli/matrices/clean_v2_47.tsv:5	safe to skip unless parser/error behavior changes	missing long exclude pattern is classified as stock-compatible invalid input with exit code, empty stdout and diagnostic parity
matrix:d50898c6ef88b5b2	invalid-input parity	exact_invalid_input_variant	clean	<none>	<empty>	requireForce default rejection	untracked file and directories	local	all	behavior matrix	git_clean_compat::clean_matches_stock_git_for_dry_run_force_and_paths	stock_git_oracle_test	docs/cli/matrices/clean_v2_47.tsv:36	safe to skip unless parser/error behavior changes	default clean without force exits like stock Git when clean.requireForce is true
matrix:e14d0c7a9d3417a4	invalid-input parity	exact_invalid_input_variant	clean	clean.requireForce	maybe	invalid config boolean	untracked file and directories	local	all	behavior matrix	git_clean_compat::clean_invalid_require_force_bool_matches_stock_git	stock_git_oracle_test	docs/cli/matrices/clean_v2_47.tsv:61	safe to skip unless parser/error behavior changes	invalid clean.requireForce boolean exits with stock config diagnostics
matrix:eabd91dea8331c02	invalid-input parity	exact_invalid_input_variant	clone	<repository>	zminproto://example/repo	unsupported remote helper	empty destination parent	remote-helper	all	behavior matrix	git_clone_compat::clone_unsupported_remote_helper_failure_matches_stock_git	stock_git_oracle_test	docs/cli/matrices/clone_v2_47.tsv:2	safe to skip unless parser/error behavior changes	unsupported remote-helper protocol exits 128 with stock missing helper diagnostic and remote-helper aborted-session fatal text
matrix:c889297c1b82ba12	invalid-input parity	exact_invalid_input_variant	clone	--jobs	bogus	invalid integer	source has branch and tag	local	all	behavior matrix	tools/git-clone-schema-oracle-smoke.sh::clone_jobs_invalid_long	real_tool_trace	docs/cli/matrices/clone_v2_47.tsv:10	safe to skip unless parser/error behavior changes	rejects invalid --jobs integer with stock exit 129, empty stdout, exact stderr and no destination
matrix:ad90141f0c6cad8c	invalid-input parity	exact_invalid_input_variant	clone	-j	bogus	invalid integer	source has branch and tag	local	all	behavior matrix	tools/git-clone-schema-oracle-smoke.sh::clone_jobs_invalid_short	real_tool_trace	docs/cli/matrices/clone_v2_47.tsv:11	safe to skip unless parser/error behavior changes	rejects invalid -j integer with stock exit 129, empty stdout, exact stderr and no destination
matrix:e7bde7b41f377d3d	invalid-input parity	exact_invalid_input_variant	clone	--depth	1	dumb HTTP shallow clone	regular source has update-server-info	dumb HTTP	all	behavior matrix	git_transport_http_compat::clone_reads_shallow_dumb_http_repository_like_stock_git	stock_git_oracle_test	docs/cli/matrices/clone_v2_47.tsv:41	safe to skip unless parser/error behavior changes	stock Git rejects shallow clone over dumb HTTP with fatal shallow-capabilities diagnostic
matrix:2a4b31c75b9fc400	invalid-input parity	exact_invalid_input_variant	clone	--reject-shallow	true	shallow local source	source repository is shallow	local	all	behavior matrix	git_clone_compat::clone_local_repo_matches_stock_git_state	stock_git_oracle_test	docs/cli/matrices/clone_v2_47.tsv:43	safe to skip unless parser/error behavior changes	reject-shallow rejects a shallow source with stock Git exit code and diagnostics
matrix:b65c944fdafefc08	invalid-input parity	exact_invalid_input_variant	clone	--reject-shallow	true	after --no-reject-shallow with shallow local source	source repository is shallow	local	all	behavior matrix	git_clone_compat::clone_local_repo_matches_stock_git_state	stock_git_oracle_test	docs/cli/matrices/clone_v2_47.tsv:46	safe to skip unless parser/error behavior changes	last reject-shallow toggle wins, so reject-shallow rejects the shallow source like stock Git
matrix:474b7e04d42e5d85	invalid-input parity	exact_invalid_input_variant	clone	--ref-format	bogus	explicit ref storage format	local source repository	local	all	behavior matrix	git_clone_ref_format_compat::clone_ref_format_unknown_value_matches_stock_git	stock_git_oracle_test	docs/cli/matrices/clone_v2_47.tsv:75	safe to skip unless parser/error behavior changes	unknown ref-format values exit 128 with stock fatal diagnostic and leave the destination absent
matrix:60d8dd4bfc70606e	invalid-input parity	exact_invalid_input_variant	clone	<repository>	<path>	symlinked .git/objects local source	source object store is a symlink	local	unix	behavior matrix	git_clone_compat::clone_rejects_symlinked_local_object_store_like_stock_git	stock_git_oracle_test	docs/cli/matrices/clone_v2_47.tsv:85	safe to skip unless parser/error behavior changes	exits like stock Git and reports refusing to clone with --local when the source object store root is a symlink
matrix:0ea51e75f1d653f3	invalid-input parity	exact_invalid_input_variant	clone	<repository>	<path>	symlinked loose object local source	source loose object entry is a symlink	local	unix	behavior matrix	git_clone_compat::clone_rejects_symlinked_local_object_store_like_stock_git	stock_git_oracle_test	docs/cli/matrices/clone_v2_47.tsv:86	safe to skip unless parser/error behavior changes	exits like stock Git and reports refusing to clone with --local when a loose object entry is a symlink
matrix:98335a8b3dfa4cde	invalid-input parity	exact_invalid_input_variant	clone	--reject-shallow	true	shallow dumb HTTP remote	shallow file clone served over static HTTP	dumb HTTP	all	behavior matrix	git_transport_http_compat::clone_reject_shallow_rejects_shallow_dumb_http_like_stock_git	stock_git_oracle_test	docs/cli/matrices/clone_v2_47.tsv:96	safe to skip unless parser/error behavior changes	reject-shallow on a shallow dumb HTTP repository fails with stock-shaped diagnostics
matrix:ed200ca3ec84ae9c	invalid-input parity	exact_invalid_input_variant	clone	--also-filter-submodules	<empty>	missing --recurse-submodules	source has nested tree and no submodules	local	all	behavior matrix	git_clone_compat::clone_documented_local_tail_matches_stock_git	stock_git_oracle_test	docs/cli/matrices/clone_v2_47.tsv:103	safe to skip unless parser/error behavior changes	also-filter-submodules without recurse-submodules fails with the stock fatal requirement diagnostic and leaves no destination
matrix:e28e6771d99f87f5	invalid-input parity	exact_invalid_input_variant	clone	--also-filter-submodules	<empty>	missing --filter	source has nested tree and no submodules	local	all	behavior matrix	git_clone_compat::clone_documented_local_tail_matches_stock_git	stock_git_oracle_test	docs/cli/matrices/clone_v2_47.tsv:104	safe to skip unless parser/error behavior changes	also-filter-submodules without filter fails with the stock fatal requirement diagnostic and leaves no destination
matrix:05039c374676d7c8	invalid-input parity	exact_invalid_input_variant	column	--mode	bad	invalid mode value	stdin input	n/a	all	behavior matrix	git_text_tools_compat::column_matches_stock_git_for_common_modes	stock_git_oracle_test	docs/cli/matrices/column_v2_47.tsv:2	safe to skip unless parser/error behavior changes	unsupported column mode guard is classified as stock-compatible invalid input with exit code and error diagnostic parity
matrix:fbe96e8cdcd409bc	invalid-input parity	exact_invalid_input_variant	column	--padding	<empty>	equals empty rejection	stdin input	n/a	all	behavior matrix	tools/git-column-oracle-smoke.sh::column_padding_empty	real_tool_trace	docs/cli/matrices/column_v2_47.tsv:7	safe to skip unless parser/error behavior changes	empty padding value is rejected with stock numeric-value diagnostic and exit 129
matrix:08e24f407c6b623e	invalid-input parity	exact_invalid_input_variant	column	--width	<empty>	equals empty rejection	stdin input	n/a	all	behavior matrix	tools/git-column-oracle-smoke.sh::column_width_empty	real_tool_trace	docs/cli/matrices/column_v2_47.tsv:10	safe to skip unless parser/error behavior changes	empty width value is rejected with stock numeric-value diagnostic and exit 129
matrix:a4974aa151ce5b12	invalid-input parity	exact_invalid_input_variant	column	--raw-mode	bogus	invalid numeric value	stdin input	n/a	all	behavior matrix	tools/git-column-oracle-smoke.sh::column_raw_mode_invalid	real_tool_trace	docs/cli/matrices/column_v2_47.tsv:22	safe to skip unless parser/error behavior changes	unknown raw-mode value is rejected with stock numeric-value diagnostic and exit 129
matrix:44cf2ccc1c41d339	invalid-input parity	exact_invalid_input_variant	column	--command	status	separate value form	stdin input	n/a	all	behavior matrix	git_text_tools_compat::column_matches_stock_git_for_common_modes	stock_git_oracle_test	docs/cli/matrices/column_v2_47.tsv:41	safe to skip unless parser/error behavior changes	separate command value form fails with stock first-argument fatal diagnostic
matrix:477f313eea815282	invalid-input parity	exact_invalid_input_variant	column	--command	<empty>	before --no-command --width=20	stdin input	n/a	all	behavior matrix	git_text_tools_compat::column_matches_stock_git_for_common_modes	stock_git_oracle_test	docs/cli/matrices/column_v2_47.tsv:45	safe to skip unless parser/error behavior changes	empty command followed by no-command fails with stock first-argument fatal diagnostic
matrix:aa3a4b989bc1f011	invalid-input parity	exact_invalid_input_variant	column	--command	status	after --width=20	stdin input	n/a	all	behavior matrix	git_text_tools_compat::column_matches_stock_git_for_common_modes	stock_git_oracle_test	docs/cli/matrices/column_v2_47.tsv:48	safe to skip unless parser/error behavior changes	later command option fails with stock first-argument fatal diagnostic
matrix:bc882570ee9d8891	invalid-input parity	exact_invalid_input_variant	column	--no-command	<empty>	after --command=status	stdin input	n/a	all	behavior matrix	git_text_tools_compat::column_matches_stock_git_for_common_modes	stock_git_oracle_test	docs/cli/matrices/column_v2_47.tsv:49	safe to skip unless parser/error behavior changes	later no-command after command lookup fails with stock first-argument fatal diagnostic
matrix:c38f951cd1115466	invalid-input parity	exact_invalid_input_variant	commit-graph	verify	<empty>	checksum-valid bad signature	local commit-graph	local	all	behavior matrix	git_maintenance_compat::commit_graph_verify_header_variants_match_stock_git	stock_git_oracle_test	docs/cli/matrices/commit_graph_v2_47.tsv:2	safe to skip unless parser/error behavior changes	stock Git rejects a bad commit-graph signature with a signature diagnostic and exit 1
matrix:07932633bd509817	invalid-input parity	exact_invalid_input_variant	commit-graph	verify	<empty>	checksum-valid bad version	local commit-graph	local	all	behavior matrix	git_maintenance_compat::commit_graph_verify_header_variants_match_stock_git	stock_git_oracle_test	docs/cli/matrices/commit_graph_v2_47.tsv:3	safe to skip unless parser/error behavior changes	stock Git rejects commit-graph version 2 with a version diagnostic and exit 1
matrix:cac0498080c00655	invalid-input parity	exact_invalid_input_variant	commit-graph	verify	<empty>	checksum-valid bad hash version	local commit-graph	local	all	behavior matrix	git_maintenance_compat::commit_graph_verify_header_variants_match_stock_git	stock_git_oracle_test	docs/cli/matrices/commit_graph_v2_47.tsv:4	safe to skip unless parser/error behavior changes	stock Git rejects commit-graph hash version 2 with a hash-version diagnostic and exit 1
matrix:e7ad81fd4c1046bc	invalid-input parity	exact_invalid_input_variant	commit-tree	<positional:tree>	<blob>	-m root	index with staged file and blob object	local	all	behavior matrix	tools/git-commit-tree-schema-oracle-smoke.sh::commit_tree_blob_tree	real_tool_trace	docs/cli/matrices/commit_tree_v2_47.tsv:7	safe to skip unless parser/error behavior changes	blob object used as tree rejection stdout, stderr and exit status match stock Git
matrix:fa3becec21bdccb2	invalid-input parity	exact_invalid_input_variant	commit-tree	-F	missing.txt	<tree>	index with missing message file	local	all	behavior matrix	tools/git-commit-tree-schema-oracle-smoke.sh::commit_tree_missing_message_file	real_tool_trace	docs/cli/matrices/commit_tree_v2_47.tsv:37	safe to skip unless parser/error behavior changes	missing message file rejection stdout, stderr and exit status match stock Git
matrix:403b49802918b5d5	invalid-input parity	exact_invalid_input_variant	commit-tree	<positional:tree>	<missing>	-m root	index with staged files and missing tree argument	local	all	behavior matrix	tools/git-commit-tree-schema-oracle-smoke.sh::commit_tree_missing_tree_argument	real_tool_trace	docs/cli/matrices/commit_tree_v2_47.tsv:38	safe to skip unless parser/error behavior changes	missing tree argument rejection stdout, stderr and exit status match stock Git
matrix:519897e0c5907e95	invalid-input parity	exact_invalid_input_variant	commit-tree	<positional:tree>	extra	<tree> -m root	index with staged files and extra tree argument	local	all	behavior matrix	tools/git-commit-tree-schema-oracle-smoke.sh::commit_tree_extra_tree_argument	real_tool_trace	docs/cli/matrices/commit_tree_v2_47.tsv:39	safe to skip unless parser/error behavior changes	extra tree argument rejection stdout, stderr and exit status match stock Git
matrix:a9eef530bd4c2df5	invalid-input parity	exact_invalid_input_variant	commit-tree	-p	missing	<tree> -m child	index with staged files and missing parent	local	all	behavior matrix	tools/git-commit-tree-schema-oracle-smoke.sh::commit_tree_missing_parent	real_tool_trace	docs/cli/matrices/commit_tree_v2_47.tsv:46	safe to skip unless parser/error behavior changes	missing parent rejection stdout, stderr and exit status match stock Git
matrix:457b8a8e809ffb3f	invalid-input parity	exact_invalid_input_variant	commit-tree	-F	=message.txt	<tree>	index with staged files and missing equals-prefixed message file	local	all	behavior matrix	tools/git-commit-tree-schema-oracle-smoke.sh::commit_tree_equals_message_file_missing	real_tool_trace	docs/cli/matrices/commit_tree_v2_47.tsv:47	safe to skip unless parser/error behavior changes	equals-prefixed message file rejection stdout, stderr and exit status match stock Git
matrix:37a0e8c2fae03894	invalid-input parity	exact_invalid_input_variant	commit-tree	-p	=missing	<tree> -m child	index with staged files and missing equals-prefixed parent	local	all	behavior matrix	tools/git-commit-tree-schema-oracle-smoke.sh::commit_tree_parent_rejects_equals_value	real_tool_trace	docs/cli/matrices/commit_tree_v2_47.tsv:48	safe to skip unless parser/error behavior changes	equals-prefixed parent rejection stdout, stderr and exit status match stock Git
matrix:db1f780868d7650d	invalid-input parity	exact_invalid_input_variant	commit-tree	--date	2001-02-03T04:05:06+0000	<tree> -m root	index with staged files and unsupported date option	local	all	behavior matrix	tools/git-commit-tree-schema-oracle-smoke.sh::commit_tree_rejects_date	real_tool_trace	docs/cli/matrices/commit_tree_v2_47.tsv:49	safe to skip unless parser/error behavior changes	unsupported date option rejection stdout, stderr and exit status match stock Git
matrix:79d57e4ca9aa689f	invalid-input parity	exact_invalid_input_variant	commit-tree	--date=2001-02-03T04:05:06+0000	<attached>	<tree> -m root	index with staged files and unsupported attached date option	local	all	behavior matrix	tools/git-commit-tree-schema-oracle-smoke.sh::commit_tree_rejects_attached_date	real_tool_trace	docs/cli/matrices/commit_tree_v2_47.tsv:50	safe to skip unless parser/error behavior changes	unsupported attached date option rejection stdout, stderr and exit status match stock Git
matrix:759d9528b04a0644	invalid-input parity	exact_invalid_input_variant	commit-tree	-S	missing	<tree> -m root	index with staged files and configured signing helper	local	all	behavior matrix	tools/git-commit-tree-schema-oracle-smoke.sh::commit_tree_gpg_sign_short_attached_missing_key	real_tool_trace	docs/cli/matrices/commit_tree_v2_47.tsv:51	safe to skip unless parser/error behavior changes	attached short gpg-sign missing-key rejection stdout, stderr and exit status match stock Git
matrix:931280cadf50fc08	invalid-input parity	exact_invalid_input_variant	commit-tree	--gpg-sign	missing	<tree> -m root	index with staged files and configured signing helper	local	all	behavior matrix	tools/git-commit-tree-schema-oracle-smoke.sh::commit_tree_gpg_sign_long_equals_missing_key	real_tool_trace	docs/cli/matrices/commit_tree_v2_47.tsv:52	safe to skip unless parser/error behavior changes	long gpg-sign missing-key rejection stdout, stderr and exit status match stock Git
matrix:71d57482ec8ed35d	invalid-input parity	exact_invalid_input_variant	commit-tree	--no-gpg-sign	true	<tree> -m root	index with staged files and unsupported no-gpg-sign value	local	all	behavior matrix	tools/git-commit-tree-schema-oracle-smoke.sh::commit_tree_no_gpg_sign_rejects_value	real_tool_trace	docs/cli/matrices/commit_tree_v2_47.tsv:53	safe to skip unless parser/error behavior changes	no-gpg-sign value rejection stdout, stderr and exit status match stock Git
matrix:c449299181727161	invalid-input parity	exact_invalid_input_variant	commit-tree	--no-gpg-sign	<empty value>	<tree> -m root	index with staged files and unsupported empty no-gpg-sign value	local	all	behavior matrix	tools/git-commit-tree-schema-oracle-smoke.sh::commit_tree_no_gpg_sign_rejects_empty_value	real_tool_trace	docs/cli/matrices/commit_tree_v2_47.tsv:54	safe to skip unless parser/error behavior changes	empty no-gpg-sign value rejection stdout, stderr and exit status match stock Git
matrix:65b015cac6cf83ca	invalid-input parity	exact_invalid_input_variant	commit-tree	-m	-F	<tree> -m -F message.txt	index with staged files and message option consuming next option token	local	all	behavior matrix	tools/git-commit-tree-schema-oracle-smoke.sh::commit_tree_message_missing_value_consumes_next_option	real_tool_trace	docs/cli/matrices/commit_tree_v2_47.tsv:55	safe to skip unless parser/error behavior changes	message option consuming -F as value rejection stdout, stderr and exit status match stock Git
matrix:21404661fb79fbec	invalid-input parity	exact_invalid_input_variant	commit-tree	-m	<missing>	<tree>	index with staged files and missing message value	local	all	behavior matrix	tools/git-commit-tree-schema-oracle-smoke.sh::commit_tree_message_missing_value	real_tool_trace	docs/cli/matrices/commit_tree_v2_47.tsv:56	safe to skip unless parser/error behavior changes	message option missing value rejection stdout, stderr and exit status match stock Git
matrix:5a04c707a59da300	invalid-input parity	exact_invalid_input_variant	commit-tree	-F	<missing>	<tree>	index with staged files and missing message-file value	local	all	behavior matrix	tools/git-commit-tree-schema-oracle-smoke.sh::commit_tree_message_file_missing_value	real_tool_trace	docs/cli/matrices/commit_tree_v2_47.tsv:57	safe to skip unless parser/error behavior changes	message-file option missing value rejection stdout, stderr and exit status match stock Git
matrix:b4be66f25bc0e45f	invalid-input parity	exact_invalid_input_variant	commit-tree	-p	<missing>	<tree>	index with staged files and missing parent value	local	all	behavior matrix	tools/git-commit-tree-schema-oracle-smoke.sh::commit_tree_parent_missing_value	real_tool_trace	docs/cli/matrices/commit_tree_v2_47.tsv:58	safe to skip unless parser/error behavior changes	parent option missing value rejection stdout, stderr and exit status match stock Git
matrix:78c41448aa118d33	invalid-input parity	exact_invalid_input_variant	commit-tree	--	-m root	delimiter before option without tree	index with staged files and delimiter making option positional	local	all	behavior matrix	tools/git-commit-tree-schema-oracle-smoke.sh::commit_tree_delimiter_then_option_is_tree	real_tool_trace	docs/cli/matrices/commit_tree_v2_47.tsv:59	safe to skip unless parser/error behavior changes	delimiter before option rejection stdout, stderr and exit status match stock Git
matrix:39b49eadcaeb1406	invalid-input parity	exact_invalid_input_variant	commit-tree	--	<tree> -m root	delimiter before tree plus extra argument	index with staged files and delimiter before tree	local	all	behavior matrix	tools/git-commit-tree-schema-oracle-smoke.sh::commit_tree_delimiter_before_tree_rejects_extra	real_tool_trace	docs/cli/matrices/commit_tree_v2_47.tsv:60	safe to skip unless parser/error behavior changes	delimiter before tree with extra argument rejection stdout, stderr and exit status match stock Git
matrix:2dd8f4eb375c4ba2	invalid-input parity	exact_invalid_input_variant	commit-tree	--	-m root	<tree> -- -m root	index with staged files and delimiter after tree	local	all	behavior matrix	tools/git-commit-tree-schema-oracle-smoke.sh::commit_tree_tree_then_delimiter_rejects_extra	real_tool_trace	docs/cli/matrices/commit_tree_v2_47.tsv:61	safe to skip unless parser/error behavior changes	delimiter after tree with extra argument rejection stdout, stderr and exit status match stock Git
matrix:63369679bd630ffd	invalid-input parity	exact_invalid_input_variant	commit	<none>	<empty>	GIT_EDITOR=unchanged buffer	staged new tracked file	local	all	behavior matrix	git_commit_compat::commit_editor_empty_and_unchanged_abort_like_stock_git	stock_git_oracle_test	docs/cli/matrices/commit_v2_47.tsv:61	safe to skip unless parser/error behavior changes	unchanged editor buffer aborts with stock failure output and no commit
matrix:a9561f56938e1512	invalid-input parity	exact_invalid_input_variant	commit	<none>	<empty>	GIT_EDITOR=empty buffer	staged new tracked file	local	all	behavior matrix	git_commit_compat::commit_editor_empty_and_unchanged_abort_like_stock_git	stock_git_oracle_test	docs/cli/matrices/commit_v2_47.tsv:62	safe to skip unless parser/error behavior changes	empty editor buffer aborts with stock failure output and no commit
matrix:ab061e3889a78c4a	invalid-input parity	exact_invalid_input_variant	commit	--template	template.txt	GIT_EDITOR=true unchanged template	staged new tracked file	local	all	behavior matrix	git_commit_compat::commit_template_requires_editor_change_like_stock_git	stock_git_oracle_test	docs/cli/matrices/commit_v2_47.tsv:65	safe to skip unless parser/error behavior changes	unchanged template commit aborts with stock failure output
matrix:e50bac61005b6b26	invalid-input parity	exact_invalid_input_variant	commit	--squash	HEAD	--fixup HEAD	staged tracked modification	local	all	behavior matrix	git_cli_failure_compat::commit_conflict_and_invalid_cleanup_failures_match_stock_git	stock_git_oracle_test	docs/cli/matrices/commit_v2_47.tsv:75	safe to skip unless parser/error behavior changes	conflicting fixup and squash options fail with stock exit code and diagnostic
matrix:6170a96c5153edfe	invalid-input parity	exact_invalid_input_variant	commit	--cleanup	bogus	-m msg	staged tracked modification	local	all	behavior matrix	git_cli_failure_compat::commit_conflict_and_invalid_cleanup_failures_match_stock_git	stock_git_oracle_test	docs/cli/matrices/commit_v2_47.tsv:76	safe to skip unless parser/error behavior changes	invalid cleanup mode fails with stock exit code and diagnostic
matrix:caa7f03ccdc1f2d2	invalid-input parity	exact_invalid_input_variant	config	--file	/no/such/file	read missing file	repository with local config	local	all	behavior matrix	tools/git-schema-parser-oracle-smoke.sh::config_file_missing_long	real_tool_trace	docs/cli/matrices/config_v2_47.tsv:2	safe to skip unless parser/error behavior changes	missing explicit config file exits 1 with empty stdout and stderr like stock Git
matrix:cad0e7aafaf843f9	invalid-input parity	exact_invalid_input_variant	config	-f	/no/such/file	read missing file	repository with local config	local	all	behavior matrix	tools/git-schema-parser-oracle-smoke.sh::config_file_missing_short	real_tool_trace	docs/cli/matrices/config_v2_47.tsv:3	safe to skip unless parser/error behavior changes	missing explicit config file through short option exits 1 with empty stdout and stderr like stock Git
matrix:9d5f525ae50f9f1d	invalid-input parity	exact_invalid_input_variant	config	--unset-all	user.none	unset missing key	repository without key	local	all	behavior matrix	tools/git-schema-parser-oracle-smoke.sh::config_unset_all_missing	real_tool_trace	docs/cli/matrices/config_v2_47.tsv:6	safe to skip unless parser/error behavior changes	missing unset-all exits 5 with empty stdout/stderr and unchanged refs/config like stock Git
matrix:273fb367fcefc739	invalid-input parity	exact_invalid_input_variant	config	--get	key	includeIf hasconfig nested remote URL	global config forbidden include	local	all	behavior matrix	git_admin_tools_compat::config_include_hasconfig_matches_stock_git	stock_git_oracle_test	docs/cli/matrices/config_v2_47.tsv:60	safe to skip unless parser/error behavior changes	nested remote URL in included hasconfig file is rejected like stock Git
matrix:fa454e43e825eab9	invalid-input parity	exact_invalid_input_variant	config	--type	bool	invalid value write	local repository	local	all	behavior matrix	git_admin_tools_compat::config_type_bool_matches_stock_git_for_get_set_and_failures	stock_git_oracle_test	docs/cli/matrices/config_v2_47.tsv:62	safe to skip unless parser/error behavior changes	invalid bool write failure matches stock Git
matrix:4df63ee29f4b949d	invalid-input parity	exact_invalid_input_variant	config	--type	bool	invalid stored value	local repository	local	all	behavior matrix	git_admin_tools_compat::config_type_bool_matches_stock_git_for_get_set_and_failures	stock_git_oracle_test	docs/cli/matrices/config_v2_47.tsv:63	safe to skip unless parser/error behavior changes	invalid stored bool read failure matches stock Git
matrix:df005f081a23871d	invalid-input parity	exact_invalid_input_variant	config	--type	int	invalid value	local repository	local	all	behavior matrix	git_admin_tools_compat::config_type_int_and_bool_or_int_match_stock_git	stock_git_oracle_test	docs/cli/matrices/config_v2_47.tsv:71	safe to skip unless parser/error behavior changes	invalid integer write failure matches stock Git
matrix:8b9186b594ecd8a9	invalid-input parity	exact_invalid_input_variant	config	--int	<empty>	--bool conflict	local repository	local	all	behavior matrix	git_admin_tools_compat::config_legacy_type_flags_match_stock_git	stock_git_oracle_test	docs/cli/matrices/config_v2_47.tsv:108	safe to skip unless parser/error behavior changes	conflicting legacy type flags fail like stock Git
matrix:f5718ada88fdb62f	invalid-input parity	exact_invalid_input_variant	config	--type	expiry-date	invalid stored value	local repository	local	all	behavior matrix	git_admin_tools_compat::config_type_path_expiry_and_color_match_stock_git	stock_git_oracle_test	docs/cli/matrices/config_v2_47.tsv:120	safe to skip unless parser/error behavior changes	invalid expiry-date read exit status matches stock Git
matrix:7f24c7a712eab54b	invalid-input parity	exact_invalid_input_variant	config	--type	color	invalid value	local repository	local	all	behavior matrix	git_admin_tools_compat::config_type_path_expiry_and_color_match_stock_git	stock_git_oracle_test	docs/cli/matrices/config_v2_47.tsv:130	safe to skip unless parser/error behavior changes	invalid color write failure matches stock Git
matrix:461e0d93821d4133	invalid-input parity	exact_invalid_input_variant	config	--type	bogus	invalid type value	local repository	local	all	behavior matrix	git_admin_tools_compat::config_type_path_expiry_and_color_match_stock_git	stock_git_oracle_test	docs/cli/matrices/config_v2_47.tsv:131	safe to skip unless parser/error behavior changes	unsupported config type guard is classified as stock-compatible invalid input with exit code and fatal diagnostic parity
matrix:1b3e725af4cd6af1	invalid-input parity	exact_invalid_input_variant	config	--config-env	missing env key	global option plus get	env variable missing	local	all	behavior matrix	git_global_cli_compat::global_config_option_overrides_runtime_config_like_stock_git	stock_git_oracle_test	docs/cli/matrices/config_v2_47.tsv:137	safe to skip unless parser/error behavior changes	missing config-env variable failure matches stock Git
matrix:18e3db07a7f0d279	invalid-input parity	exact_invalid_input_variant	config	-c	bad global config	global option plus get	local repository	local	all	behavior matrix	git_global_cli_compat::global_config_option_overrides_runtime_config_like_stock_git	stock_git_oracle_test	docs/cli/matrices/config_v2_47.tsv:138	safe to skip unless parser/error behavior changes	malformed inline config failure matches stock Git
matrix:434c5a67af0246aa	invalid-input parity	exact_invalid_input_variant	config	--value	t.*	modern set multi-match rejection	local repository with multiple matching values	local	all	behavior matrix	git_admin_tools_compat::config_write_value_pattern_and_replace_all_match_stock_git	stock_git_oracle_test	docs/cli/matrices/config_v2_47.tsv:150	safe to skip unless parser/error behavior changes	modern set with multiple matching values keeps stock warning-only failure
matrix:e5caa4c081ebd7a7	invalid-input parity	exact_invalid_input_variant	config	--url	https://example.com/repo.git	--all conflict	local repository with nested url rewrites	local	all	behavior matrix	git_admin_tools_compat::config_urlmatch_get_family_matches_stock_git	stock_git_oracle_test	docs/cli/matrices/config_v2_47.tsv:161	safe to skip unless parser/error behavior changes	urlmatch rejects --all combinations with the stock fatal diagnostic
matrix:038cdc605ff50d3e	invalid-input parity	exact_invalid_input_variant	count-objects	--verbose	true	invalid verbose value	local repository with loose objects	local	all	behavior matrix	tools/git-count-objects-schema-oracle-smoke.sh::count_objects_verbose_long_rejects_value	real_tool_trace	docs/cli/matrices/count_objects_v2_47.tsv:43	safe to skip unless parser/error behavior changes	stock Git rejects verbose value with exit 129 and matching stderr
matrix:e6b68bb9f6c81828	invalid-input parity	exact_invalid_input_variant	count-objects	-v	true	invalid short verbose value	local repository with loose objects	local	all	behavior matrix	tools/git-count-objects-schema-oracle-smoke.sh::count_objects_verbose_short_rejects_value	real_tool_trace	docs/cli/matrices/count_objects_v2_47.tsv:44	safe to skip unless parser/error behavior changes	stock Git rejects short verbose value with exit 129 and matching stderr
matrix:8ab44aa25c4ff82e	invalid-input parity	exact_invalid_input_variant	count-objects	--human-readable	true	invalid human-readable value	local repository with loose objects	local	all	behavior matrix	tools/git-count-objects-schema-oracle-smoke.sh::count_objects_human_long_rejects_value	real_tool_trace	docs/cli/matrices/count_objects_v2_47.tsv:45	safe to skip unless parser/error behavior changes	stock Git rejects human-readable value with exit 129 and matching stderr
matrix:9c69005455ff1bae	invalid-input parity	exact_invalid_input_variant	count-objects	-H	true	invalid short human-readable value	local repository with loose objects	local	all	behavior matrix	tools/git-count-objects-schema-oracle-smoke.sh::count_objects_human_short_rejects_value	real_tool_trace	docs/cli/matrices/count_objects_v2_47.tsv:46	safe to skip unless parser/error behavior changes	stock Git rejects short human-readable value with exit 129 and matching stderr
matrix:f440335adc7effb2	invalid-input parity	exact_invalid_input_variant	count-objects	--no-verbose	true	invalid no-verbose value	local repository with loose objects	local	all	behavior matrix	tools/git-count-objects-schema-oracle-smoke.sh::count_objects_no_verbose_rejects_true	real_tool_trace	docs/cli/matrices/count_objects_v2_47.tsv:47	safe to skip unless parser/error behavior changes	stock Git rejects no-verbose value with exit 129 and matching stderr
matrix:bce0e99472e0e112	invalid-input parity	exact_invalid_input_variant	count-objects	--no-human-readable	true	invalid no-human-readable value	local repository with loose objects	local	all	behavior matrix	tools/git-count-objects-schema-oracle-smoke.sh::count_objects_no_human_rejects_true	real_tool_trace	docs/cli/matrices/count_objects_v2_47.tsv:48	safe to skip unless parser/error behavior changes	stock Git rejects no-human-readable value with exit 129 and matching stderr
matrix:dde3fc57f2773403	invalid-input parity	exact_invalid_input_variant	count-objects	--no-verbose	false	invalid no-verbose false value	local repository with loose objects	local	all	behavior matrix	tools/git-count-objects-schema-oracle-smoke.sh::count_objects_no_verbose_rejects_false	real_tool_trace	docs/cli/matrices/count_objects_v2_47.tsv:49	safe to skip unless parser/error behavior changes	stock Git rejects no-verbose false value with exit 129 and matching stderr
matrix:e5ca4361f1fdbf0b	invalid-input parity	exact_invalid_input_variant	count-objects	--no-human-readable	false	invalid no-human-readable false value	local repository with loose objects	local	all	behavior matrix	tools/git-count-objects-schema-oracle-smoke.sh::count_objects_no_human_rejects_false	real_tool_trace	docs/cli/matrices/count_objects_v2_47.tsv:50	safe to skip unless parser/error behavior changes	stock Git rejects no-human-readable false value with exit 129 and matching stderr
matrix:d75709b37ddee90d	invalid-input parity	exact_invalid_input_variant	credential-store	--file	<missing action>	separate file option without action	isolated HOME	local	all	behavior matrix	tools/git-credential-store-schema-oracle-smoke.sh::credential_store_file_missing_action_separate	real_tool_trace	docs/cli/matrices/credential_store_v2_47.tsv:9	safe to skip unless parser/error behavior changes	separate file option without action exits with stock usage
matrix:040bd8994f034a90	invalid-input parity	exact_invalid_input_variant	credential-store	--file	<missing action>	equals-form file option without action	isolated HOME	local	all	behavior matrix	tools/git-credential-store-schema-oracle-smoke.sh::credential_store_file_missing_action_equals	real_tool_trace	docs/cli/matrices/credential_store_v2_47.tsv:10	safe to skip unless parser/error behavior changes	equals-form file option without action exits with stock usage
matrix:9ff3ef9361039166	invalid-input parity	exact_invalid_input_variant	credential-store	--file	<missing>	missing file value	isolated HOME	local	all	behavior matrix	tools/git-credential-store-schema-oracle-smoke.sh::credential_store_file_missing_value	real_tool_trace	docs/cli/matrices/credential_store_v2_47.tsv:11	safe to skip unless parser/error behavior changes	stock Git rejects missing file value with exit 129 and matching stderr
matrix:05e0f728ba3692db	invalid-input parity	exact_invalid_input_variant	credential-store	--no-file	true	store action with complete credential stdin	isolated HOME	local	all	behavior matrix	tools/git-credential-store-schema-oracle-smoke.sh::credential_store_no_file_rejects_value	real_tool_trace	docs/cli/matrices/credential_store_v2_47.tsv:12	safe to skip unless parser/error behavior changes	stock Git rejects no-file value with exit 129 and matching stderr
matrix:fbf8f85ac85d132d	invalid-input parity	exact_invalid_input_variant	credential	<subcommand>	fill	missing username/password stdin	local repository	local	all	behavior matrix	git_credential_compat::credential_matches_stock_git_for_basic_protocol_flows	stock_git_oracle_test	docs/cli/matrices/credential_v2_47.tsv:6	safe to skip unless parser/error behavior changes	missing credential fields fail with stock exit status and diagnostics
matrix:c1f3619daca297d4	invalid-input parity	exact_invalid_input_variant	daemon	--inetd	<empty>	unknown service request	bare repository under daemon root	stdin/stdout	all	behavior matrix	tools/git-daemon-schema-oracle-smoke.sh::daemon_inetd_unknown_service; git_transport_http_compat::daemon_unknown_service_matches_stock_git_inetd_failure	real_tool_trace	docs/cli/matrices/daemon_v2_47.tsv:5	safe to skip unless parser/error behavior changes	inetd mode rejects an unknown service request with stock-compatible exit status, stdout and stderr
matrix:8b4579a91bad373b	invalid-input parity	exact_invalid_input_variant	daemon	--group	staff	--group=staff with no --user	bare repository under daemon root	git daemon	all	behavior matrix	tools/git-daemon-schema-oracle-smoke.sh::daemon_group_requires_user	real_tool_trace	docs/cli/matrices/daemon_v2_47.tsv:12	safe to skip unless parser/error behavior changes	group without user reproduces the stock startup fatal requiring --user
matrix:20b51541a70ae376	invalid-input parity	exact_invalid_input_variant	daemon	--user	nobody	--user=nobody --base-path --listen --port --export-all	bare repository under daemon root	git daemon	all	behavior matrix	tools/git-daemon-schema-oracle-smoke.sh::daemon_user_cannot_drop_privileges	real_tool_trace	docs/cli/matrices/daemon_v2_47.tsv:26	safe to skip unless parser/error behavior changes	user reproduces the stock startup fatal when the daemon cannot drop privileges on the current local lane
matrix:208e06dc8195ae40	invalid-input parity	exact_invalid_input_variant	diff	<tree> <blob>	mixed object ids	invalid mixed operand pair	loose blob and tree objects	local	all	behavior matrix	git_diff_compat::diff_mixed_tree_and_blob_operands_match_stock_git_usage	stock_git_oracle_test	docs/cli/matrices/diff_v2_47.tsv:18	safe to skip unless parser/error behavior changes	mixed tree/blob operands exit 129 with stock diff usage text in either order
matrix:60fa732c594a9b3b	invalid-input parity	exact_invalid_input_variant	diff	--diff-filter	Z/@/A@	--cached --name-status	staged modify	local	all	behavior matrix	git_diff_compat::diff_filter_invalid_change_classes_match_stock_git	stock_git_oracle_test	docs/cli/matrices/diff_v2_47.tsv:90	safe to skip unless parser/error behavior changes	invalid diff-filter change classes exit 129 with stock unknown-change-class diagnostics
matrix:f9398c64e5187bd3	invalid-input parity	exact_invalid_input_variant	diff	--no-index	<empty>	missing second path	one existing worktree file and one missing path	local	all	behavior matrix	git_diff_compat::diff_check_and_no_index_errors_match_stock_git	stock_git_oracle_test	docs/cli/matrices/diff_v2_47.tsv:183	safe to skip unless parser/error behavior changes	missing no-index path diagnostics and exit status match stock Git
matrix:cbd6883d2a43b623	invalid-input parity	exact_invalid_input_variant	diff	--no-rename	<empty>	worktree default diff	modified tracked worktree	local	all	behavior matrix	git_diff_compat::diff_no_rename_abbreviation_is_rejected_like_stock_git	stock_git_oracle_test	docs/cli/matrices/diff_v2_47.tsv:252	safe to skip unless parser/error behavior changes	abbreviated no-rename spelling is rejected with stock invalid-option diagnostics
matrix:097b083f14775f31	invalid-input parity	exact_invalid_input_variant	fast-export	--anonymize-map	map.txt	without --anonymize	two-commit repository with nested path plus local map file	local	all	behavior matrix	git_fast_import_export_compat::fast_export_anonymize_map_requires_anonymize_like_stock_git	stock_git_oracle_test	docs/cli/matrices/fast_export_v2_47.tsv:9	safe to skip unless parser/error behavior changes	anonymize-map without anonymize exits with the stock fatal precondition requiring --anonymize
matrix:841f5085f1040c6d	invalid-input parity	exact_invalid_input_variant	fast-export	--no-all	<empty>	negated all option with HEAD	one-commit repository	local	all	behavior matrix	tools/git-fast-export-schema-gap-probe.sh::fast_export_no_all_rejected	real_tool_trace	docs/cli/matrices/fast_export_v2_47.tsv:10	safe to skip unless parser/error behavior changes	negated all option exits with stock usage stdout, stderr and exit status
matrix:1a7dc8ad02819ff1	invalid-input parity	exact_invalid_input_variant	fast-export	--all	true	value rejection	one-commit repository	local	all	behavior matrix	tools/git-fast-export-schema-gap-probe.sh::fast_export_all_rejects_value	real_tool_trace	docs/cli/matrices/fast_export_v2_47.tsv:11	safe to skip unless parser/error behavior changes	all option value rejection exits with stock usage stdout, stderr and exit status
matrix:cacacd473c57b487	invalid-input parity	exact_invalid_input_variant	fast-export	--all	<empty>	empty value rejection	one-commit repository	local	all	behavior matrix	tools/git-fast-export-schema-gap-probe.sh::fast_export_all_rejects_empty_value	real_tool_trace	docs/cli/matrices/fast_export_v2_47.tsv:12	safe to skip unless parser/error behavior changes	all option empty value rejection exits with stock usage stdout, stderr and exit status
matrix:c08320bde41a27ea	invalid-input parity	exact_invalid_input_variant	fast-export	--progress	bogus	value rejection	two-commit repository with nested path	local	all	behavior matrix	git_fast_import_export_compat::fast_export_invalid_value_diagnostics_match_stock_git	stock_git_oracle_test	docs/cli/matrices/fast_export_v2_47.tsv:59	safe to skip unless parser/error behavior changes	progress rejects non-numeric cadence values with the stock fatal diagnostic on the current helper-free local lane
matrix:286ccffe2a33ef85	invalid-input parity	exact_invalid_input_variant	fast-export	--signed-tags	bogus	value rejection	two-commit repository with nested path	local	all	behavior matrix	git_fast_import_export_compat::fast_export_invalid_value_diagnostics_match_stock_git	stock_git_oracle_test	docs/cli/matrices/fast_export_v2_47.tsv:60	safe to skip unless parser/error behavior changes	signed-tags rejects unknown modes with the stock fatal diagnostic on the current no-tag helper-free lane
matrix:cf5f80f999dff068	invalid-input parity	exact_invalid_input_variant	fast-export	--tag-of-filtered-object	bogus	value rejection	two-commit repository with nested path	local	all	behavior matrix	git_fast_import_export_compat::fast_export_invalid_value_diagnostics_match_stock_git	stock_git_oracle_test	docs/cli/matrices/fast_export_v2_47.tsv:61	safe to skip unless parser/error behavior changes	tag-of-filtered-object rejects unknown modes with the stock fatal diagnostic on the current unfiltered helper-free lane
matrix:946deebec0db3580	invalid-input parity	exact_invalid_input_variant	fast-export	--reencode	bogus	value rejection	two-commit repository with nested path	local	all	behavior matrix	git_fast_import_export_compat::fast_export_invalid_value_diagnostics_match_stock_git	stock_git_oracle_test	docs/cli/matrices/fast_export_v2_47.tsv:62	safe to skip unless parser/error behavior changes	reencode rejects unknown modes with the stock fatal diagnostic on the current UTF-8 helper-free lane
matrix:bca2fe689e58f378	invalid-input parity	exact_invalid_input_variant	fast-import	--date-format	bogus	invalid date format value	empty repository	local	all	behavior matrix	git_fast_import_date_compat::fast_import_invalid_date_format_matches_stock_git_crash_shape	stock_git_oracle_test	docs/cli/matrices/fast_import_v2_47.tsv:12	safe to skip unless parser/error behavior changes	unknown date-format value exits 128, prints stock fatal/crash-report stderr and writes .git/fast_import_crash_* instead of a custom unsupported-date-format fatal diagnostic
matrix:309d601a3fc383a0	invalid-input parity	exact_invalid_input_variant	fast-import	<input stream>	unknown top-level command	invalid stream command	empty repository	local	all	behavior matrix	git_fast_import_date_compat::fast_import_unknown_top_level_command_matches_stock_git_crash_shape	stock_git_oracle_test	docs/cli/matrices/fast_import_v2_47.tsv:13	safe to skip unless parser/error behavior changes	unknown top-level command exits 128, prints stock fatal/crash-report stderr and writes .git/fast_import_crash_* instead of a custom unsupported-command fatal diagnostic
matrix:31e7123eb61a5fe6	invalid-input parity	exact_invalid_input_variant	fast-import	<input stream>	unknown commit command	commit record with invalid stream command	empty repository	local	all	behavior matrix	git_fast_import_date_compat::fast_import_unknown_commit_command_matches_stock_git_crash_shape	stock_git_oracle_test	docs/cli/matrices/fast_import_v2_47.tsv:14	safe to skip unless parser/error behavior changes	unknown command inside a commit record exits 128, prints stock fatal/crash-report stderr, writes .git/fast_import_crash_*, leaves the destination ref absent and writes the same unreferenced loose object count as stock Git
matrix:902a2ebdbde06b7a	invalid-input parity	exact_invalid_input_variant	fast-import	--done	<empty>	missing done terminator	empty repository	local	all	behavior matrix	git_fast_import_date_compat::fast_import_done_flag_requires_done_terminator_like_stock_git	stock_git_oracle_test	docs/cli/matrices/fast_import_v2_47.tsv:23	safe to skip unless parser/error behavior changes	done flag without a stream terminator exits 128, prints stock fatal/crash-report stderr and writes .git/fast_import_crash_* like stock Git
matrix:ccb688067c7b9ffb	invalid-input parity	exact_invalid_input_variant	fast-import	--relative-marks	rel	done-terminated simple commit stream	empty repository	local	all	behavior matrix	git_fast_import_date_compat::fast_import_relative_marks_and_rewrite_submodules_fail_like_stock_git	stock_git_oracle_test	docs/cli/matrices/fast_import_v2_47.tsv:47	safe to skip unless parser/error behavior changes	relative-marks currently fails like stock Git with the same unknown-option fatal and fast-import crash-report stderr shape
matrix:08d499c3dbb7e1fe	invalid-input parity	exact_invalid_input_variant	fast-import	feature export-marks	marks.txt	stream feature export-marks without --allow-unsafe-features	empty repository	local	all	behavior matrix	git_fast_import_date_compat::fast_import_stream_feature_marks_fail_like_stock_git	stock_git_oracle_test	docs/cli/matrices/fast_import_v2_47.tsv:48	safe to skip unless parser/error behavior changes	stream feature export-marks is rejected without --allow-unsafe-features with the stock unsafe-feature fatal and fast-import crash-report stderr shape
matrix:d58d5f593cdcf47a	invalid-input parity	exact_invalid_input_variant	fast-import	feature import-marks	one.marks	stream feature import-marks without --allow-unsafe-features	empty repository	local	all	behavior matrix	git_fast_import_date_compat::fast_import_stream_feature_marks_fail_like_stock_git	stock_git_oracle_test	docs/cli/matrices/fast_import_v2_47.tsv:49	safe to skip unless parser/error behavior changes	stream feature import-marks is rejected without --allow-unsafe-features with the stock unsafe-feature fatal and fast-import crash-report stderr shape
matrix:23b56d4938d28d04	invalid-input parity	exact_invalid_input_variant	fast-import	feature import-marks-if-exists	one.marks	stream feature import-marks-if-exists without --allow-unsafe-features	empty repository	local	all	behavior matrix	git_fast_import_date_compat::fast_import_stream_feature_marks_fail_like_stock_git	stock_git_oracle_test	docs/cli/matrices/fast_import_v2_47.tsv:50	safe to skip unless parser/error behavior changes	stream feature import-marks-if-exists is rejected without --allow-unsafe-features with the stock unsafe-feature fatal and fast-import crash-report stderr shape
matrix:7b0050ccba59b17d	invalid-input parity	exact_invalid_input_variant	fast-import	feature import-marks	two.marks	repeated after stream feature import-marks=one.marks under --allow-unsafe-features	empty repository with one.marks and two.marks files	local	all	behavior matrix	git_fast_import_date_compat::fast_import_stream_feature_marks_fail_like_stock_git	stock_git_oracle_test	docs/cli/matrices/fast_import_v2_47.tsv:51	safe to skip unless parser/error behavior changes	repeated stream import-marks commands remain a stock-compatible fatal even when unsafe features are allowed
matrix:530306e53612af5e	invalid-input parity	exact_invalid_input_variant	fast-import	feature import-marks-if-exists	two.marks	after stream feature import-marks=one.marks under --allow-unsafe-features	empty repository with one.marks and two.marks files	local	all	behavior matrix	git_fast_import_date_compat::fast_import_stream_feature_marks_fail_like_stock_git	stock_git_oracle_test	docs/cli/matrices/fast_import_v2_47.tsv:52	safe to skip unless parser/error behavior changes	mixed stream import-marks and import-marks-if-exists commands are rejected like stock Git with the same only-one-import-marks fatal
matrix:191037f0d07fcd91	invalid-input parity	exact_invalid_input_variant	fast-import	feature import-marks-if-exists	two.marks	repeated after stream feature import-marks-if-exists=one.marks under --allow-unsafe-features	empty repository with one.marks and two.marks files	local	all	behavior matrix	git_fast_import_date_compat::fast_import_stream_feature_marks_fail_like_stock_git	stock_git_oracle_test	docs/cli/matrices/fast_import_v2_47.tsv:53	safe to skip unless parser/error behavior changes	repeated stream import-marks-if-exists commands are rejected like stock Git with the same only-one-import-marks fatal
matrix:d366f640a953ae42	invalid-input parity	exact_invalid_input_variant	fast-import	--import-marks	one.marks	CLI import-marks with repeated stream feature import-marks commands under --allow-unsafe-features	empty repository with one.marks and two.marks files	local	all	behavior matrix	git_fast_import_date_compat::fast_import_stream_feature_marks_fail_like_stock_git	stock_git_oracle_test	docs/cli/matrices/fast_import_v2_47.tsv:54	safe to skip unless parser/error behavior changes	command-line import-marks does not suppress the stock repeated-stream fatal when multiple import-marks feature commands appear
matrix:275180611e7ca1e0	invalid-input parity	exact_invalid_input_variant	fast-import	--rewrite-submodules-from	a:b	done-terminated simple commit stream	empty repository	local	all	behavior matrix	git_fast_import_date_compat::fast_import_relative_marks_and_rewrite_submodules_fail_like_stock_git	stock_git_oracle_test	docs/cli/matrices/fast_import_v2_47.tsv:55	safe to skip unless parser/error behavior changes	rewrite-submodules-from currently fails like stock Git with the same missing rewrite map file fatal and fast-import crash-report stderr shape
matrix:a4e2fd8911359484	invalid-input parity	exact_invalid_input_variant	fast-import	--rewrite-submodules-to	a:b	done-terminated simple commit stream	empty repository	local	all	behavior matrix	git_fast_import_date_compat::fast_import_relative_marks_and_rewrite_submodules_fail_like_stock_git	stock_git_oracle_test	docs/cli/matrices/fast_import_v2_47.tsv:56	safe to skip unless parser/error behavior changes	rewrite-submodules-to currently fails like stock Git with the same missing rewrite map file fatal and fast-import crash-report stderr shape
matrix:54a1393b65516ce8	invalid-input parity	exact_invalid_input_variant	fetch-pack	--upload-pack	git-upload-pack	separate value local bare repository	local bare repository with main branch	local	all	behavior matrix	tools/git-fetch-pack-schema-gap-probe.sh::fetch_pack_upload_pack_separate	real_tool_trace	docs/cli/matrices/fetch_pack_v2_47.tsv:21	safe to skip unless parser/error behavior changes	matches stock Git 2.47.1 usage rejection for the unsupported separate upload-pack form with exact stdout, stderr, exit status and no pack side effects
matrix:88159ddc1059963a	invalid-input parity	exact_invalid_input_variant	fetch-pack	--verbose	<empty>	local bare repository	local bare repository with main branch	local	all	behavior matrix	tools/git-fetch-pack-schema-gap-probe.sh::fetch_pack_verbose_long	real_tool_trace	docs/cli/matrices/fetch_pack_v2_47.tsv:23	safe to skip unless parser/error behavior changes	matches stock Git 2.47.1 rejection with exit 129, empty stdout, exact usage stderr and no pack side effects; only short -v is supported
matrix:ff80052de9c1813e	invalid-input parity	exact_invalid_input_variant	fetch	<config>	http.extraHeader custom header	named remote	client config includes X-Zmin-Token header for smart HTTP remote	smart HTTP	all	behavior matrix	git_transport_http_compat::fetch_sends_configured_http_extra_header	stock_git_oracle_test	docs/cli/matrices/fetch_v2_47.tsv:7	safe to skip unless parser/error behavior changes	fetch sends configured http.extraHeader values on smart HTTP discovery like stock Git before the failing exchange
matrix:6e45f2394db9e9a0	invalid-input parity	exact_invalid_input_variant	fetch	<config>	http.userAgent custom agent	named remote	client config includes custom http.userAgent for smart HTTP remote	smart HTTP	all	behavior matrix	git_transport_http_compat::fetch_sends_configured_http_user_agent	stock_git_oracle_test	docs/cli/matrices/fetch_v2_47.tsv:8	safe to skip unless parser/error behavior changes	fetch sends the configured User-Agent header on smart HTTP discovery like stock Git before the failing exchange
matrix:6e80883ff064905d	invalid-input parity	exact_invalid_input_variant	fetch	<refspec>	malformed	explicit local path refspec	invalid refspec	local	all	behavior matrix	git_transport_local_compat::fetch_malformed_explicit_location_refspec_matches_stock_git_failure	stock_git_oracle_test	docs/cli/matrices/fetch_v2_47.tsv:15	safe to skip unless parser/error behavior changes	malformed explicit-location refspec exits 128 with stock invalid-refspec stderr and does not create FETCH_HEAD
matrix:e6598782abf2b0c9	invalid-input parity	exact_invalid_input_variant	fetch	<refspec>	source to checked-out branch	explicit local path refspec	current branch checked out	local	all	behavior matrix	git_transport_local_compat::fetch_direct_location_refspec_rejects_current_branch_destination_like_stock_git	stock_git_oracle_test	docs/cli/matrices/fetch_v2_47.tsv:16	safe to skip unless parser/error behavior changes	refuses to fetch into the checked-out current branch without --update-head-ok and emits stock-shaped fatal stderr
matrix:65e1ac78d52b0c6a	invalid-input parity	exact_invalid_input_variant	fetch	<location>	unsupported bundle format	explicit refspec	invalid bundle file	bundle	all	behavior matrix	git_transport_local_compat::fetch_invalid_bundle_file_matches_stock_git	stock_git_oracle_test	docs/cli/matrices/fetch_v2_47.tsv:26	safe to skip unless parser/error behavior changes	stock Git treats an invalid bundle file as an unreadable remote repository, writes an empty FETCH_HEAD and leaves destination refs unchanged
matrix:7926b133541caf60	invalid-input parity	exact_invalid_input_variant	fetch	--negotiation-tip	<missing-object>	repeated with HEAD on named remote	cloned local remote	local/file	all	behavior matrix	git_transport_local_compat::fetch_negotiation_tip_rejects_missing_object_like_stock_git	stock_git_oracle_test	docs/cli/matrices/fetch_v2_47.tsv:62	safe to skip unless parser/error behavior changes	missing negotiation-tip object exits 128 with stock fatal object-does-not-exist stderr
matrix:b64baa83740fc9ac	invalid-input parity	exact_invalid_input_variant	fetch	<none>	<empty>	remote-tracking directory/file conflict with prune hint	cloned local remote with conflicting refs/remotes/origin namespace	local	all	behavior matrix	git_transport_local_compat::fetch_rejects_remote_tracking_directory_file_conflict_with_prune_hint_like_stock_git	stock_git_oracle_test	docs/cli/matrices/fetch_v2_47.tsv:70	safe to skip unless parser/error behavior changes	conflicting remote-tracking directory/file refs fail with the stock prune-hint stderr for both loose and packed ref states
matrix:5e28ff2149c426af	invalid-input parity	exact_invalid_input_variant	fetch	--depth	<n>	missing explicit remote	missing source	local	all	behavior matrix	git_cli_failure_compat::invalid_option_combinations_match_stock_git_failures	stock_git_oracle_test	docs/cli/matrices/fetch_v2_47.tsv:150	safe to skip unless parser/error behavior changes	matches stock Git missing repository stderr including remote-access footer
matrix:0127f7b73d70750d	invalid-input parity	exact_invalid_input_variant	fetch	--unshallow	<empty>	named remote	complete repo	local/file	all	behavior matrix	git_transport_local_compat::fetch_unshallow_complete_repo_matches_stock_git_failure	stock_git_oracle_test	docs/cli/matrices/fetch_v2_47.tsv:153	safe to skip unless parser/error behavior changes	matches stock Git fatal for complete repositories
matrix:fb1735f9504ba7f7	invalid-input parity	exact_invalid_input_variant	fetch	--server-option	<missing>	missing value	invalid server-option value	any	all	behavior matrix	git_cli_failure_compat::invalid_option_combinations_match_stock_git_failures	stock_git_oracle_test	docs/cli/matrices/fetch_v2_47.tsv:209	safe to skip unless parser/error behavior changes	fails with stock Git option-value diagnostic before transport selection
matrix:c6875b5667d3f810	invalid-input parity	exact_invalid_input_variant	fetch	--jobs	bad	invalid value	invalid jobs value	any	all	behavior matrix	git_transport_http_compat::fetch_jobs_invalid_value_matches_stock_git_failure	stock_git_oracle_test	docs/cli/matrices/fetch_v2_47.tsv:230	safe to skip unless parser/error behavior changes	fails with stock Git integer-value diagnostic for invalid --jobs/-j values
matrix:4f1e291eed7c7a70	invalid-input parity	exact_invalid_input_variant	fetch	--recurse-submodules	bad	invalid value	invalid mode	local/file	all	behavior matrix	git_transport_local_compat::fetch_recurse_submodules_invalid_value_matches_stock_git_failure	stock_git_oracle_test	docs/cli/matrices/fetch_v2_47.tsv:245	safe to skip unless parser/error behavior changes	fails with stock Git fatal diagnostic for an invalid recurse-submodules value
matrix:e739c5f902e73542	invalid-input parity	exact_invalid_input_variant	fetch	--negotiate-only	<empty>	missing --negotiation-tip	no negotiation tips	local/file	all	behavior matrix	git_transport_local_compat::fetch_negotiate_only_without_tip_matches_stock_git_failure	stock_git_oracle_test	docs/cli/matrices/fetch_v2_47.tsv:283	safe to skip unless parser/error behavior changes	fails with stock Git fatal diagnostic when no negotiation tips are provided
matrix:0f0dad1f5fc1297a	invalid-input parity	exact_invalid_input_variant	fetch	<repository>	origin	unsupported remote helper	local repository with zminproto remote	remote-helper	all	behavior matrix	git_transport_local_compat::fetch_and_push_unsupported_remote_helper_failures_match_stock_git	stock_git_oracle_test	docs/cli/matrices/fetch_v2_47.tsv:342	safe to skip unless parser/error behavior changes	unsupported remote-helper protocol exits 128 with stock missing helper diagnostic and remote-helper aborted-session fatal text
matrix:b91f1a941d5e9590	invalid-input parity	exact_invalid_input_variant	fetch	--depth	1	named dumb HTTP remote branch	linear history	dumb HTTP	all	behavior matrix	git_transport_http_compat::fetch_reads_shallow_dumb_http_remote_like_stock_git	stock_git_oracle_test	docs/cli/matrices/fetch_v2_47.tsv:380	safe to skip unless parser/error behavior changes	dumb HTTP transport rejects shallow fetch with the stock shallow-capabilities failure output
matrix:87b234b33dd4a65c	invalid-input parity	exact_invalid_input_variant	for-each-ref	--format	objectname:short=0	refs/heads	invalid format atom value	local	all	behavior matrix	git_for_each_ref_compat::for_each_ref_objectname_short_invalid_lengths_match_stock_git	stock_git_oracle_test	docs/cli/matrices/for_each_ref_v2_47.tsv:14	safe to skip unless parser/error behavior changes	invalid zero objectname abbreviation diagnostic matches stock Git
matrix:a492421b24a4dafa	invalid-input parity	exact_invalid_input_variant	for-each-ref	--format	objectname:short=abc	refs/heads	invalid format atom value	local	all	behavior matrix	git_for_each_ref_compat::for_each_ref_objectname_short_invalid_lengths_match_stock_git	stock_git_oracle_test	docs/cli/matrices/for_each_ref_v2_47.tsv:15	safe to skip unless parser/error behavior changes	invalid nonnumeric objectname abbreviation diagnostic matches stock Git
matrix:b9ff51a0bc400250	invalid-input parity	exact_invalid_input_variant	for-each-ref	--format	objectname:short=-1	refs/heads	invalid format atom value	local	all	behavior matrix	git_for_each_ref_compat::for_each_ref_objectname_short_invalid_lengths_match_stock_git	stock_git_oracle_test	docs/cli/matrices/for_each_ref_v2_47.tsv:16	safe to skip unless parser/error behavior changes	invalid negative objectname abbreviation diagnostic matches stock Git
matrix:78e21c4f027c5cfd	invalid-input parity	exact_invalid_input_variant	for-each-ref	--format	objectname:short=	refs/heads	invalid format atom value	local	all	behavior matrix	git_for_each_ref_compat::for_each_ref_objectname_short_invalid_lengths_match_stock_git	stock_git_oracle_test	docs/cli/matrices/for_each_ref_v2_47.tsv:17	safe to skip unless parser/error behavior changes	empty objectname abbreviation diagnostic matches stock Git
matrix:1b6fd37afc754aeb	invalid-input parity	exact_invalid_input_variant	for-each-ref	--format	refname:lstrip=abc	refs/heads	invalid format atom value	local	all	behavior matrix	git_for_each_ref_compat::for_each_ref_refname_strip_invalid_values_match_stock_git	stock_git_oracle_test	docs/cli/matrices/for_each_ref_v2_47.tsv:18	safe to skip unless parser/error behavior changes	invalid lstrip format value diagnostic matches stock Git
matrix:1e3e88d9ce316785	invalid-input parity	exact_invalid_input_variant	for-each-ref	--format	refname:lstrip=	refs/heads	invalid format atom value	local	all	behavior matrix	git_for_each_ref_compat::for_each_ref_refname_strip_invalid_values_match_stock_git	stock_git_oracle_test	docs/cli/matrices/for_each_ref_v2_47.tsv:19	safe to skip unless parser/error behavior changes	empty lstrip format value diagnostic matches stock Git
matrix:00ffaa5de9468435	invalid-input parity	exact_invalid_input_variant	for-each-ref	--format	refname:rstrip=abc	refs/heads	invalid format atom value	local	all	behavior matrix	git_for_each_ref_compat::for_each_ref_refname_strip_invalid_values_match_stock_git	stock_git_oracle_test	docs/cli/matrices/for_each_ref_v2_47.tsv:20	safe to skip unless parser/error behavior changes	invalid rstrip format value diagnostic matches stock Git
matrix:276618ed5778c5da	invalid-input parity	exact_invalid_input_variant	for-each-ref	--format	refname:rstrip=	refs/heads	invalid format atom value	local	all	behavior matrix	git_for_each_ref_compat::for_each_ref_refname_strip_invalid_values_match_stock_git	stock_git_oracle_test	docs/cli/matrices/for_each_ref_v2_47.tsv:21	safe to skip unless parser/error behavior changes	empty rstrip format value diagnostic matches stock Git
matrix:5a035a626b8e4010	invalid-input parity	exact_invalid_input_variant	for-each-ref	--sort	refname:lstrip=abc	--format refname refs/heads	invalid sort key value	local	all	behavior matrix	git_for_each_ref_compat::for_each_ref_refname_strip_invalid_values_match_stock_git	stock_git_oracle_test	docs/cli/matrices/for_each_ref_v2_47.tsv:22	safe to skip unless parser/error behavior changes	invalid lstrip sort value diagnostic matches stock Git
matrix:1aa99841973ae408	invalid-input parity	exact_invalid_input_variant	for-each-ref	--sort	refname:rstrip=abc	--format refname refs/heads	invalid sort key value	local	all	behavior matrix	git_for_each_ref_compat::for_each_ref_refname_strip_invalid_values_match_stock_git	stock_git_oracle_test	docs/cli/matrices/for_each_ref_v2_47.tsv:23	safe to skip unless parser/error behavior changes	invalid rstrip sort value diagnostic matches stock Git
matrix:0fe2c8e20242ff4a	invalid-input parity	exact_invalid_input_variant	for-each-ref	--format	bad atom	refs/heads	invalid format atom	local	all	behavior matrix	git_cli_failure_compat::invalid_option_combinations_match_stock_git_failures	stock_git_oracle_test	docs/cli/matrices/for_each_ref_v2_47.tsv:35	safe to skip unless parser/error behavior changes	bad format atom failure shape matches stock Git
matrix:a516f0f60a6d9d71	invalid-input parity	exact_invalid_input_variant	fsck	-c	fsck.missingEmail=bogus	<empty>	commit object with author missing email	local	all	behavior matrix	git_pack_integrity_compat::fsck_missing_email_severity_config_matches_stock_git	stock_git_oracle_test	docs/cli/matrices/fsck_v2_47.tsv:2	safe to skip unless parser/error behavior changes	invalid missingEmail severity config matches stock Git output and exit status
matrix:25fe1ae0850307b3	invalid-input parity	exact_invalid_input_variant	fsck	-c	fsck.badEmail=bogus	<empty>	commit object with malformed author email	local	all	behavior matrix	git_pack_integrity_compat::fsck_bad_email_severity_config_matches_stock_git	stock_git_oracle_test	docs/cli/matrices/fsck_v2_47.tsv:3	safe to skip unless parser/error behavior changes	invalid badEmail severity config matches stock Git output and exit status
matrix:4e6c05b60d339f42	invalid-input parity	exact_invalid_input_variant	fsck	-c	fsck.missingAuthor=bogus	<empty>	commit object missing author header	local	all	behavior matrix	git_pack_integrity_compat::fsck_missing_author_severity_config_matches_stock_git	stock_git_oracle_test	docs/cli/matrices/fsck_v2_47.tsv:4	safe to skip unless parser/error behavior changes	invalid missingAuthor severity config matches stock Git output and exit status
matrix:3228746e2e812a69	invalid-input parity	exact_invalid_input_variant	fsck	-c	fsck.missingCommitter=bogus	<empty>	commit object missing committer header	local	all	behavior matrix	git_pack_integrity_compat::fsck_missing_committer_severity_config_matches_stock_git	stock_git_oracle_test	docs/cli/matrices/fsck_v2_47.tsv:5	safe to skip unless parser/error behavior changes	invalid missingCommitter severity config matches stock Git output and exit status
matrix:4dbcd83cd8a1f9ce	invalid-input parity	exact_invalid_input_variant	fsck	-c	fsck.missingTaggerEntry=bogus	<empty>	tag object missing tagger header	local	all	behavior matrix	git_pack_integrity_compat::fsck_missing_tagger_entry_severity_config_matches_stock_git	stock_git_oracle_test	docs/cli/matrices/fsck_v2_47.tsv:6	safe to skip unless parser/error behavior changes	invalid missingTaggerEntry severity config matches stock Git output and exit status
matrix:77091c24ac9d1f0a	invalid-input parity	exact_invalid_input_variant	fsck	-c	fsck.badTagName=bogus	<empty>	tag object with invalid tag name	local	all	behavior matrix	git_pack_integrity_compat::fsck_bad_tag_name_severity_config_matches_stock_git	stock_git_oracle_test	docs/cli/matrices/fsck_v2_47.tsv:7	safe to skip unless parser/error behavior changes	invalid badTagName severity config matches stock Git output and exit status
matrix:940a9bae962e9867	invalid-input parity	exact_invalid_input_variant	fsck	-c	fsck.badDate=bogus	<empty>	tag object with malformed tagger date	local	all	behavior matrix	git_pack_integrity_compat::fsck_bad_date_tagger_severity_config_matches_stock_git	stock_git_oracle_test	docs/cli/matrices/fsck_v2_47.tsv:8	safe to skip unless parser/error behavior changes	invalid badDate severity config for tagger date matches stock Git output and exit status
matrix:947022fb750b9da9	invalid-input parity	exact_invalid_input_variant	fsck	-c	fsck.missingEmail=bogus	<empty>	tag object with tagger missing email	local	all	behavior matrix	git_pack_integrity_compat::fsck_missing_email_tagger_severity_config_matches_stock_git	stock_git_oracle_test	docs/cli/matrices/fsck_v2_47.tsv:9	safe to skip unless parser/error behavior changes	invalid missingEmail severity config for tagger identity matches stock Git output and exit status
matrix:cdf32a014956c20e	invalid-input parity	exact_invalid_input_variant	fsck	-c	fsck.badEmail=bogus	<empty>	tag object with malformed tagger email	local	all	behavior matrix	git_pack_integrity_compat::fsck_bad_email_tagger_severity_config_matches_stock_git	stock_git_oracle_test	docs/cli/matrices/fsck_v2_47.tsv:10	safe to skip unless parser/error behavior changes	invalid badEmail severity config for tagger identity matches stock Git output and exit status
matrix:51a4cea24d59fad0	invalid-input parity	exact_invalid_input_variant	fsck	-c	fsck.missingNameBeforeEmail=bogus	<empty>	tag object with tagger missing name before email	local	all	behavior matrix	git_pack_integrity_compat::fsck_missing_name_before_email_tagger_severity_config_matches_stock_git	stock_git_oracle_test	docs/cli/matrices/fsck_v2_47.tsv:11	safe to skip unless parser/error behavior changes	invalid missingNameBeforeEmail severity config matches stock Git output and exit status
matrix:a23249314bdd1c6c	invalid-input parity	exact_invalid_input_variant	fsck	-c	fsck.missingSpaceBeforeEmail=bogus	<empty>	tag object with tagger missing space before email	local	all	behavior matrix	git_pack_integrity_compat::fsck_missing_space_before_email_tagger_severity_config_matches_stock_git	stock_git_oracle_test	docs/cli/matrices/fsck_v2_47.tsv:12	safe to skip unless parser/error behavior changes	invalid missingSpaceBeforeEmail severity config for tagger identity matches stock Git output and exit status
matrix:290a0bcc4b2ada68	invalid-input parity	exact_invalid_input_variant	fsck	-c	fsck.missingSpaceBeforeDate=bogus	<empty>	tag object with tagger missing space before date	local	all	behavior matrix	git_pack_integrity_compat::fsck_missing_space_before_date_tagger_severity_config_matches_stock_git	stock_git_oracle_test	docs/cli/matrices/fsck_v2_47.tsv:13	safe to skip unless parser/error behavior changes	invalid missingSpaceBeforeDate severity config for tagger date matches stock Git output and exit status
matrix:3c34e44d615e8038	invalid-input parity	exact_invalid_input_variant	fsck	-c	fsck.zeroPaddedDate=bogus	<empty>	tag object with zero-padded tagger date	local	all	behavior matrix	git_pack_integrity_compat::fsck_zero_padded_date_tagger_severity_config_matches_stock_git	stock_git_oracle_test	docs/cli/matrices/fsck_v2_47.tsv:14	safe to skip unless parser/error behavior changes	invalid zeroPaddedDate severity config for tagger date matches stock Git output and exit status
matrix:2ae5276e44904e1a	invalid-input parity	exact_invalid_input_variant	fsck	-c	fsck.badDate=bogus	<empty>	commit object with malformed author date	local	all	behavior matrix	git_pack_integrity_compat::fsck_bad_date_severity_config_matches_stock_git	stock_git_oracle_test	docs/cli/matrices/fsck_v2_47.tsv:15	safe to skip unless parser/error behavior changes	invalid badDate severity config for author date matches stock Git output and exit status
matrix:9c429866d382a408	invalid-input parity	exact_invalid_input_variant	fsck	-c	fsck.badTimezone=bogus	<empty>	commit object with malformed author timezone	local	all	behavior matrix	git_pack_integrity_compat::fsck_bad_timezone_severity_config_matches_stock_git	stock_git_oracle_test	docs/cli/matrices/fsck_v2_47.tsv:16	safe to skip unless parser/error behavior changes	invalid badTimezone severity config matches stock Git output and exit status
matrix:0432ef49e0736b98	invalid-input parity	exact_invalid_input_variant	fsck	-c	fsck.missingSpaceBeforeEmail=bogus	<empty>	commit object with author missing space before email	local	all	behavior matrix	git_pack_integrity_compat::fsck_missing_space_before_email_severity_config_matches_stock_git	stock_git_oracle_test	docs/cli/matrices/fsck_v2_47.tsv:17	safe to skip unless parser/error behavior changes	invalid missingSpaceBeforeEmail severity config for author identity matches stock Git output and exit status
matrix:ca2b0e4ecdbcbe48	invalid-input parity	exact_invalid_input_variant	fsck	-c	fsck.missingNameBeforeEmail=bogus	<empty>	commit object with author missing name before email	local	all	behavior matrix	git_pack_integrity_compat::fsck_missing_name_before_email_severity_config_matches_stock_git	stock_git_oracle_test	docs/cli/matrices/fsck_v2_47.tsv:18	safe to skip unless parser/error behavior changes	invalid missingNameBeforeEmail severity config for author identity matches stock Git output and exit status
matrix:ee9855040b36cda0	invalid-input parity	exact_invalid_input_variant	fsck	-c	fsck.missingSpaceBeforeDate=bogus	<empty>	commit object with author missing space before date	local	all	behavior matrix	git_pack_integrity_compat::fsck_missing_space_before_date_severity_config_matches_stock_git	stock_git_oracle_test	docs/cli/matrices/fsck_v2_47.tsv:19	safe to skip unless parser/error behavior changes	invalid missingSpaceBeforeDate severity config for author date matches stock Git output and exit status
matrix:be27677e3ad427cd	invalid-input parity	exact_invalid_input_variant	fsck	-c	fsck.zeroPaddedDate=bogus	<empty>	commit object with zero-padded author date	local	all	behavior matrix	git_pack_integrity_compat::fsck_zero_padded_date_severity_config_matches_stock_git	stock_git_oracle_test	docs/cli/matrices/fsck_v2_47.tsv:20	safe to skip unless parser/error behavior changes	invalid zeroPaddedDate severity config for author date matches stock Git output and exit status
matrix:1e1f10517f313b01	invalid-input parity	exact_invalid_input_variant	fsck	-c	fsck.zeroPaddedFilemode=bogus	<empty>	tree object with zero-padded filemode	local	all	behavior matrix	git_pack_integrity_compat::fsck_zero_padded_filemode_severity_config_matches_stock_git	stock_git_oracle_test	docs/cli/matrices/fsck_v2_47.tsv:21	safe to skip unless parser/error behavior changes	invalid zeroPaddedFilemode severity config matches stock Git output and exit status
matrix:b887627a357cf9a8	invalid-input parity	exact_invalid_input_variant	fsck	-c	fsck.badFilemode=bogus	<empty>	tree object with invalid filemode	local	all	behavior matrix	git_pack_integrity_compat::fsck_bad_filemode_severity_config_matches_stock_git	stock_git_oracle_test	docs/cli/matrices/fsck_v2_47.tsv:22	safe to skip unless parser/error behavior changes	invalid badFilemode severity config matches stock Git output and exit status
matrix:f50c308cc0a8abe4	invalid-input parity	exact_invalid_input_variant	fsck	-c	fsck.treeNotSorted=bogus	<empty>	tree object with unsorted entries	local	all	behavior matrix	git_pack_integrity_compat::fsck_tree_not_sorted_severity_config_matches_stock_git	stock_git_oracle_test	docs/cli/matrices/fsck_v2_47.tsv:23	safe to skip unless parser/error behavior changes	invalid treeNotSorted severity config matches stock Git output and exit status
matrix:0b9c93a0d0fdaf05	invalid-input parity	exact_invalid_input_variant	fsck	-c	fsck.hasDot=bogus	<empty>	tree object with dot entry	local	all	behavior matrix	git_pack_integrity_compat::fsck_special_tree_name_severity_config_matches_stock_git	stock_git_oracle_test	docs/cli/matrices/fsck_v2_47.tsv:24	safe to skip unless parser/error behavior changes	invalid hasDot severity config matches stock Git output and exit status
matrix:d3e53d24037821d0	invalid-input parity	exact_invalid_input_variant	fsck	-c	fsck.hasDotdot=bogus	<empty>	tree object with dotdot entry	local	all	behavior matrix	git_pack_integrity_compat::fsck_special_tree_name_severity_config_matches_stock_git	stock_git_oracle_test	docs/cli/matrices/fsck_v2_47.tsv:25	safe to skip unless parser/error behavior changes	invalid hasDotdot severity config matches stock Git output and exit status
matrix:5ecdb2fcc9237c3d	invalid-input parity	exact_invalid_input_variant	fsck	-c	fsck.hasDotgit=bogus	<empty>	tree object with .git entry	local	all	behavior matrix	git_pack_integrity_compat::fsck_special_tree_name_severity_config_matches_stock_git	stock_git_oracle_test	docs/cli/matrices/fsck_v2_47.tsv:26	safe to skip unless parser/error behavior changes	invalid hasDotgit severity config matches stock Git output and exit status
matrix:da5723fc1cbffa98	invalid-input parity	exact_invalid_input_variant	fsck	-c	fsck.fullPathname=bogus	<empty>	tree object with slash in pathname	local	all	behavior matrix	git_pack_integrity_compat::fsck_full_pathname_severity_config_matches_stock_git	stock_git_oracle_test	docs/cli/matrices/fsck_v2_47.tsv:27	safe to skip unless parser/error behavior changes	invalid fullPathname severity config matches stock Git output and exit status
matrix:17da2c506aa9e263	invalid-input parity	exact_invalid_input_variant	fsck	-c	fsck.duplicateEntries=bogus	<empty>	tree object with duplicate entries	local	all	behavior matrix	git_pack_integrity_compat::fsck_duplicate_entries_severity_config_matches_stock_git	stock_git_oracle_test	docs/cli/matrices/fsck_v2_47.tsv:28	safe to skip unless parser/error behavior changes	invalid duplicateEntries severity config matches stock Git output and exit status
matrix:e352d4113dbc4dd5	invalid-input parity	exact_invalid_input_variant	fsck	-c	fsck.nullSha1=bogus	<empty>	tree object with null object id	local	all	behavior matrix	git_pack_integrity_compat::fsck_null_sha1_severity_config_matches_stock_git	stock_git_oracle_test	docs/cli/matrices/fsck_v2_47.tsv:29	safe to skip unless parser/error behavior changes	invalid nullSha1 severity config matches stock Git output and exit status
matrix:cd3b2d7a2db2bd35	invalid-input parity	exact_invalid_input_variant	fsck	-c	fsck.gitmodulesParse=bogus	<empty>	repository with malformed .gitmodules blob	local	all	behavior matrix	git_pack_integrity_compat::fsck_gitmodules_parse_severity_config_matches_stock_git	stock_git_oracle_test	docs/cli/matrices/fsck_v2_47.tsv:30	safe to skip unless parser/error behavior changes	invalid gitmodulesParse severity config matches stock Git output and exit status
matrix:d631a0f6dd1fcf73	invalid-input parity	exact_invalid_input_variant	fsck	-c	fsck.gitmodulesBlob=bogus	<empty>	repository with .gitmodules tree entry	local	all	behavior matrix	git_pack_integrity_compat::fsck_gitmodules_blob_severity_config_matches_stock_git	stock_git_oracle_test	docs/cli/matrices/fsck_v2_47.tsv:31	safe to skip unless parser/error behavior changes	invalid gitmodulesBlob severity config matches stock Git output and exit status
matrix:843e7bb7a8e948f0	invalid-input parity	exact_invalid_input_variant	fsck	-c	fsck.gitmodulesMissing=bogus	<empty>	repository with missing .gitmodules blob	local	all	behavior matrix	git_pack_integrity_compat::fsck_gitmodules_missing_severity_config_matches_stock_git	stock_git_oracle_test	docs/cli/matrices/fsck_v2_47.tsv:32	safe to skip unless parser/error behavior changes	invalid gitmodulesMissing severity config matches stock Git output and exit status
matrix:8379ff9b5e023510	invalid-input parity	exact_invalid_input_variant	fsck	-c	fsck.gitmodulesName=bogus	<empty>	repository with invalid .gitmodules submodule name	local	all	behavior matrix	git_pack_integrity_compat::fsck_gitmodules_name_config_validation_matches_stock_git	stock_git_oracle_test	docs/cli/matrices/fsck_v2_47.tsv:33	safe to skip unless parser/error behavior changes	invalid gitmodulesName severity config matches stock Git output and exit status
matrix:1c493afc558b7423	invalid-input parity	exact_invalid_input_variant	fsck	-c	fsck.gitmodulesUrl=bogus	<empty>	repository with invalid .gitmodules url	local	all	behavior matrix	git_pack_integrity_compat::fsck_gitmodules_url_severity_config_matches_stock_git	stock_git_oracle_test	docs/cli/matrices/fsck_v2_47.tsv:34	safe to skip unless parser/error behavior changes	invalid gitmodulesUrl severity config matches stock Git output and exit status
matrix:17e8ee5da93b321c	invalid-input parity	exact_invalid_input_variant	fsck	-c	fsck.gitmodulesPath=bogus	<empty>	repository with invalid .gitmodules path	local	all	behavior matrix	git_pack_integrity_compat::fsck_gitmodules_path_severity_config_matches_stock_git	stock_git_oracle_test	docs/cli/matrices/fsck_v2_47.tsv:35	safe to skip unless parser/error behavior changes	invalid gitmodulesPath severity config matches stock Git output and exit status
matrix:be3177a477e06107	invalid-input parity	exact_invalid_input_variant	fsck	-c	fsck.gitmodulesUpdate=bogus	<empty>	repository with invalid .gitmodules update command	local	all	behavior matrix	git_pack_integrity_compat::fsck_gitmodules_update_severity_config_matches_stock_git	stock_git_oracle_test	docs/cli/matrices/fsck_v2_47.tsv:36	safe to skip unless parser/error behavior changes	invalid gitmodulesUpdate severity config matches stock Git output and exit status
matrix:4b159bd5b105a6fe	invalid-input parity	exact_invalid_input_variant	get-tar-commit-id	<stdin>	empty	no stdin	local repository	local	all	behavior matrix	git_archive_compat::get_tar_commit_id_matches_stock_git_archive_metadata	stock_git_oracle_test	docs/cli/matrices/get_tar_commit_id_v2_47.tsv:3	safe to skip unless parser/error behavior changes	empty stdin exits 128 with empty stdout and stock EOF-before-tar-header fatal diagnostic
matrix:90ed152459425afe	invalid-input parity	exact_invalid_input_variant	gitk	<command>	-h	optional command unavailable	local oracle environment without optional gitk command	local	all	behavior matrix	git_admin_tools_compat::optional_gitk_and_gitweb_match_stock_unavailable_shape	stock_git_oracle_test	docs/cli/matrices/gitk_v2_47.tsv:2	safe to skip unless parser/error behavior changes	when stock Git reports gitk unavailable, Zmin matches exit/stdout/first stderr line instead of claiming GUI support
matrix:0761546b0e658157	invalid-input parity	exact_invalid_input_variant	gitweb	<command>	-h	optional command unavailable	local oracle environment without optional gitweb command	local	all	behavior matrix	git_admin_tools_compat::optional_gitk_and_gitweb_match_stock_unavailable_shape	stock_git_oracle_test	docs/cli/matrices/gitweb_v2_47.tsv:2	safe to skip unless parser/error behavior changes	when stock Git reports gitweb unavailable, Zmin matches exit/stdout/first stderr line instead of claiming gitweb support
matrix:065b060b6bb1f13c	invalid-input parity	exact_invalid_input_variant	hash-object	--no-filters	<empty>	--stdin --path=a.txt	local repository with regular file	local	all	behavior matrix	git_object_plumbing_compat::hash_object_matches_stock_git_for_documented_long_option_modes	stock_git_oracle_test	docs/cli/matrices/hash_object_v2_47.tsv:16	safe to skip unless parser/error behavior changes	stock-compatible rejection for path plus no-filters matches exit code, stdout, stderr and worktree status
matrix:c0ff6ff125102b17	invalid-input parity	exact_invalid_input_variant	hash-object	--path	a.txt	--stdin-paths	local repository with regular file	local	all	behavior matrix	git_object_plumbing_compat::hash_object_matches_stock_git_for_documented_long_option_modes	stock_git_oracle_test	docs/cli/matrices/hash_object_v2_47.tsv:17	safe to skip unless parser/error behavior changes	stock-compatible rejection for stdin-paths plus path matches exit code, stdout, stderr and worktree status
matrix:38fd1ee5ee1120fb	invalid-input parity	exact_invalid_input_variant	hash-object	--stdin-paths	<empty>	--stdin	local repository	local	all	behavior matrix	git_object_plumbing_compat::hash_object_matches_stock_git_for_documented_long_option_modes	stock_git_oracle_test	docs/cli/matrices/hash_object_v2_47.tsv:18	safe to skip unless parser/error behavior changes	stock-compatible rejection for stdin and stdin-paths together matches exit code, stdout, stderr and worktree status
matrix:d1eefda043f0e625	invalid-input parity	exact_invalid_input_variant	http-backend	filter	<invalid:bad|blob:limit=abc|object:type=bad|tree:abc|combine:>	upload-pack POST with filter capability	bare repository with uploadpack.allowFilter=true	smart HTTP	all	behavior matrix	git_transport_http_compat::http_backend_upload_pack_invalid_filters_match_stock_git_failures	stock_git_oracle_test	docs/cli/matrices/http_backend_v2_47.tsv:7	safe to skip unless parser/error behavior changes	stock Git rejects malformed filter values with matching exit code and stderr and without reporting an implementation gap
matrix:fc4e0738a5839632	invalid-input parity	exact_invalid_input_variant	http-fetch	--packfile	<hash>	missing required delegated index-pack arguments	local repository	HTTP	all	behavior matrix	git_transport_http_compat::http_fetch_packfile_requires_index_pack_args_like_stock_git	stock_git_oracle_test	docs/cli/matrices/http_fetch_v2_47.tsv:4	safe to skip unless parser/error behavior changes	stock Git rejects packfile mode without the required delegated index-pack arguments with matching stdout, stderr and exit code
matrix:68088d18ecd62b93	invalid-input parity	exact_invalid_input_variant	http-fetch	--index-pack-arg	index-pack --bad	packfile helper rejects invalid delegated index-pack argument	local repository over static HTTP	HTTP	all	behavior matrix	git_transport_http_compat::http_fetch_packfile_rejects_bad_index_pack_arg_like_stock_git	stock_git_oracle_test	docs/cli/matrices/http_fetch_v2_47.tsv:5	safe to skip unless parser/error behavior changes	stock Git rejects invalid delegated index-pack arguments through the http-fetch packfile helper with matching stdout, stderr and exit code
matrix:c08cd29a5b357dec	invalid-input parity	exact_invalid_input_variant	http-fetch	--index-pack-args	index-pack --stdin --keep	packfile helper documented plural spelling ignored by stock Git	local repository over static HTTP	HTTP	all	behavior matrix	git_transport_http_compat::http_fetch_documented_plural_index_pack_args_matches_stock_git_rejections	stock_git_oracle_test	docs/cli/matrices/http_fetch_v2_47.tsv:14	safe to skip unless parser/error behavior changes	stock Git ignores the documented plural spelling on the packfile-helper lane and still fails with the exact fatal requiring `--index-pack-args`; Zmin matches the same stdout, stderr, and exit status
matrix:c224df6847bd16f3	invalid-input parity	exact_invalid_input_variant	http-fetch	--index-pack-args	index-pack --stdin --keep	no packfile usage rejection with documented plural spelling	local repository	local	all	behavior matrix	git_transport_http_compat::http_fetch_documented_plural_index_pack_args_matches_stock_git_rejections	stock_git_oracle_test	docs/cli/matrices/http_fetch_v2_47.tsv:15	safe to skip unless parser/error behavior changes	without `--packfile`, stock Git ignores the documented plural spelling and falls back to the normal usage rejection; Zmin matches the same stdout, stderr, and exit status
matrix:d692f59f0e106a8d	invalid-input parity	exact_invalid_input_variant	index-pack	--verify	<empty>	checksum-valid bad reverse-index signature	local pack with idx and rev	local	all	behavior matrix	git_pack_integrity_compat::index_pack_verify_rejects_bad_reverse_index_signature_like_stock_git	stock_git_oracle_test	docs/cli/matrices/index_pack_v2_47.tsv:2	safe to skip unless parser/error behavior changes	stock Git rejects corrupt pack reverse-index signatures with sha1 validation diagnostics and exit 128
matrix:46c961a6a62ae73f	invalid-input parity	exact_invalid_input_variant	index-pack	--verify	<empty>	checksum-valid unsupported reverse-index version	local pack with idx and rev	local	all	behavior matrix	git_pack_integrity_compat::index_pack_verify_rejects_bad_reverse_index_version_like_stock_git	stock_git_oracle_test	docs/cli/matrices/index_pack_v2_47.tsv:3	safe to skip unless parser/error behavior changes	stock Git rejects unsupported pack reverse-index versions with sha1 validation diagnostics and exit 128
matrix:24fd4bcfa0e43e51	invalid-input parity	exact_invalid_input_variant	index-pack	--verify	<empty>	checksum-valid unsupported pack file version	local pack with idx	local	all	behavior matrix	git_pack_integrity_compat::index_pack_verify_rejects_unsupported_pack_file_version_like_stock_git	stock_git_oracle_test	docs/cli/matrices/index_pack_v2_47.tsv:4	safe to skip unless parser/error behavior changes	stock Git rejects unsupported pack file version 4 with fatal pack version diagnostics and exit 128
matrix:e00fcd96d424359d	invalid-input parity	exact_invalid_input_variant	index-pack	--strict	<empty>	malformed commit pack-file rejection	local pack file containing malformed commit object	local	all	behavior matrix	git_pack_integrity_compat::index_pack_strict_rejects_malformed_commit_like_stock_git	stock_git_oracle_test	docs/cli/matrices/index_pack_v2_47.tsv:13	safe to skip unless parser/error behavior changes	strict pack-file validation rejects a malformed commit object with stock-matching output for direct pack-file indexing
matrix:93ccc37769a4d15d	invalid-input parity	exact_invalid_input_variant	index-pack	--fsck-objects	<empty>	malformed commit pack-file rejection	local pack file containing malformed commit object	local	all	behavior matrix	git_pack_integrity_compat::index_pack_strict_rejects_malformed_commit_like_stock_git	stock_git_oracle_test	docs/cli/matrices/index_pack_v2_47.tsv:14	safe to skip unless parser/error behavior changes	fsck-objects pack-file validation rejects a malformed commit object with stock-matching output for direct pack-file indexing
matrix:06b8f71c16c72eaf	invalid-input parity	exact_invalid_input_variant	index-pack	--strict	missingAuthor=warn	malformed commit pack-file rejection	local pack file containing malformed commit object	local	all	behavior matrix	git_pack_integrity_compat::index_pack_strict_rejects_malformed_commit_like_stock_git	stock_git_oracle_test	docs/cli/matrices/index_pack_v2_47.tsv:15	safe to skip unless parser/error behavior changes	configured strict pack-file validation still rejects the malformed commit object with stock-matching output
matrix:af59ad1d39ff8cad	invalid-input parity	exact_invalid_input_variant	index-pack	--progress-title	title	standalone pack-file indexing without verbose progress	standalone directory without a Git repository	local	all	behavior matrix	git_pack_integrity_compat::index_pack_documented_option_family_matches_stock_git	stock_git_oracle_test	docs/cli/matrices/index_pack_v2_47.tsv:19	safe to skip unless parser/error behavior changes	progress-title matches the current stock usage rejection on the standalone pack-file lane
matrix:40e63bc175e92753	invalid-input parity	exact_invalid_input_variant	index-pack	--max-input-size	1k	stdin size-limit rejection	stock pack stream from pack-objects --stdout --revs	local	all	behavior matrix	git_pack_integrity_compat::index_pack_documented_option_family_matches_stock_git	stock_git_oracle_test	docs/cli/matrices/index_pack_v2_47.tsv:25	safe to skip unless parser/error behavior changes	documented max-input-size parsing follows stock Git's current digit-prefix behavior where 1k is treated as a 1-byte limit and rejects the stdin pack stream
matrix:9328bcabd118647e	invalid-input parity	exact_invalid_input_variant	index-pack	--max-input-size	1	repeated size limit last-one-wins rejection	stock pack stream from pack-objects --stdout --revs	local	all	behavior matrix	git_pack_integrity_compat::index_pack_documented_option_family_matches_stock_git	stock_git_oracle_test	docs/cli/matrices/index_pack_v2_47.tsv:26	safe to skip unless parser/error behavior changes	repeated max-input-size values follow stock last-one-wins parsing and reject the stdin pack stream when the final limit is too small
matrix:57850aeac3f01d36	invalid-input parity	exact_invalid_input_variant	index-pack	--object-format	bogus	unknown object-format rejection	standalone directory without a Git repository	local	all	behavior matrix	git_pack_integrity_compat::index_pack_documented_option_family_matches_stock_git	stock_git_oracle_test	docs/cli/matrices/index_pack_v2_47.tsv:29	safe to skip unless parser/error behavior changes	unknown object-format values match stock Git fatal hash-algorithm diagnostics on the current pack-file lane
matrix:e88896fd7a1724aa	invalid-input parity	exact_invalid_input_variant	index-pack	--promisor	hello	pack-file promisor rejection	standalone directory without a Git repository	local	all	behavior matrix	git_pack_integrity_compat::index_pack_documented_option_family_matches_stock_git	stock_git_oracle_test	docs/cli/matrices/index_pack_v2_47.tsv:32	safe to skip unless parser/error behavior changes	promisor mode matches stock Git by rejecting pack-file indexing when a pack name is present
matrix:b978e8831547287b	invalid-input parity	exact_invalid_input_variant	init	--object-format	bogus	invalid object format	empty directory	local	all	behavior matrix	tools/git-schema-parser-oracle-smoke.sh::init_object_format_invalid	real_tool_trace	docs/cli/matrices/init_v2_47.tsv:2	safe to skip unless parser/error behavior changes	rejects invalid object format with stock exit 128, empty stdout, exact stderr and no .git side effect
matrix:eced54c9edb295c2	invalid-input parity	exact_invalid_input_variant	init	--ref-format	bogus	invalid ref format	empty directory	local	all	behavior matrix	tools/git-schema-parser-oracle-smoke.sh::init_ref_format_invalid	real_tool_trace	docs/cli/matrices/init_v2_47.tsv:3	safe to skip unless parser/error behavior changes	rejects invalid ref format with stock exit 128, empty stdout, exact stderr and no .git side effect
matrix:2de3ffcf79d0b64c	invalid-input parity	exact_invalid_input_variant	log	--decorate	bogus	-1	one commit	local	all	behavior matrix	git_log_invalid_compat::log_invalid_decorate_value_matches_stock_git	stock_git_oracle_test	docs/cli/matrices/log_v2_47.tsv:34	safe to skip unless parser/error behavior changes	invalid decorate value exits 128 with stock fatal diagnostic instead of a custom unsupported-value fatal diagnostic
matrix:2cd0bfec069e11fc	invalid-input parity	exact_invalid_input_variant	log	--diff-merges	bogus	-1	one commit	local	all	behavior matrix	git_log_invalid_compat::log_invalid_diff_merges_value_matches_stock_git	stock_git_oracle_test	docs/cli/matrices/log_v2_47.tsv:38	safe to skip unless parser/error behavior changes	invalid diff-merges value exits 128 with stock fatal diagnostic instead of a custom unsupported-value fatal diagnostic
matrix:451b23dc237afe04	invalid-input parity	exact_invalid_input_variant	log	--filter	blob:none	HEAD without --objects	local two-commit history	local	all	behavior matrix	git_history_query_compat::log_object_and_selector_family_matches_stock_git	stock_git_oracle_test	docs/cli/matrices/log_v2_47.tsv:46	safe to skip unless parser/error behavior changes	filter without objects is rejected with the stock fatal diagnostic on the helper-free local log lane
matrix:d81e2806b637b3e8	invalid-input parity	exact_invalid_input_variant	log	--filter-provided-objects	<empty>	--filter=blob:none HEAD	local two-commit history	local	all	behavior matrix	git_history_query_compat::log_object_and_selector_family_matches_stock_git	stock_git_oracle_test	docs/cli/matrices/log_v2_47.tsv:48	safe to skip unless parser/error behavior changes	filter-provided-objects preserves the stock missing-objects fatal when filter is present without objects on the helper-free local log lane
matrix:2fcdba0652c4a2b7	invalid-input parity	exact_invalid_input_variant	log	--filter-provided-objects	<empty>	--filter=blob:none --objects HEAD	local two-commit history	local	all	behavior matrix	git_history_query_compat::log_object_and_selector_family_matches_stock_git	stock_git_oracle_test	docs/cli/matrices/log_v2_47.tsv:49	safe to skip unless parser/error behavior changes	filter-provided-objects is rejected with the stock unrecognized-argument fatal on the helper-free local log lane
matrix:d17aa608cdcce62e	invalid-input parity	exact_invalid_input_variant	log	--no-object-names	<empty>	--objects HEAD	local two-commit history	local	all	behavior matrix	git_history_query_compat::log_object_and_selector_family_matches_stock_git	stock_git_oracle_test	docs/cli/matrices/log_v2_47.tsv:50	safe to skip unless parser/error behavior changes	no-object-names is rejected with the stock unrecognized-argument fatal on the helper-free local log lane
matrix:bf2e734dde41811d	invalid-input parity	exact_invalid_input_variant	log	--object-names	<empty>	HEAD	local two-commit history	local	all	behavior matrix	git_history_query_compat::log_object_and_selector_family_matches_stock_git	stock_git_oracle_test	docs/cli/matrices/log_v2_47.tsv:51	safe to skip unless parser/error behavior changes	object-names is rejected with the stock unrecognized-argument fatal on the helper-free local log lane
matrix:09184cff539cf752	invalid-input parity	exact_invalid_input_variant	log	--timestamp	<empty>	HEAD	local two-commit history	local	all	behavior matrix	git_history_query_compat::log_object_and_selector_family_matches_stock_git	stock_git_oracle_test	docs/cli/matrices/log_v2_47.tsv:52	safe to skip unless parser/error behavior changes	timestamp is rejected with the stock unrecognized-argument fatal on the helper-free local log lane
matrix:96bf9dd34a4b5246	invalid-input parity	exact_invalid_input_variant	log	--date	bad	-1 --format=%ad	two commits	local	all	behavior matrix	git_history_query_compat::log_invalid_date_format_matches_stock_git_failure	stock_git_oracle_test	docs/cli/matrices/log_v2_47.tsv:83	safe to skip unless parser/error behavior changes	invalid date format diagnostic, empty stdout and exit code match stock Git
matrix:f3bc452784ef9228	invalid-input parity	exact_invalid_input_variant	log	--date	--format=%ad	-1 --date --format=%ad	two commits	local	all	behavior matrix	git_history_query_compat::log_missing_date_value_matches_stock_git_failure	stock_git_oracle_test	docs/cli/matrices/log_v2_47.tsv:84	safe to skip unless parser/error behavior changes	option-looking missing date value diagnostic, empty stdout and exit code match stock Git
matrix:d89f22b63c7bc5c7	invalid-input parity	exact_invalid_input_variant	log	<none>	log.diffMerges=wrong-value	<none>	invalid config value	local	all	behavior matrix	git_diff_compat::log_merge_diff_modes_match_stock_git	stock_git_oracle_test	docs/cli/matrices/log_v2_47.tsv:105	safe to skip unless parser/error behavior changes	invalid log.diffMerges config diagnostic and exit shape match stock Git
matrix:38b21a3b27b1ec26	invalid-input parity	exact_invalid_input_variant	log	--grep-reflog	commit	HEAD	single-branch local history with HEAD reflog	local	all	behavior matrix	git_history_query_compat::log_grep_reflog_requires_walk_reflogs_and_matches_stock_git	stock_git_oracle_test	docs/cli/matrices/log_v2_47.tsv:142	safe to skip unless parser/error behavior changes	grep-reflog requires walk-reflogs and exits with the stock fatal diagnostic on this machine
matrix:53872e8b468e6fc3	invalid-input parity	exact_invalid_input_variant	log	--bisect-all	<empty>	--format=%s HEAD	two-commit history with side branch ref and one lightweight tag	local	all	behavior matrix	git_history_query_compat::log_remaining_documented_tail_matches_stock_git	stock_git_oracle_test	docs/cli/matrices/log_v2_47.tsv:220	safe to skip unless parser/error behavior changes	bisect-all is rejected with the stock unrecognized-argument fatal on the helper-free local log lane
matrix:0dc75c3ed0b84125	invalid-input parity	exact_invalid_input_variant	log	--bisect-vars	<empty>	--format=%s HEAD	two-commit history with side branch ref and one lightweight tag	local	all	behavior matrix	git_history_query_compat::log_remaining_documented_tail_matches_stock_git	stock_git_oracle_test	docs/cli/matrices/log_v2_47.tsv:221	safe to skip unless parser/error behavior changes	bisect-vars is rejected with the stock unrecognized-argument fatal on the helper-free local log lane
matrix:5276cea716f63959	invalid-input parity	exact_invalid_input_variant	log	--commit-header	<empty>	HEAD	two-commit history with side branch ref and one lightweight tag	local	all	behavior matrix	git_history_query_compat::log_remaining_documented_tail_matches_stock_git	stock_git_oracle_test	docs/cli/matrices/log_v2_47.tsv:222	safe to skip unless parser/error behavior changes	commit-header is rejected with the stock unrecognized-argument fatal on the helper-free local log lane
matrix:6070f43e14b2c356	invalid-input parity	exact_invalid_input_variant	log	--exclude-promisor-objects	<empty>	HEAD	two-commit history with side branch ref and one lightweight tag	local	all	behavior matrix	git_history_query_compat::log_remaining_documented_tail_matches_stock_git	stock_git_oracle_test	docs/cli/matrices/log_v2_47.tsv:223	safe to skip unless parser/error behavior changes	exclude-promisor-objects is rejected with the stock unrecognized-argument fatal on the helper-free local log lane
matrix:49b1344bc4dc3616	invalid-input parity	exact_invalid_input_variant	log	--filter-print-omitted	<empty>	HEAD	two-commit history with side branch ref and one lightweight tag	local	all	behavior matrix	git_history_query_compat::log_remaining_documented_tail_matches_stock_git	stock_git_oracle_test	docs/cli/matrices/log_v2_47.tsv:224	safe to skip unless parser/error behavior changes	filter-print-omitted is rejected with the stock unrecognized-argument fatal on the helper-free local log lane
matrix:14d201a563df2154	invalid-input parity	exact_invalid_input_variant	log	--header	<empty>	HEAD	two-commit history with side branch ref and one lightweight tag	local	all	behavior matrix	git_history_query_compat::log_remaining_documented_tail_matches_stock_git	stock_git_oracle_test	docs/cli/matrices/log_v2_47.tsv:225	safe to skip unless parser/error behavior changes	header is rejected with the stock unrecognized-argument fatal on the helper-free local log lane
matrix:0cbc141c3454d8b5	invalid-input parity	exact_invalid_input_variant	log	--merge	<empty>	HEAD	two-commit history with side branch ref and one lightweight tag	local	all	behavior matrix	git_history_query_compat::log_remaining_documented_tail_matches_stock_git	stock_git_oracle_test	docs/cli/matrices/log_v2_47.tsv:226	safe to skip unless parser/error behavior changes	merge without an active pseudoref fails with the stock fatal log diagnostic
matrix:c7202732330282cd	invalid-input parity	exact_invalid_input_variant	log	--missing	<empty>	HEAD	two-commit history with side branch ref and one lightweight tag	local	all	behavior matrix	git_history_query_compat::log_remaining_documented_tail_matches_stock_git	stock_git_oracle_test	docs/cli/matrices/log_v2_47.tsv:227	safe to skip unless parser/error behavior changes	missing is rejected with the stock unrecognized-argument fatal on the helper-free local log lane
matrix:7656693ae56487b8	invalid-input parity	exact_invalid_input_variant	log	--no-commit-header	<empty>	HEAD	two-commit history with side branch ref and one lightweight tag	local	all	behavior matrix	git_history_query_compat::log_remaining_documented_tail_matches_stock_git	stock_git_oracle_test	docs/cli/matrices/log_v2_47.tsv:228	safe to skip unless parser/error behavior changes	no-commit-header is rejected with the stock unrecognized-argument fatal on the helper-free local log lane
matrix:5d5aee7ce4338b4c	invalid-input parity	exact_invalid_input_variant	log	--progress	<empty>	HEAD	two-commit history with side branch ref and one lightweight tag	local	all	behavior matrix	git_history_query_compat::log_remaining_documented_tail_matches_stock_git	stock_git_oracle_test	docs/cli/matrices/log_v2_47.tsv:229	safe to skip unless parser/error behavior changes	progress is rejected with the stock unrecognized-argument fatal on the helper-free local log lane
matrix:cd2199cce612cdf4	invalid-input parity	exact_invalid_input_variant	log	--use-bitmap-index	<empty>	HEAD	two-commit history with side branch ref and one lightweight tag	local	all	behavior matrix	git_history_query_compat::log_remaining_documented_tail_matches_stock_git	stock_git_oracle_test	docs/cli/matrices/log_v2_47.tsv:230	safe to skip unless parser/error behavior changes	use-bitmap-index is rejected with the stock unrecognized-argument fatal on the helper-free local log lane
matrix:87cb85f9b6b3d0da	invalid-input parity	exact_invalid_input_variant	log	--disk-usage	<empty>	HEAD	two-commit history with fixed author timestamps	local	all	behavior matrix	git_history_query_compat::log_output_surface_tail_matches_stock_git	stock_git_oracle_test	docs/cli/matrices/log_v2_47.tsv:233	safe to skip unless parser/error behavior changes	disk-usage is rejected with the stock unrecognized-argument fatal on the helper-free local log lane
matrix:c52088554e1fdaba	invalid-input parity	exact_invalid_input_variant	ls-files	--format	bad atom	<none>	tracked clean index	local	all	behavior matrix	git_ls_files_compat::ls_files_modes_match_stock_git	stock_git_oracle_test	docs/cli/matrices/ls_files_v2_47.tsv:13	safe to skip unless parser/error behavior changes	bad format atom diagnostic and exit code match stock Git
matrix:3c964640ff6daf11	invalid-input parity	exact_invalid_input_variant	ls-files	--error-unmatch	matched and missing pathspec	<none>	tracked clean index	local	all	behavior matrix	git_ls_files_compat::ls_files_modes_match_stock_git	stock_git_oracle_test	docs/cli/matrices/ls_files_v2_47.tsv:43	safe to skip unless parser/error behavior changes	missing pathspec failure output matches stock Git
matrix:f688b7a7a800bfb7	invalid-input parity	exact_invalid_input_variant	ls-files	-i	<empty>	<none>	missing cached/others selector	local	all	behavior matrix	git_ls_files_compat::ls_files_modes_match_stock_git	stock_git_oracle_test	docs/cli/matrices/ls_files_v2_47.tsv:73	safe to skip unless parser/error behavior changes	ignored without cached or others is rejected like stock Git
matrix:d85f0b15a20d6b82	invalid-input parity	exact_invalid_input_variant	ls-files	-i	<empty>	-o without exclude pattern	missing exclude pattern	local	all	behavior matrix	git_ls_files_compat::ls_files_modes_match_stock_git	stock_git_oracle_test	docs/cli/matrices/ls_files_v2_47.tsv:74	safe to skip unless parser/error behavior changes	ignored others without exclude pattern is rejected like stock Git
matrix:d25553ab762ee199	invalid-input parity	exact_invalid_input_variant	ls-files	--error-unmatch	other.txt	--others	untracked path	local	all	behavior matrix	git_ls_files_compat::ls_files_modes_match_stock_git	stock_git_oracle_test	docs/cli/matrices/ls_files_v2_47.tsv:80	safe to skip unless parser/error behavior changes	others plus error-unmatch rejects the pathspec like stock Git
matrix:7f1d1fec3bbca8be	invalid-input parity	exact_invalid_input_variant	ls-files	--unmerged	<empty>	--error-unmatch f.txt	conflicted index	local	all	behavior matrix	git_ls_files_compat::ls_files_unmerged_index_matches_stock_git	stock_git_oracle_test	docs/cli/matrices/ls_files_v2_47.tsv:100	safe to skip unless parser/error behavior changes	unmerged error-unmatch for present conflicted path matches stock Git
matrix:f482dea122ee84d3	invalid-input parity	exact_invalid_input_variant	ls-files	--unmerged	<empty>	--error-unmatch missing.txt	conflicted index	local	all	behavior matrix	git_ls_files_compat::ls_files_unmerged_index_matches_stock_git	stock_git_oracle_test	docs/cli/matrices/ls_files_v2_47.tsv:101	safe to skip unless parser/error behavior changes	unmerged error-unmatch missing path failure matches stock Git
matrix:82644a2649bdfb0e	invalid-input parity	exact_invalid_input_variant	ls-files	--with-tree	HEAD	-s	removed cached path present in tree	local	all	behavior matrix	git_ls_files_compat::ls_files_with_tree_matches_stock_git	stock_git_oracle_test	docs/cli/matrices/ls_files_v2_47.tsv:108	safe to skip unless parser/error behavior changes	with-tree stage conflict is rejected like stock Git
matrix:2695dcf4211f9a55	invalid-input parity	exact_invalid_input_variant	ls-files	--with-tree	HEAD	-u	removed cached path present in tree	local	all	behavior matrix	git_ls_files_compat::ls_files_with_tree_matches_stock_git	stock_git_oracle_test	docs/cli/matrices/ls_files_v2_47.tsv:109	safe to skip unless parser/error behavior changes	with-tree unmerged conflict is rejected like stock Git
matrix:2a434c9816c74bb7	invalid-input parity	exact_invalid_input_variant	ls-files	--recurse-submodules	<empty>	-o	superproject with submodule	local	all	behavior matrix	git_ls_files_compat::ls_files_recurse_submodules_matches_stock_git	stock_git_oracle_test	docs/cli/matrices/ls_files_v2_47.tsv:118	safe to skip unless parser/error behavior changes	unsupported recurse-submodules others mode matches stock Git first diagnostic line
matrix:e8b7328b9a11dea1	invalid-input parity	exact_invalid_input_variant	ls-files	--recurse-submodules	<empty>	--killed	superproject with submodule	local	all	behavior matrix	git_ls_files_compat::ls_files_recurse_submodules_matches_stock_git	stock_git_oracle_test	docs/cli/matrices/ls_files_v2_47.tsv:119	safe to skip unless parser/error behavior changes	unsupported recurse-submodules killed mode matches stock Git exit code and diagnostic
matrix:c799ecb10a014880	invalid-input parity	exact_invalid_input_variant	ls-files	--recurse-submodules	<empty>	--ignored --others --exclude-standard	superproject with submodule	local	all	behavior matrix	git_ls_files_compat::ls_files_recurse_submodules_matches_stock_git	stock_git_oracle_test	docs/cli/matrices/ls_files_v2_47.tsv:120	safe to skip unless parser/error behavior changes	unsupported recurse-submodules ignored others mode matches stock Git exit code and diagnostic
matrix:43aacc3ff7aa5002	invalid-input parity	exact_invalid_input_variant	ls-files	--recurse-submodules	<empty>	--modified	superproject with submodule	local	all	behavior matrix	git_ls_files_compat::ls_files_recurse_submodules_matches_stock_git	stock_git_oracle_test	docs/cli/matrices/ls_files_v2_47.tsv:121	safe to skip unless parser/error behavior changes	unsupported recurse-submodules modified mode matches stock Git exit code and diagnostic
matrix:53396f227127b57b	invalid-input parity	exact_invalid_input_variant	ls-files	--recurse-submodules	<empty>	--deleted	superproject with submodule	local	all	behavior matrix	git_ls_files_compat::ls_files_recurse_submodules_matches_stock_git	stock_git_oracle_test	docs/cli/matrices/ls_files_v2_47.tsv:122	safe to skip unless parser/error behavior changes	unsupported recurse-submodules deleted mode matches stock Git exit code and diagnostic
matrix:a3d11f587ccb6aed	invalid-input parity	exact_invalid_input_variant	ls-files	--recurse-submodules	<empty>	--unmerged	superproject with submodule	local	all	behavior matrix	git_ls_files_compat::ls_files_recurse_submodules_matches_stock_git	stock_git_oracle_test	docs/cli/matrices/ls_files_v2_47.tsv:123	safe to skip unless parser/error behavior changes	unsupported recurse-submodules unmerged mode matches stock Git exit code and diagnostic
matrix:78b5cca25acda9b0	invalid-input parity	exact_invalid_input_variant	ls-files	--recurse-submodules	<empty>	--resolve-undo	superproject with submodule	local	all	behavior matrix	git_ls_files_compat::ls_files_recurse_submodules_matches_stock_git	stock_git_oracle_test	docs/cli/matrices/ls_files_v2_47.tsv:124	safe to skip unless parser/error behavior changes	unsupported recurse-submodules resolve-undo mode matches stock Git exit code and diagnostic
matrix:4d5299fad7833f2b	invalid-input parity	exact_invalid_input_variant	ls-files	--recurse-submodules	<empty>	--with-tree=HEAD	superproject with submodule	local	all	behavior matrix	git_ls_files_compat::ls_files_recurse_submodules_matches_stock_git	stock_git_oracle_test	docs/cli/matrices/ls_files_v2_47.tsv:125	safe to skip unless parser/error behavior changes	unsupported recurse-submodules with-tree mode matches stock Git exit code and diagnostic
matrix:de989422751b1568	invalid-input parity	exact_invalid_input_variant	ls-files	--resolve-undo	<empty>	--format	resolved conflict with resolve-undo data	local	all	behavior matrix	git_ls_files_compat::ls_files_resolve_undo_matches_stock_git	stock_git_oracle_test	docs/cli/matrices/ls_files_v2_47.tsv:134	safe to skip unless parser/error behavior changes	resolve-undo format conflict diagnostic matches stock Git first line
matrix:19523145b12ceaa8	invalid-input parity	exact_invalid_input_variant	ls-files	--stage	bad index version v1/v5	checksum-valid unsupported index header	tracked index	local	all	behavior matrix	git_ls_files_compat::ls_files_rejects_bad_index_versions_like_stock_git	stock_git_oracle_test	docs/cli/matrices/ls_files_v2_47.tsv:159	safe to skip unless parser/error behavior changes	stock Git rejects unsupported index versions with bad-index-version diagnostics and exit 128
matrix:604d4f955555ae39	invalid-input parity	exact_invalid_input_variant	ls-files	--stage	unknown required index extension	checksum-valid lowercase abcd extension	tracked index	local	all	behavior matrix	git_ls_files_compat::ls_files_rejects_unknown_required_index_extensions_like_stock_git	stock_git_oracle_test	docs/cli/matrices/ls_files_v2_47.tsv:160	safe to skip unless parser/error behavior changes	stock Git rejects unknown required index extensions with extension-name diagnostics and exit 128
matrix:67f777acb8088672	invalid-input parity	exact_invalid_input_variant	ls-remote	--exit-code	no-such*	file URL plus missing pattern	local bare repository with no matching refs	file	all	behavior matrix	git_transport_local_compat::ls_remote_option_family_matches_stock_git_for_local_remotes	stock_git_oracle_test	docs/cli/matrices/ls_remote_v2_47.tsv:16	safe to skip unless parser/error behavior changes	missing pattern exits 2 with empty stdout and stderr on file URL refs like stock Git
matrix:ee129bb1a708a165	invalid-input parity	exact_invalid_input_variant	ls-remote	--exit-code	no-such*	configured local remote plus missing pattern	configured local bare remote with no matching refs	local	all	behavior matrix	git_transport_local_compat::ls_remote_option_family_matches_stock_git_for_local_remotes	stock_git_oracle_test	docs/cli/matrices/ls_remote_v2_47.tsv:29	safe to skip unless parser/error behavior changes	missing pattern exits 2 with empty stdout and stderr like stock Git
matrix:b8d6fc6236bafcbe	invalid-input parity	exact_invalid_input_variant	ls-remote	<repository>	zminproto://example/repo	unsupported remote helper	local repository	remote-helper	all	behavior matrix	git_transport_local_compat::ls_remote_unsupported_remote_helper_failure_matches_stock_git	stock_git_oracle_test	docs/cli/matrices/ls_remote_v2_47.tsv:36	safe to skip unless parser/error behavior changes	unsupported remote-helper protocol exits 128 with stock missing helper diagnostic and remote-helper aborted-session fatal text
matrix:c624b8da04553bdc	invalid-input parity	exact_invalid_input_variant	ls-remote	--exit-code	no-such*	dumb HTTP URL plus missing pattern	repository with no matching refs	dumb HTTP	all	behavior matrix	git_transport_http_compat::ls_remote_option_family_matches_stock_git_for_dumb_http_remote	stock_git_oracle_test	docs/cli/matrices/ls_remote_v2_47.tsv:52	safe to skip unless parser/error behavior changes	missing pattern exits 2 with empty stdout and stderr on dumb HTTP like stock Git
matrix:2038f72547680c4a	invalid-input parity	exact_invalid_input_variant	ls-remote	--exit-code	no-such*	smart HTTP URL plus missing pattern	bare repository with no matching refs	smart HTTP	all	behavior matrix	git_transport_http_compat::ls_remote_option_family_matches_stock_git_for_smart_http_remote	stock_git_oracle_test	docs/cli/matrices/ls_remote_v2_47.tsv:70	safe to skip unless parser/error behavior changes	missing pattern exits 2 with empty stdout and stderr on smart HTTP like stock Git
matrix:ea5355dbfb58d686	invalid-input parity	exact_invalid_input_variant	ls-remote	--exit-code	no-such*	git-daemon URL plus missing pattern	bare repository with no matching refs	git daemon	all	behavior matrix	git_transport_http_compat::ls_remote_option_family_matches_stock_git_for_git_daemon_remote	stock_git_oracle_test	docs/cli/matrices/ls_remote_v2_47.tsv:88	safe to skip unless parser/error behavior changes	missing pattern exits 2 with empty stdout and stderr on git-daemon like stock Git
matrix:57c629cfa1c9478e	invalid-input parity	exact_invalid_input_variant	ls-remote	--exit-code	no-such*	ssh:// URL plus missing pattern	bare repository with no matching refs	SSH	all	behavior matrix	git_transport_http_compat::ls_remote_option_family_matches_stock_git_for_ssh_remote	stock_git_oracle_test	docs/cli/matrices/ls_remote_v2_47.tsv:107	safe to skip unless parser/error behavior changes	missing pattern exits 2 with empty stdout and stderr on SSH like stock Git
matrix:3ec7a521c0078848	invalid-input parity	exact_invalid_input_variant	ls-remote	--server-option	foo	ssh:// URL	bare repository without protocol.version=2	SSH	all	behavior matrix	git_transport_http_compat::ls_remote_option_family_matches_stock_git_for_ssh_remote	stock_git_oracle_test	docs/cli/matrices/ls_remote_v2_47.tsv:108	safe to skip unless parser/error behavior changes	without protocol version 2 the SSH lane rejects server-option like stock Git
matrix:895dafe9aa9eed38	invalid-input parity	exact_invalid_input_variant	ls-remote	-o	foo	ssh:// URL	bare repository without protocol.version=2	SSH	all	behavior matrix	git_transport_http_compat::ls_remote_option_family_matches_stock_git_for_ssh_remote	stock_git_oracle_test	docs/cli/matrices/ls_remote_v2_47.tsv:109	safe to skip unless parser/error behavior changes	without protocol version 2 the SSH lane rejects the short server-option alias like stock Git
matrix:7405936387b070ab	invalid-input parity	exact_invalid_input_variant	ls-remote	<repository>	credential-store basic auth	default listing	client with credential.helper=store entry for smart HTTP remote	smart HTTP	all	behavior matrix	git_transport_http_compat::ls_remote_sends_basic_auth_from_credential_store_helper	stock_git_oracle_test	docs/cli/matrices/ls_remote_v2_47.tsv:113	safe to skip unless parser/error behavior changes	ls-remote consults credential-store and sends the stock Basic Authorization header before the failing smart HTTP exchange
matrix:413a617fef074f0e	invalid-input parity	exact_invalid_input_variant	ls-remote	<config>	http.extraHeader Authorization stripped on cross-origin redirect	default listing	client config includes Authorization and non-credential extra header	smart HTTP	all	behavior matrix	git_transport_http_compat::ls_remote_strips_configured_authorization_header_on_cross_origin_redirect	stock_git_oracle_test	docs/cli/matrices/ls_remote_v2_47.tsv:114	safe to skip unless parser/error behavior changes	cross-origin redirect strips configured Authorization while preserving non-credential extra headers like stock Git
matrix:ee41119c790eee11	invalid-input parity	exact_invalid_input_variant	ls-remote	<config>	http.extraHeader custom header	default listing	client config includes X-Zmin-Token header	smart HTTP	all	behavior matrix	git_transport_http_compat::ls_remote_sends_configured_http_extra_header	stock_git_oracle_test	docs/cli/matrices/ls_remote_v2_47.tsv:115	safe to skip unless parser/error behavior changes	ls-remote sends configured http.extraHeader values on smart HTTP discovery like stock Git
matrix:96f40558a7a81419	invalid-input parity	exact_invalid_input_variant	ls-tree	<none>	missing	<none>	missing treeish	local	all	behavior matrix	git_cli_failure_compat::invalid_option_combinations_match_stock_git_failures	stock_git_oracle_test	docs/cli/matrices/ls_tree_v2_47.tsv:17	safe to skip unless parser/error behavior changes	missing treeish failure shape matches stock Git
matrix:61d274daccbfbbf9	invalid-input parity	exact_invalid_input_variant	mailsplit	-b	true	-o out mbox input	no repository state required	local	all	behavior matrix	tools/git-mailsplit-schema-extra-oracle-smoke.sh::mailsplit_keep_from_rejects_value	real_tool_trace	docs/cli/matrices/mailsplit_v2_47.tsv:11	safe to skip unless parser/error behavior changes	stock Git rejects keep-from short value with exit 128 and matching stderr
matrix:11c04294127dff75	invalid-input parity	exact_invalid_input_variant	mailsplit	--keep-cr	true	-o out mbox input	no repository state required	local	all	behavior matrix	tools/git-mailsplit-schema-extra-oracle-smoke.sh::mailsplit_keep_cr_rejects_value	real_tool_trace	docs/cli/matrices/mailsplit_v2_47.tsv:12	safe to skip unless parser/error behavior changes	stock Git rejects keep-cr value with exit 128 and matching stderr
matrix:1b06e618e0bab1fd	invalid-input parity	exact_invalid_input_variant	maintenance	<positional:operation>	frobnicate	unknown subcommand	clean repository	local	all	behavior matrix	git_maintenance_compat::maintenance_unknown_subcommand_failure_matches_stock_git	stock_git_oracle_test	docs/cli/matrices/maintenance_v2_47.tsv:2	safe to skip unless parser/error behavior changes	unknown maintenance subcommand fails with stock usage shape, exit code and stderr
matrix:fa5da759f9a80e7c	invalid-input parity	exact_invalid_input_variant	maintenance	--schedule	invalid	run	clean repository	local	all	behavior matrix	git_maintenance_compat::maintenance_run_invalid_schedule_failure_matches_stock_git	stock_git_oracle_test	docs/cli/matrices/maintenance_v2_47.tsv:3	safe to skip unless parser/error behavior changes	unsupported maintenance schedule guard exits with stock diagnostic and exit code
matrix:5a2dfbd7177adf0e	invalid-input parity	exact_invalid_input_variant	maintenance	--no-schedule	<empty>	run	clean repository	local	all	behavior matrix	git_maintenance_compat::maintenance_no_schedule_failures_match_stock_git	stock_git_oracle_test	docs/cli/matrices/maintenance_v2_47.tsv:4	safe to skip unless parser/error behavior changes	stock Git rejects no-schedule for maintenance run with fatal exit 128 and matching stderr
matrix:386527255f2ac7b8	invalid-input parity	exact_invalid_input_variant	maintenance	--no-schedule	<empty>	--schedule=daily	clean repository	local	all	behavior matrix	git_maintenance_compat::maintenance_no_schedule_failures_match_stock_git	stock_git_oracle_test	docs/cli/matrices/maintenance_v2_47.tsv:5	safe to skip unless parser/error behavior changes	stock Git rejects no-schedule even when schedule was provided first
matrix:580bf03f859794c5	invalid-input parity	exact_invalid_input_variant	maintenance	--no-schedule	<empty>	--task=gc	clean repository	local	all	behavior matrix	git_maintenance_compat::maintenance_no_schedule_failures_match_stock_git	stock_git_oracle_test	docs/cli/matrices/maintenance_v2_47.tsv:6	safe to skip unless parser/error behavior changes	stock Git rejects no-schedule when combined with an explicit task
matrix:c8cfa0e145dd5a72	invalid-input parity	exact_invalid_input_variant	maintenance	--no-schedule	<empty>	--schedule=hourly --task=gc	clean repository	local	all	behavior matrix	git_maintenance_compat::maintenance_no_schedule_failures_match_stock_git	stock_git_oracle_test	docs/cli/matrices/maintenance_v2_47.tsv:7	safe to skip unless parser/error behavior changes	stock Git rejects no-schedule after schedule plus task options
matrix:01f6fd25fb083555	invalid-input parity	exact_invalid_input_variant	maintenance	--no-schedule	<empty>	--schedule=hourly --task=gc reordered	clean repository	local	all	behavior matrix	git_maintenance_compat::maintenance_no_schedule_failures_match_stock_git	stock_git_oracle_test	docs/cli/matrices/maintenance_v2_47.tsv:8	safe to skip unless parser/error behavior changes	stock Git rejects no-schedule before later schedule plus task options
matrix:c1dcc9cf9e04f2c9	invalid-input parity	exact_invalid_input_variant	maintenance	--schedule	invalid	--task=gc	clean repository	local	all	behavior matrix	git_maintenance_compat::maintenance_run_schedule_task_and_auto_failures_match_stock_git	stock_git_oracle_test	docs/cli/matrices/maintenance_v2_47.tsv:9	safe to skip unless parser/error behavior changes	invalid schedule combined with explicit task exits with stock diagnostic and exit code
matrix:a9ba940989ad34b9	invalid-input parity	exact_invalid_input_variant	maintenance	--schedule	daily	--auto	clean repository	local	all	behavior matrix	git_maintenance_compat::maintenance_run_schedule_task_and_auto_failures_match_stock_git	stock_git_oracle_test	docs/cli/matrices/maintenance_v2_47.tsv:10	safe to skip unless parser/error behavior changes	auto mode rejects explicit schedule like stock Git
matrix:5cbacf0c13389705	invalid-input parity	exact_invalid_input_variant	maintenance	--task	missing	--schedule=daily	clean repository	local	all	behavior matrix	git_maintenance_compat::maintenance_run_schedule_task_and_auto_failures_match_stock_git	stock_git_oracle_test	docs/cli/matrices/maintenance_v2_47.tsv:11	safe to skip unless parser/error behavior changes	unknown maintenance task combined with schedule exits with stock diagnostic and exit code
matrix:2024f4e959d81d78	invalid-input parity	exact_invalid_input_variant	maintenance	--scheduler	crontab	start on macOS	macOS repository	local	macos	behavior matrix	git_maintenance_compat::maintenance_unavailable_schedulers_match_stock_git_on_macos	stock_git_oracle_test	docs/cli/matrices/maintenance_v2_47.tsv:12	safe to skip unless parser/error behavior changes	unavailable crontab scheduler on macOS fails with stock exit code, stdout and stderr when the local scheduler runtime itself is available
matrix:a9c14e36490ccc14	invalid-input parity	exact_invalid_input_variant	maintenance	--scheduler	systemd-timer	start on macOS	macOS repository	local	macos	behavior matrix	git_maintenance_compat::maintenance_unavailable_schedulers_match_stock_git_on_macos	stock_git_oracle_test	docs/cli/matrices/maintenance_v2_47.tsv:13	safe to skip unless parser/error behavior changes	unavailable systemd-timer scheduler on macOS fails with stock exit code, stdout and stderr when the local scheduler runtime itself is available
matrix:6ba449bc4343d2df	invalid-input parity	exact_invalid_input_variant	maintenance	--scheduler	schtasks	start on macOS	macOS repository	local	macos	behavior matrix	git_maintenance_compat::maintenance_unavailable_schedulers_match_stock_git_on_macos	stock_git_oracle_test	docs/cli/matrices/maintenance_v2_47.tsv:14	safe to skip unless parser/error behavior changes	unavailable schtasks scheduler on macOS fails with stock exit code, stdout and stderr when the local scheduler runtime itself is available
matrix:719f56c4193afb2b	invalid-input parity	exact_invalid_input_variant	maintenance	--scheduler	bogus	start	clean repository	local	all	behavior matrix	git_maintenance_compat::maintenance_unknown_scheduler_failure_matches_stock_git	stock_git_oracle_test	docs/cli/matrices/maintenance_v2_47.tsv:15	safe to skip unless parser/error behavior changes	unknown scheduler value exits with stock diagnostic and exit code
matrix:8337770a4160b608	invalid-input parity	exact_invalid_input_variant	maintenance	--task	prefetch	run	configured unsupported remote-helper URL	remote helper	all	behavior matrix	git_maintenance_compat::maintenance_prefetch_unsupported_remote_helper_failure_matches_stock_git	stock_git_oracle_test	docs/cli/matrices/maintenance_v2_47.tsv:24	safe to skip unless parser/error behavior changes	unsupported remote-helper URL prefetch exits with stock diagnostic and exit code
matrix:464e8b74b80336e3	invalid-input parity	exact_invalid_input_variant	maintenance	-q	<empty>	--task=gc	repository with reachable commit	local	all	behavior matrix	tools/git-maintenance-schema-oracle-smoke.sh::maintenance_run_gc_quiet_short	real_tool_trace	docs/cli/matrices/maintenance_v2_47.tsv:29	safe to skip unless parser/error behavior changes	stock-compatible rejection for undocumented short quiet switch matches exit, stdout, stderr, HEAD and worktree status
matrix:0f09f9fd70310c73	invalid-input parity	exact_invalid_input_variant	maintenance	--task	incremental-repack	run empty repository	empty repository	local	all	behavior matrix	git_maintenance_compat::maintenance_incremental_repack_empty_repo_failure_matches_stock_git	stock_git_oracle_test	docs/cli/matrices/maintenance_v2_47.tsv:35	safe to skip unless parser/error behavior changes	incremental-repack on an empty repository fails with stock exit code and diagnostics
matrix:008b44e23a68959a	invalid-input parity	exact_invalid_input_variant	merge-base	<none>	missing HEAD	<none>	missing revision	local	all	behavior matrix	git_cli_failure_compat::invalid_option_combinations_match_stock_git_failures	stock_git_oracle_test	docs/cli/matrices/merge_base_v2_47.tsv:18	safe to skip unless parser/error behavior changes	missing revision failure shape matches stock Git
matrix:a4e29577287f4d0d	invalid-input parity	exact_invalid_input_variant	merge-base	--is-ancestor	missing HEAD	<none>	missing revision	local	all	behavior matrix	git_cli_failure_compat::invalid_option_combinations_match_stock_git_failures	stock_git_oracle_test	docs/cli/matrices/merge_base_v2_47.tsv:19	safe to skip unless parser/error behavior changes	missing revision is-ancestor failure shape matches stock Git
matrix:ea63bb6cd06c9573	invalid-input parity	exact_invalid_input_variant	merge-file	-q	true	invalid short value	three standalone text files with conflicting middle line	local	all	behavior matrix	tools/git-merge-file-schema-oracle-smoke.sh::merge_file_quiet_short_value_invalid	real_tool_trace	docs/cli/matrices/merge_file_v2_47.tsv:12	safe to skip unless parser/error behavior changes	short quiet value rejection matches stock Git exit, stdout, stderr and side effects
matrix:0d61a9dc626fcf8b	invalid-input parity	exact_invalid_input_variant	merge-file	--quiet	true	invalid long value	three standalone text files with conflicting middle line	local	all	behavior matrix	tools/git-merge-file-schema-oracle-smoke.sh::merge_file_quiet_long_value_invalid	real_tool_trace	docs/cli/matrices/merge_file_v2_47.tsv:13	safe to skip unless parser/error behavior changes	long quiet value rejection matches stock Git exit, stdout, stderr and side effects
matrix:839c053dfc8877a4	invalid-input parity	exact_invalid_input_variant	merge-file	--ours	true	invalid long value	three standalone text files with conflicting middle line	local	all	behavior matrix	tools/git-merge-file-schema-oracle-smoke.sh::merge_file_ours_value_invalid	real_tool_trace	docs/cli/matrices/merge_file_v2_47.tsv:23	safe to skip unless parser/error behavior changes	ours value rejection matches stock Git exit, stdout, stderr and side effects
matrix:8b691bf7ab61a20e	invalid-input parity	exact_invalid_input_variant	merge-file	--theirs	true	invalid long value	three standalone text files with conflicting middle line	local	all	behavior matrix	tools/git-merge-file-schema-oracle-smoke.sh::merge_file_theirs_value_invalid	real_tool_trace	docs/cli/matrices/merge_file_v2_47.tsv:24	safe to skip unless parser/error behavior changes	theirs value rejection matches stock Git exit, stdout, stderr and side effects
matrix:e5ddd5790dc7e554	invalid-input parity	exact_invalid_input_variant	merge-file	--union	true	invalid long value	three standalone text files with conflicting middle line	local	all	behavior matrix	tools/git-merge-file-schema-oracle-smoke.sh::merge_file_union_value_invalid	real_tool_trace	docs/cli/matrices/merge_file_v2_47.tsv:25	safe to skip unless parser/error behavior changes	union value rejection matches stock Git exit, stdout, stderr and side effects
matrix:6fa6bc9573a9f5ed	invalid-input parity	exact_invalid_input_variant	merge-file	--diff3	true	invalid long value	three standalone text files with conflicting middle line	local	all	behavior matrix	tools/git-merge-file-schema-oracle-smoke.sh::merge_file_diff3_value_invalid	real_tool_trace	docs/cli/matrices/merge_file_v2_47.tsv:31	safe to skip unless parser/error behavior changes	diff3 value rejection matches stock Git exit, stdout, stderr and side effects
matrix:283ad607e330e3c3	invalid-input parity	exact_invalid_input_variant	merge-file	--zdiff3	true	invalid long value	three standalone text files with conflicting middle line	local	all	behavior matrix	tools/git-merge-file-schema-oracle-smoke.sh::merge_file_zdiff3_value_invalid	real_tool_trace	docs/cli/matrices/merge_file_v2_47.tsv:32	safe to skip unless parser/error behavior changes	zdiff3 value rejection matches stock Git exit, stdout, stderr and side effects
matrix:ac82013128f63336	invalid-input parity	exact_invalid_input_variant	merge-file	--marker-size	bogus	invalid long value	three standalone text files with conflicting middle line	local	all	behavior matrix	tools/git-merge-file-schema-oracle-smoke.sh::merge_file_marker_size_bogus_invalid	real_tool_trace	docs/cli/matrices/merge_file_v2_47.tsv:38	safe to skip unless parser/error behavior changes	marker-size bogus value rejection matches stock Git exit, stdout, stderr and side effects
matrix:027532fa227d7aee	invalid-input parity	exact_invalid_input_variant	merge-file	--marker-size	ours.txt	invalid separate value	three standalone text files with conflicting middle line	local	all	behavior matrix	tools/git-merge-file-schema-oracle-smoke.sh::merge_file_marker_size_missing_invalid	real_tool_trace	docs/cli/matrices/merge_file_v2_47.tsv:39	safe to skip unless parser/error behavior changes	marker-size non-integer separate value rejection matches stock Git exit, stdout, stderr and side effects
matrix:a84337675eeca902	invalid-input parity	exact_invalid_input_variant	merge-file	--diff-algorithm	bogus	invalid long value	three standalone text files with conflicting middle line	local	all	behavior matrix	tools/git-merge-file-schema-oracle-smoke.sh::merge_file_diff_algorithm_bogus_invalid	real_tool_trace	docs/cli/matrices/merge_file_v2_47.tsv:44	safe to skip unless parser/error behavior changes	diff-algorithm bogus value rejection matches stock Git exit, stdout, stderr and side effects
matrix:c330546eb2b0e3e5	invalid-input parity	exact_invalid_input_variant	merge-file	--diff-algorithm	ours.txt	invalid separate value	three standalone text files with conflicting middle line	local	all	behavior matrix	tools/git-merge-file-schema-oracle-smoke.sh::merge_file_diff_algorithm_missing_invalid	real_tool_trace	docs/cli/matrices/merge_file_v2_47.tsv:45	safe to skip unless parser/error behavior changes	diff-algorithm non-algorithm separate value rejection matches stock Git exit, stdout, stderr and side effects
matrix:a312b9181c5d44c9	invalid-input parity	exact_invalid_input_variant	merge-file	--object-id	bogus	invalid object id	local repository with loose blob objects	local	all	behavior matrix	tools/git-merge-file-schema-oracle-smoke.sh::merge_file_object_id_bogus_invalid	real_tool_trace	docs/cli/matrices/merge_file_v2_47.tsv:49	safe to skip unless parser/error behavior changes	object-id bogus object rejection matches stock Git exit, stdout, stderr and side effects
matrix:ca641f2146ef3bc2	invalid-input parity	exact_invalid_input_variant	merge-file	--object-id	true	invalid long value	local repository with loose blob objects	local	all	behavior matrix	tools/git-merge-file-schema-oracle-smoke.sh::merge_file_object_id_value_invalid	real_tool_trace	docs/cli/matrices/merge_file_v2_47.tsv:50	safe to skip unless parser/error behavior changes	object-id value rejection matches stock Git exit, stdout, stderr and side effects
matrix:2cc1ca449efba20e	invalid-input parity	exact_invalid_input_variant	merge-file	--no-object-id	true	invalid long value	local repository with loose blob objects	local	all	behavior matrix	tools/git-merge-file-schema-oracle-smoke.sh::merge_file_no_object_id_value_invalid	real_tool_trace	docs/cli/matrices/merge_file_v2_47.tsv:51	safe to skip unless parser/error behavior changes	no-object-id value rejection matches stock Git exit, stdout, stderr and side effects
matrix:5f735057f2e92e77	invalid-input parity	exact_invalid_input_variant	merge-tree	--stdin	<blank line>	invalid blank stdin line	local repository with base, ours and theirs commits	stdin	all	behavior matrix	tools/git-merge-tree-schema-gap-probe.sh::merge_tree_stdin_blank_line_invalid	real_tool_trace	docs/cli/matrices/merge_tree_v2_47.tsv:16	safe to skip unless parser/error behavior changes	blank stdin line rejection matches stock Git exit, stdout and stderr
matrix:b499fd2b8be9dce6	invalid-input parity	exact_invalid_input_variant	merge-tree	--stdin	<single commit>	invalid one-token stdin line	local repository with base, ours and theirs commits	stdin	all	behavior matrix	tools/git-merge-tree-schema-gap-probe.sh::merge_tree_stdin_one_token_invalid	real_tool_trace	docs/cli/matrices/merge_tree_v2_47.tsv:17	safe to skip unless parser/error behavior changes	one-token stdin line rejection matches stock Git exit, stdout and stderr
matrix:e00111a4a4c5c72a	invalid-input parity	exact_invalid_input_variant	merge-tree	--stdin	<branch1> <branch2> extra	invalid extra-token stdin line	local repository with base, ours and theirs commits	stdin	all	behavior matrix	tools/git-merge-tree-schema-gap-probe.sh::merge_tree_stdin_extra_token_invalid	real_tool_trace	docs/cli/matrices/merge_tree_v2_47.tsv:18	safe to skip unless parser/error behavior changes	extra-token stdin line rejection matches stock Git exit, stdout and stderr
matrix:d2dcee8b987bdbd6	invalid-input parity	exact_invalid_input_variant	merge-tree	--merge-base	missing-ref	invalid merge-base tree-ish	local repository with base, ours and theirs commits	local	all	behavior matrix	tools/git-merge-tree-schema-gap-probe.sh::merge_tree_merge_base_missing_invalid	real_tool_trace	docs/cli/matrices/merge_tree_v2_47.tsv:22	safe to skip unless parser/error behavior changes	missing merge-base tree-ish rejection matches stock Git exit, stdout and stderr
matrix:08aa44028f58384a	invalid-input parity	exact_invalid_input_variant	merge-tree	--merge-base	<empty>	invalid empty merge-base tree-ish	local repository with base, ours and theirs commits	local	all	behavior matrix	tools/git-merge-tree-schema-gap-probe.sh::merge_tree_merge_base_empty_invalid	real_tool_trace	docs/cli/matrices/merge_tree_v2_47.tsv:23	safe to skip unless parser/error behavior changes	empty merge-base tree-ish rejection matches stock Git exit, stdout and stderr
matrix:663238a7fc71ab0c	invalid-input parity	exact_invalid_input_variant	merge-tree	--merge-base	missing-ref	invalid separated merge-base tree-ish	local repository with base, ours and theirs commits	local	all	behavior matrix	tools/git-merge-tree-schema-gap-probe.sh::merge_tree_merge_base_separate_missing_invalid	real_tool_trace	docs/cli/matrices/merge_tree_v2_47.tsv:24	safe to skip unless parser/error behavior changes	separated missing merge-base tree-ish rejection matches stock Git exit, stdout and stderr
matrix:b9c69ea6e6ecf21e	invalid-input parity	exact_invalid_input_variant	merge-tree	--trivial-merge	<empty>	invalid with --write-tree	local repository with base, ours and theirs commits	local	all	behavior matrix	tools/git-merge-tree-schema-gap-probe.sh::merge_tree_trivial_write_tree_invalid	real_tool_trace	docs/cli/matrices/merge_tree_v2_47.tsv:25	safe to skip unless parser/error behavior changes	trivial-merge plus write-tree rejection matches stock Git exit, stdout and stderr
matrix:5e7328075c024173	invalid-input parity	exact_invalid_input_variant	merge-tree	--messages	<empty>	invalid without --write-tree in trivial mode	local repository with base, ours and theirs tree objects	local	all	behavior matrix	tools/git-merge-tree-schema-gap-probe.sh::merge_tree_messages_without_write_tree_invalid	real_tool_trace	docs/cli/matrices/merge_tree_v2_47.tsv:26	safe to skip unless parser/error behavior changes	messages without write-tree rejection matches stock Git exit, stdout and stderr
matrix:ff1982eba33cd868	invalid-input parity	exact_invalid_input_variant	merge-tree	--merge-base	<tree>	invalid without --write-tree in trivial mode	local repository with base, ours and theirs tree objects	local	all	behavior matrix	tools/git-merge-tree-schema-gap-probe.sh::merge_tree_merge_base_without_write_tree_invalid	real_tool_trace	docs/cli/matrices/merge_tree_v2_47.tsv:27	safe to skip unless parser/error behavior changes	merge-base without write-tree rejection matches stock Git exit, stdout and stderr
matrix:f16c0f8cdd7e1edd	invalid-input parity	exact_invalid_input_variant	merge-tree	--name-only	<empty>	invalid without --write-tree in trivial mode	local repository with base, ours and theirs tree objects	local	all	behavior matrix	tools/git-merge-tree-schema-gap-probe.sh::merge_tree_name_only_trivial_invalid	real_tool_trace	docs/cli/matrices/merge_tree_v2_47.tsv:28	safe to skip unless parser/error behavior changes	name-only without write-tree rejection matches stock Git exit, stdout and stderr
matrix:540d0114cc7d405f	invalid-input parity	exact_invalid_input_variant	merge-tree	-X	=ours	invalid short option value form	local repository with base, ours and theirs commits	local	all	behavior matrix	tools/git-merge-tree-schema-gap-probe.sh::merge_tree_strategy_option_short_equals_invalid	real_tool_trace	docs/cli/matrices/merge_tree_v2_47.tsv:34	safe to skip unless parser/error behavior changes	-X=ours rejection matches stock Git exit, stdout and stderr
matrix:0da59836a5767220	invalid-input parity	exact_invalid_input_variant	merge-tree	-X	=theirs	invalid short option value form	local repository with base, ours and theirs commits	local	all	behavior matrix	tools/git-merge-tree-schema-gap-probe.sh::merge_tree_strategy_option_short_equals_theirs_invalid	real_tool_trace	docs/cli/matrices/merge_tree_v2_47.tsv:35	safe to skip unless parser/error behavior changes	-X=theirs rejection matches stock Git exit, stdout and stderr
matrix:cb3d918dd015e76b	invalid-input parity	exact_invalid_input_variant	merge-tree	-m	<empty>	invalid short switch	local repository with base, ours and theirs tree objects	local	all	behavior matrix	tools/git-merge-tree-schema-oracle-smoke.sh::merge_tree_short_m_invalid	real_tool_trace	docs/cli/matrices/merge_tree_v2_47.tsv:36	safe to skip unless parser/error behavior changes	short -m rejection matches stock Git exit, stdout and stderr
matrix:c0d94c6dfeaf3ceb	invalid-input parity	exact_invalid_input_variant	merge-tree	-p	<empty>	invalid short switch	local repository with base, ours and theirs tree objects	local	all	behavior matrix	tools/git-merge-tree-schema-oracle-smoke.sh::merge_tree_short_p_invalid	real_tool_trace	docs/cli/matrices/merge_tree_v2_47.tsv:37	safe to skip unless parser/error behavior changes	short -p rejection matches stock Git exit, stdout and stderr
matrix:81e5a389814fc2c2	invalid-input parity	exact_invalid_input_variant	merge-tree	-F	<empty>	invalid short switch	local repository with base, ours and theirs tree objects	local	all	behavior matrix	tools/git-merge-tree-schema-oracle-smoke.sh::merge_tree_short_F_invalid	real_tool_trace	docs/cli/matrices/merge_tree_v2_47.tsv:38	safe to skip unless parser/error behavior changes	short -F rejection matches stock Git exit, stdout and stderr
matrix:21b8375bf6ca6093	invalid-input parity	exact_invalid_input_variant	merge	-s	bogus	invalid strategy value	diverged clean branches	local	all	behavior matrix	git_merge_compat::merge_unknown_strategy_matches_stock_git_failure	stock_git_oracle_test	docs/cli/matrices/merge_v2_47.tsv:2	safe to skip unless parser/error behavior changes	unknown merge strategy exits 1 with stock diagnostic and leaves repository state unchanged
matrix:a7b3efea7df68563	invalid-input parity	exact_invalid_input_variant	merge	--abort	<empty>	no merge in progress	clean repository	local	all	behavior matrix	git_merge_compat::merge_abort_and_continue_without_merge_match_stock_git_failures	stock_git_oracle_test	docs/cli/matrices/merge_v2_47.tsv:3	safe to skip unless parser/error behavior changes	abort without in-progress merge failure output and exit status match stock Git
matrix:ae53987ac90c7bcc	invalid-input parity	exact_invalid_input_variant	merge	--continue	<empty>	no merge in progress	clean repository	local	all	behavior matrix	git_merge_compat::merge_abort_and_continue_without_merge_match_stock_git_failures	stock_git_oracle_test	docs/cli/matrices/merge_v2_47.tsv:4	safe to skip unless parser/error behavior changes	continue without in-progress merge failure output and exit status match stock Git
matrix:96cef1880b231a7f	invalid-input parity	exact_invalid_input_variant	merge	--ff-only	<empty>	non-fast-forward local feature branch	diverged local feature and current branch	local	all	behavior matrix	git_merge_compat::merge_ff_only_matches_stock_git_state_and_exit_codes	stock_git_oracle_test	docs/cli/matrices/merge_v2_47.tsv:18	safe to skip unless parser/error behavior changes	ff-only rejects non-fast-forward merges with stock exit status while preserving HEAD and status
matrix:67903cafb9794da0	invalid-input parity	exact_invalid_input_variant	merge	<positional:commits>	feature	text conflict leaves merge state	diverged branches modify the same tracked text file	local	all	behavior matrix	git_merge_compat::merge_conflict_leaves_unmerged_index_and_merge_state_like_stock_git	stock_git_oracle_test	docs/cli/matrices/merge_v2_47.tsv:24	safe to skip unless parser/error behavior changes	conflicted text merge leaves stock unmerged index entries, MERGE_HEAD state and conflicted worktree contents
matrix:6f34812c5b08fc69	invalid-input parity	exact_invalid_input_variant	merge	<positional:commits>	feature	binary conflict	diverged branches modify the same tracked binary file	local	all	behavior matrix	git_merge_compat::merge_binary_conflict_matches_stock_git_index_and_worktree	stock_git_oracle_test	docs/cli/matrices/merge_v2_47.tsv:27	safe to skip unless parser/error behavior changes	binary conflict leaves stock unmerged index entries, worktree bytes and status
matrix:881b9be18fbf6abf	invalid-input parity	exact_invalid_input_variant	merge	<positional:commits>	feature	modify/delete conflict	diverged branches delete versus modify the same tracked file	local	all	behavior matrix	git_merge_compat::merge_modify_delete_conflicts_match_stock_git_index_and_worktree	stock_git_oracle_test	docs/cli/matrices/merge_v2_47.tsv:28	safe to skip unless parser/error behavior changes	modify-delete conflict leaves stock unmerged index entries, worktree contents and status across both branch orders
matrix:42f405b1487e6790	invalid-input parity	exact_invalid_input_variant	merge	<positional:commits>	feature	rename/delete conflict	diverged branches rename versus delete the same tracked file	local	all	behavior matrix	git_merge_compat::merge_rename_delete_conflicts_match_stock_git_index_and_worktree	stock_git_oracle_test	docs/cli/matrices/merge_v2_47.tsv:29	safe to skip unless parser/error behavior changes	rename-delete conflict leaves stock unmerged index entries, renamed worktree contents and status across both branch orders
matrix:15018939d334e54a	invalid-input parity	exact_invalid_input_variant	merge	--verify-signatures	<empty>	non-fast-forward clean merge with unsigned feature commit	diverged local feature and current branch with non-overlapping changes and unsigned feature tip	local	all	behavior matrix	tools/git-merge-verify-signatures-oracle-smoke.sh	real_tool_trace	docs/cli/matrices/merge_v2_47.tsv:69	safe to skip unless parser/error behavior changes	verify-signatures rejects an unsigned feature tip with the stock fatal diagnostic while preserving HEAD and branch status
matrix:8c178204efeebb68	invalid-input parity	exact_invalid_input_variant	mergetool	--tool	missingtool	invalid unconfigured custom tool	unmerged file with configured custom mergetool	local	all	behavior matrix	tools/git-mergetool-schema-oracle-smoke.sh::mergetool_unknown_tool_invalid	real_tool_trace	docs/cli/matrices/mergetool_v2_47.tsv:14	safe to skip unless parser/error behavior changes	unknown custom tool rejection matches stock Git exit, stdout and stderr
matrix:16366e534ff57f35	invalid-input parity	exact_invalid_input_variant	mergetool	--output	out.txt	invalid long output option	unmerged file with configured custom mergetool	local	all	behavior matrix	tools/git-mergetool-schema-oracle-smoke.sh::mergetool_output_long_invalid	real_tool_trace	docs/cli/matrices/mergetool_v2_47.tsv:15	safe to skip unless parser/error behavior changes	long output option rejection matches stock Git exit, stdout and stderr
matrix:a06883afa349e539	invalid-input parity	exact_invalid_input_variant	mergetool	--auto-merge	<empty>	invalid long auto-merge option	unmerged file with configured custom mergetool	local	all	behavior matrix	tools/git-mergetool-schema-oracle-smoke.sh::mergetool_auto_merge_invalid	real_tool_trace	docs/cli/matrices/mergetool_v2_47.tsv:16	safe to skip unless parser/error behavior changes	auto-merge option rejection matches stock Git exit, stdout and stderr
matrix:2bca07c3be0f7b10	invalid-input parity	exact_invalid_input_variant	mktree	--no-z	<empty>	text tree records	local repository with written blob	local	all	behavior matrix	tools/git-mktree-schema-oracle-smoke.sh::mktree_no_z_rejected	real_tool_trace	docs/cli/matrices/mktree_v2_47.tsv:18	safe to skip unless parser/error behavior changes	stock Git rejects no-z with exit 129 and matching stderr
matrix:3139cd662968c24a	invalid-input parity	exact_invalid_input_variant	mktree	-z	true	text tree records	local repository with written blob	local	all	behavior matrix	tools/git-mktree-schema-oracle-smoke.sh::mktree_z_rejects_value	real_tool_trace	docs/cli/matrices/mktree_v2_47.tsv:19	safe to skip unless parser/error behavior changes	stock Git rejects z value with exit 129 and matching stderr
matrix:87cee2273ba6f2a2	invalid-input parity	exact_invalid_input_variant	mktree	--batch	true	text tree records	local repository with written blob	local	all	behavior matrix	tools/git-mktree-schema-oracle-smoke.sh::mktree_batch_rejects_value	real_tool_trace	docs/cli/matrices/mktree_v2_47.tsv:20	safe to skip unless parser/error behavior changes	stock Git rejects batch value with exit 129 and matching stderr
matrix:b68354cc2ceabbce	invalid-input parity	exact_invalid_input_variant	mktree	--missing	true	text tree records	local repository with written blob	local	all	behavior matrix	tools/git-mktree-schema-oracle-smoke.sh::mktree_missing_rejects_value	real_tool_trace	docs/cli/matrices/mktree_v2_47.tsv:21	safe to skip unless parser/error behavior changes	stock Git rejects missing value with exit 129 and matching stderr
matrix:9564e0a7ff6fc479	invalid-input parity	exact_invalid_input_variant	mktree	--missing	<empty>	--no-missing missing blob record	local repository without referenced blob	local	all	behavior matrix	tools/git-mktree-schema-oracle-smoke.sh::mktree_missing_no_missing_rejects_missing_blob	real_tool_trace	docs/cli/matrices/mktree_v2_47.tsv:25	safe to skip unless parser/error behavior changes	no-missing after missing rejects a missing blob with stock Git exit and stderr
matrix:1369997d8ca2e056	invalid-input parity	exact_invalid_input_variant	mktree	<none>	bad-record	malformed text tree record	local repository	local	all	behavior matrix	tools/git-mktree-schema-oracle-smoke.sh::mktree_bad_record_rejected	real_tool_trace	docs/cli/matrices/mktree_v2_47.tsv:26	safe to skip unless parser/error behavior changes	malformed record rejection matches stock Git exit, stdout and stderr
matrix:9699194c289122ac	invalid-input parity	exact_invalid_input_variant	multi-pack-index	write	<empty>	empty repository	local repository with no pack files	local	all	behavior matrix	git_maintenance_compat::multi_pack_index_write_empty_repo_failure_matches_stock_git	stock_git_oracle_test	docs/cli/matrices/multi_pack_index_v2_47.tsv:6	safe to skip unless parser/error behavior changes	empty repository write failure stdout/stderr/exit matches stock Git
matrix:5b381c729776c793	invalid-input parity	exact_invalid_input_variant	multi-pack-index	verify	<empty>	checksum-valid bad signature	local multi-pack-index	local	all	behavior matrix	git_maintenance_compat::multi_pack_index_verify_header_variants_match_stock_git	stock_git_oracle_test	docs/cli/matrices/multi_pack_index_v2_47.tsv:7	safe to skip unless parser/error behavior changes	stock Git rejects bad MIDX signatures with fatal signature mismatch diagnostics and exit 128
matrix:65955160371fb364	invalid-input parity	exact_invalid_input_variant	multi-pack-index	verify	<empty>	checksum-valid bad version	local multi-pack-index	local	all	behavior matrix	git_maintenance_compat::multi_pack_index_verify_header_variants_match_stock_git	stock_git_oracle_test	docs/cli/matrices/multi_pack_index_v2_47.tsv:8	safe to skip unless parser/error behavior changes	stock Git rejects unrecognized MIDX versions with fatal version diagnostics and exit 128
matrix:37e1bfb512bb4a85	invalid-input parity	exact_invalid_input_variant	multi-pack-index	verify	<empty>	checksum-valid bad hash version	local multi-pack-index	local	all	behavior matrix	git_maintenance_compat::multi_pack_index_verify_header_variants_match_stock_git	stock_git_oracle_test	docs/cli/matrices/multi_pack_index_v2_47.tsv:9	safe to skip unless parser/error behavior changes	stock Git rejects unsupported MIDX hash versions with parse diagnostics and exit 1
matrix:3f3b08d31aa6413a	invalid-input parity	exact_invalid_input_variant	multi-pack-index	--bitmap	<empty>	write --refs-snapshot=missing.snapshot	two-pack repository	local	all	behavior matrix	git_maintenance_compat::multi_pack_index_incremental_and_refs_snapshot_match_stock_git	stock_git_oracle_test	docs/cli/matrices/multi_pack_index_v2_47.tsv:24	safe to skip unless parser/error behavior changes	bitmap with an unreadable refs-snapshot path matches stock Git fatal missing-file stderr, exit status, and leaves no multi-pack-index file behind on the current modeled lane
matrix:d0a32918932cab72	invalid-input parity	exact_invalid_input_variant	multi-pack-index	--refs-snapshot	missing.snapshot	write --bitmap	two-pack repository	local	all	behavior matrix	git_maintenance_compat::multi_pack_index_incremental_and_refs_snapshot_match_stock_git	stock_git_oracle_test	docs/cli/matrices/multi_pack_index_v2_47.tsv:28	safe to skip unless parser/error behavior changes	refs-snapshot with bitmap and an unreadable path matches stock Git fatal missing-file stderr, exit status, and leaves no multi-pack-index file behind
matrix:373f5ff1dd5c3ab5	invalid-input parity	exact_invalid_input_variant	multi-pack-index	--stdin-packs	missing.idx	stdin missing selection	two-pack repository	local	all	behavior matrix	git_maintenance_compat::multi_pack_index_write_option_family_matches_stock_git	stock_git_oracle_test	docs/cli/matrices/multi_pack_index_v2_47.tsv:30	safe to skip unless parser/error behavior changes	stdin-packs with no matching pack indexes fails with the stock error message and leaves no multi-pack-index file behind
matrix:7c883131d0378824	invalid-input parity	exact_invalid_input_variant	notes	copy option	--bad	invalid option	local repository	local	all	behavior matrix	git_notes_invalid_compat::notes_copy_unknown_option_matches_stock_git_usage	stock_git_oracle_test	docs/cli/matrices/notes_v2_47.tsv:2	safe to skip unless parser/error behavior changes	unknown notes copy option prints stock usage with exit 129 instead of a custom unsupported-option fatal diagnostic
matrix:262bad7589ffafe2	invalid-input parity	exact_invalid_input_variant	notes	add option	--bad	invalid option	local repository	local	all	behavior matrix	git_notes_invalid_compat::notes_subcommand_unknown_options_match_stock_git_usage	stock_git_oracle_test	docs/cli/matrices/notes_v2_47.tsv:3	safe to skip unless parser/error behavior changes	unknown notes add option prints stock usage with exit 129 instead of a custom unsupported-option fatal diagnostic
matrix:47aa8fc59dcc91e5	invalid-input parity	exact_invalid_input_variant	notes	edit option	--bad	invalid option	local repository	local	all	behavior matrix	git_notes_invalid_compat::notes_subcommand_unknown_options_match_stock_git_usage	stock_git_oracle_test	docs/cli/matrices/notes_v2_47.tsv:4	safe to skip unless parser/error behavior changes	unknown notes edit option prints stock usage with exit 129 instead of a custom unsupported-option fatal diagnostic
matrix:6762cf50763d9f78	invalid-input parity	exact_invalid_input_variant	notes	remove option	--bad	invalid option	local repository	local	all	behavior matrix	git_notes_invalid_compat::notes_subcommand_unknown_options_match_stock_git_usage	stock_git_oracle_test	docs/cli/matrices/notes_v2_47.tsv:5	safe to skip unless parser/error behavior changes	unknown notes remove option prints stock usage with exit 129 instead of a custom unsupported-option fatal diagnostic
matrix:7c538522ecb1970a	invalid-input parity	exact_invalid_input_variant	notes	prune option	--bad	invalid option	local repository	local	all	behavior matrix	git_notes_invalid_compat::notes_subcommand_unknown_options_match_stock_git_usage	stock_git_oracle_test	docs/cli/matrices/notes_v2_47.tsv:6	safe to skip unless parser/error behavior changes	unknown notes prune option prints stock usage with exit 129 instead of a custom unsupported-option fatal diagnostic
matrix:0d2af12cad7649a9	invalid-input parity	exact_invalid_input_variant	notes	merge option	--bad	invalid option	local repository	local	all	behavior matrix	git_notes_invalid_compat::notes_subcommand_unknown_options_match_stock_git_usage	stock_git_oracle_test	docs/cli/matrices/notes_v2_47.tsv:7	safe to skip unless parser/error behavior changes	unknown notes merge option prints stock usage with exit 129 instead of a custom unsupported-option fatal diagnostic
matrix:313866440efa8c3c	invalid-input parity	exact_invalid_input_variant	notes	show	HEAD	after remove	committed object without note	local	all	behavior matrix	git_notes_compat::notes_add_list_show_remove_match_stock_git	stock_git_oracle_test	docs/cli/matrices/notes_v2_47.tsv:14	safe to skip unless parser/error behavior changes	missing note show exit status matches stock Git after remove
matrix:31b3d73e04c83190	invalid-input parity	exact_invalid_input_variant	notes	list	HEAD HEAD	extra positional arguments	repository with an existing HEAD note	local	all	behavior matrix	git_notes_compat::notes_list_show_extra_arguments_match_stock_git_failures	stock_git_oracle_test	docs/cli/matrices/notes_v2_47.tsv:45	safe to skip unless parser/error behavior changes	extra positional arguments for notes list fail with stock-matching exit and stdout
matrix:cb8c2b553534cc89	invalid-input parity	exact_invalid_input_variant	notes	copy	--force --no-force <from> <to>	final no-force toggle	copy between two noted commits where destination already has a note	local	all	behavior matrix	git_notes_compat::notes_other_no_option_toggles_match_stock_git	stock_git_oracle_test	docs/cli/matrices/notes_v2_47.tsv:57	safe to skip unless parser/error behavior changes	final no-force toggle restores stock refusal to overwrite an existing destination note
matrix:d37912909ed89f4a	invalid-input parity	exact_invalid_input_variant	pack-objects	--index-version	3	--stdout --revs	committed repo	local	all	behavior matrix	git_pack_integrity_compat::pack_objects_index_version_values_match_stock_git	stock_git_oracle_test	docs/cli/matrices/pack_objects_v2_47.tsv:6	safe to skip unless parser/error behavior changes	stock Git rejects unsupported numeric index version major 3 with exit 128
matrix:360dbb484da51871	invalid-input parity	exact_invalid_input_variant	pack-objects	--index-version	3,0	--stdout --revs	committed repo	local	all	behavior matrix	git_pack_integrity_compat::pack_objects_index_version_values_match_stock_git	stock_git_oracle_test	docs/cli/matrices/pack_objects_v2_47.tsv:7	safe to skip unless parser/error behavior changes	stock Git rejects unsupported numeric index version major 3 even with a numeric minor value
matrix:b1663be70c42b1ef	invalid-input parity	exact_invalid_input_variant	pack-objects	--index-version	foo	--stdout --revs	committed repo	local	all	behavior matrix	git_pack_integrity_compat::pack_objects_index_version_values_match_stock_git	stock_git_oracle_test	docs/cli/matrices/pack_objects_v2_47.tsv:8	safe to skip unless parser/error behavior changes	stock Git rejects non-numeric index version values as bad index versions with exit 128
matrix:2b976996b6cff4c7	invalid-input parity	exact_invalid_input_variant	pack-objects	--index-version	2,foo	--stdout --revs	committed repo	local	all	behavior matrix	git_pack_integrity_compat::pack_objects_index_version_values_match_stock_git	stock_git_oracle_test	docs/cli/matrices/pack_objects_v2_47.tsv:9	safe to skip unless parser/error behavior changes	stock Git rejects non-numeric minor index version values as bad index versions with exit 128
matrix:f20a914ed646e7d3	invalid-input parity	exact_invalid_input_variant	pack-objects	--index-version	1,foo	--stdout --revs	committed repo	local	all	behavior matrix	git_pack_integrity_compat::pack_objects_index_version_values_match_stock_git	stock_git_oracle_test	docs/cli/matrices/pack_objects_v2_47.tsv:10	safe to skip unless parser/error behavior changes	stock Git rejects non-numeric minor index version values for major 1 as bad index versions with exit 128
matrix:d33d4ed60b59b060	invalid-input parity	exact_invalid_input_variant	pack-objects	--index-version	-1	--stdout --revs	committed repo	local	all	behavior matrix	git_pack_integrity_compat::pack_objects_index_version_values_match_stock_git	stock_git_oracle_test	docs/cli/matrices/pack_objects_v2_47.tsv:11	safe to skip unless parser/error behavior changes	stock Git rejects unsupported negative numeric index version majors with exit 128
matrix:352ab69af98e2742	invalid-input parity	exact_invalid_input_variant	patch-id	--no-stable	<empty>	unknown negated stable mode stdin diff patch	modified tracked file	local	all	behavior matrix	tools/git-patch-id-schema-oracle-smoke.sh::patch_id_no_stable_rejected	real_tool_trace	docs/cli/matrices/patch_id_v2_47.tsv:11	safe to skip unless parser/error behavior changes	stock Git rejects no-stable with exit 129 and matching stderr
matrix:78ee807acc130459	invalid-input parity	exact_invalid_input_variant	patch-id	--no-unstable	<empty>	unknown negated unstable mode stdin diff patch	modified tracked file	local	all	behavior matrix	tools/git-patch-id-schema-oracle-smoke.sh::patch_id_no_unstable_rejected	real_tool_trace	docs/cli/matrices/patch_id_v2_47.tsv:12	safe to skip unless parser/error behavior changes	stock Git rejects no-unstable with exit 129 and matching stderr
matrix:c70416eebb7e4724	invalid-input parity	exact_invalid_input_variant	patch-id	--no-verbatim	<empty>	unknown negated verbatim mode stdin diff patch	modified tracked file	local	all	behavior matrix	tools/git-patch-id-schema-oracle-smoke.sh::patch_id_no_verbatim_rejected	real_tool_trace	docs/cli/matrices/patch_id_v2_47.tsv:13	safe to skip unless parser/error behavior changes	stock Git rejects no-verbatim with exit 129 and matching stderr
matrix:8041dac111518869	invalid-input parity	exact_invalid_input_variant	patch-id	-O	stable	unknown compact option stdin diff patch	modified tracked file	local	all	behavior matrix	tools/git-patch-id-schema-oracle-smoke.sh::patch_id_o_compact_rejected	real_tool_trace	docs/cli/matrices/patch_id_v2_47.tsv:14	safe to skip unless parser/error behavior changes	stock Git rejects compact -O option with exit 129 and matching stderr
matrix:50af36e73cf6f774	invalid-input parity	exact_invalid_input_variant	patch-id	-O	stable	unknown separate option stdin diff patch	modified tracked file	local	all	behavior matrix	tools/git-patch-id-schema-oracle-smoke.sh::patch_id_o_separate_rejected	real_tool_trace	docs/cli/matrices/patch_id_v2_47.tsv:15	safe to skip unless parser/error behavior changes	stock Git rejects separate -O option with exit 129 and matching stderr
matrix:efbfcbdb38a772a4	invalid-input parity	exact_invalid_input_variant	patch-id	--stable	true	stable value rejection stdin diff patch	modified tracked file	local	all	behavior matrix	tools/git-patch-id-schema-oracle-smoke.sh::patch_id_stable_rejects_value	real_tool_trace	docs/cli/matrices/patch_id_v2_47.tsv:16	safe to skip unless parser/error behavior changes	stock Git rejects stable value with exit 129 and matching stderr
matrix:8f8731d09a09f5e4	invalid-input parity	exact_invalid_input_variant	patch-id	--unstable	true	unstable value rejection stdin diff patch	modified tracked file	local	all	behavior matrix	tools/git-patch-id-schema-oracle-smoke.sh::patch_id_unstable_rejects_value	real_tool_trace	docs/cli/matrices/patch_id_v2_47.tsv:17	safe to skip unless parser/error behavior changes	stock Git rejects unstable value with exit 129 and matching stderr
matrix:6f48cd84ee3bc679	invalid-input parity	exact_invalid_input_variant	patch-id	--verbatim	true	verbatim value rejection stdin diff patch	modified tracked file	local	all	behavior matrix	tools/git-patch-id-schema-oracle-smoke.sh::patch_id_verbatim_rejects_value	real_tool_trace	docs/cli/matrices/patch_id_v2_47.tsv:18	safe to skip unless parser/error behavior changes	stock Git rejects verbatim value with exit 129 and matching stderr
matrix:5a75f0b8f1674238	invalid-input parity	exact_invalid_input_variant	prune-packed	--dry-run	true	duplicate packed object dry run	repository with loose duplicate of packed object	local	all	behavior matrix	tools/git-prune-packed-schema-oracle-smoke.sh::prune_packed_dry_run_long_rejects_value	real_tool_trace	docs/cli/matrices/prune_packed_v2_47.tsv:11	safe to skip unless parser/error behavior changes	stock Git rejects dry-run value with exit 129 and matching stderr
matrix:c5c4b4187a87b329	invalid-input parity	exact_invalid_input_variant	prune-packed	-n	true	duplicate packed object dry run	repository with loose duplicate of packed object	local	all	behavior matrix	tools/git-prune-packed-schema-oracle-smoke.sh::prune_packed_dry_run_short_rejects_value	real_tool_trace	docs/cli/matrices/prune_packed_v2_47.tsv:12	safe to skip unless parser/error behavior changes	stock Git rejects short dry-run value with exit 129 and matching stderr
matrix:4c77a47eae35e48c	invalid-input parity	exact_invalid_input_variant	prune-packed	--quiet	true	duplicate packed object quiet prune	repository with loose duplicate of packed object	local	all	behavior matrix	tools/git-prune-packed-schema-oracle-smoke.sh::prune_packed_quiet_long_rejects_value	real_tool_trace	docs/cli/matrices/prune_packed_v2_47.tsv:13	safe to skip unless parser/error behavior changes	stock Git rejects quiet value with exit 129 and matching stderr
matrix:b665a2d500ab1870	invalid-input parity	exact_invalid_input_variant	prune-packed	-q	true	duplicate packed object quiet prune	repository with loose duplicate of packed object	local	all	behavior matrix	tools/git-prune-packed-schema-oracle-smoke.sh::prune_packed_quiet_short_rejects_value	real_tool_trace	docs/cli/matrices/prune_packed_v2_47.tsv:14	safe to skip unless parser/error behavior changes	stock Git rejects short quiet value with exit 129 and matching stderr
matrix:91041a447a1ddc51	invalid-input parity	exact_invalid_input_variant	prune	--expire	bogus	<empty>	clean repository	local	all	behavior matrix	git_maintenance_compat::prune_invalid_expire_value_matches_stock_git	stock_git_oracle_test	docs/cli/matrices/prune_v2_47.tsv:14	safe to skip unless parser/error behavior changes	malformed expiry value exits with stock fatal diagnostic and exit code
matrix:ed9bd03109bc7f33	invalid-input parity	exact_invalid_input_variant	pull	--append	<empty>	named local path remote ff-only with existing FETCH_HEAD	behind upstream with existing FETCH_HEAD entry	local	all	behavior matrix	git_transport_local_compat::pull_append_with_existing_fetch_head_matches_stock_git	stock_git_oracle_test	docs/cli/matrices/pull_v2_47.tsv:51	safe to skip unless parser/error behavior changes	pull matches the current-host stock fatal multiple-branch rejection for append after an existing FETCH_HEAD entry, including stderr, unchanged HEAD, ref state, and appended FETCH_HEAD contents
matrix:289c8ad38010b5d7	invalid-input parity	exact_invalid_input_variant	pull	-a	<empty>	named local path remote ff-only with existing FETCH_HEAD	behind upstream with existing FETCH_HEAD entry	local	all	behavior matrix	git_transport_local_compat::pull_append_with_existing_fetch_head_matches_stock_git	stock_git_oracle_test	docs/cli/matrices/pull_v2_47.tsv:52	safe to skip unless parser/error behavior changes	short append alias matches the current-host stock fatal multiple-branch rejection after an existing FETCH_HEAD entry, including stderr, unchanged HEAD, ref state, and appended FETCH_HEAD contents
matrix:92cb0b8ba9b1aa30	invalid-input parity	exact_invalid_input_variant	pull	--jobs	bad	invalid integer plus recurse-submodules named local path remote fast-forward	behind upstream with no local commits	local	all	behavior matrix	git_transport_local_compat::pull_fetch_inherited_short_aliases_match_stock_git	stock_git_oracle_test	docs/cli/matrices/pull_v2_47.tsv:53	safe to skip unless parser/error behavior changes	pull matches the stock Git invalid-input rejection for jobs on this lane, including exit status, stderr, unchanged HEAD, status and FETCH_HEAD state
matrix:2166d82b8e831901	invalid-input parity	exact_invalid_input_variant	pull	--shallow-exclude	<base-oid>	named file URL remote invalid deepen-not ref	shallow clone behind upstream with local object id exclude	file	all	behavior matrix	tools/git-pull-fetch-inherited-schema-oracle-smoke.sh::pull_shallow_exclude	real_tool_trace	docs/cli/matrices/pull_v2_47.tsv:58	safe to skip unless parser/error behavior changes	stock Git rejects local object-id shallow-exclude over pull with upload-pack deepen-not diagnostics and Zmin matches exit, stderr and repository side effects
matrix:5274c34135bf4ca3	invalid-input parity	exact_invalid_input_variant	pull	--verify-signatures	<empty>	--no-rebase with explicit local remote and branch plus unsigned fixture remote tip	local branch diverged from explicit local source branch whose tip commit is unsigned	local	all	behavior matrix	git_transport_local_compat::pull_merge_verify_signatures_family_matches_stock_git_for_explicit_local_branch	stock_git_oracle_test	docs/cli/matrices/pull_v2_47.tsv:103	safe to skip unless parser/error behavior changes	verify-signatures rejects an unsigned explicit-local pull target with the stock fatal missing-signature diagnostic while preserving FETCH_HEAD, HEAD, and branch status
matrix:18b4a6bacbfda855	invalid-input parity	exact_invalid_input_variant	pull	--atomic	<empty>	named local path remote ff-only invalid fetch inheritance	behind upstream with no local commits	local	all	behavior matrix	git_transport_local_compat::pull_invalid_fetch_inherited_option_family_matches_stock_git	stock_git_oracle_test	docs/cli/matrices/pull_v2_47.tsv:105	safe to skip unless parser/error behavior changes	pull matches stock Git's unknown-option rejection for fetch-only atomic on the helper-free named-local ff-only lane, including exact stderr, unchanged HEAD, status, and FETCH_HEAD side effects
matrix:2506ebaaeabbcd44	invalid-input parity	exact_invalid_input_variant	pull	--auto-gc	<empty>	named local path remote ff-only invalid fetch inheritance	behind upstream with no local commits	local	all	behavior matrix	git_transport_local_compat::pull_invalid_fetch_inherited_option_family_matches_stock_git	stock_git_oracle_test	docs/cli/matrices/pull_v2_47.tsv:106	safe to skip unless parser/error behavior changes	pull matches stock Git's unknown-option rejection for auto-gc on the helper-free named-local ff-only lane, including exact stderr and unchanged repository state
matrix:c138479eef615b5b	invalid-input parity	exact_invalid_input_variant	pull	--auto-maintenance	<empty>	named local path remote ff-only invalid fetch inheritance	behind upstream with no local commits	local	all	behavior matrix	git_transport_local_compat::pull_invalid_fetch_inherited_option_family_matches_stock_git	stock_git_oracle_test	docs/cli/matrices/pull_v2_47.tsv:107	safe to skip unless parser/error behavior changes	pull matches stock Git's unknown-option rejection for auto-maintenance on the helper-free named-local ff-only lane, including exact stderr and unchanged repository state
matrix:9631829e49f76317	invalid-input parity	exact_invalid_input_variant	pull	--multiple	<empty>	named local path remote ff-only invalid fetch inheritance	behind upstream with no local commits	local	all	behavior matrix	git_transport_local_compat::pull_invalid_fetch_inherited_option_family_matches_stock_git	stock_git_oracle_test	docs/cli/matrices/pull_v2_47.tsv:108	safe to skip unless parser/error behavior changes	pull matches stock Git's unknown-option rejection for multiple on the helper-free named-local ff-only lane, including exact stderr and unchanged repository state
matrix:56a597f3f0437858	invalid-input parity	exact_invalid_input_variant	pull	--negotiate-only	<empty>	named local path remote ff-only invalid fetch inheritance	behind upstream with no local commits	local	all	behavior matrix	git_transport_local_compat::pull_invalid_fetch_inherited_option_family_matches_stock_git	stock_git_oracle_test	docs/cli/matrices/pull_v2_47.tsv:109	safe to skip unless parser/error behavior changes	pull matches stock Git's unknown-option rejection for negotiate-only on the helper-free named-local ff-only lane, including exact stderr and unchanged repository state
matrix:1dcbc76c0a4ad325	invalid-input parity	exact_invalid_input_variant	pull	--no-auto-gc	<empty>	named local path remote ff-only invalid fetch inheritance	behind upstream with no local commits	local	all	behavior matrix	git_transport_local_compat::pull_invalid_fetch_inherited_option_family_matches_stock_git	stock_git_oracle_test	docs/cli/matrices/pull_v2_47.tsv:110	safe to skip unless parser/error behavior changes	pull matches stock Git's unknown-option rejection for no-auto-gc on the helper-free named-local ff-only lane, including exact stderr and unchanged repository state
matrix:bce9068087143912	invalid-input parity	exact_invalid_input_variant	pull	--no-auto-maintenance	<empty>	named local path remote ff-only invalid fetch inheritance	behind upstream with no local commits	local	all	behavior matrix	git_transport_local_compat::pull_invalid_fetch_inherited_option_family_matches_stock_git	stock_git_oracle_test	docs/cli/matrices/pull_v2_47.tsv:111	safe to skip unless parser/error behavior changes	pull matches stock Git's unknown-option rejection for no-auto-maintenance on the helper-free named-local ff-only lane, including exact stderr and unchanged repository state
matrix:53b8e70809a86688	invalid-input parity	exact_invalid_input_variant	pull	--no-write-commit-graph	<empty>	named local path remote ff-only invalid fetch inheritance	behind upstream with no local commits	local	all	behavior matrix	git_transport_local_compat::pull_invalid_fetch_inherited_option_family_matches_stock_git	stock_git_oracle_test	docs/cli/matrices/pull_v2_47.tsv:112	safe to skip unless parser/error behavior changes	pull matches stock Git's unknown-option rejection for no-write-commit-graph on the helper-free named-local ff-only lane, including exact stderr and unchanged repository state
matrix:1f8e148bb419627a	invalid-input parity	exact_invalid_input_variant	pull	--no-write-fetch-head	<empty>	named local path remote ff-only invalid fetch inheritance	behind upstream with no local commits	local	all	behavior matrix	git_transport_local_compat::pull_invalid_fetch_inherited_option_family_matches_stock_git	stock_git_oracle_test	docs/cli/matrices/pull_v2_47.tsv:113	safe to skip unless parser/error behavior changes	pull matches stock Git's unknown-option rejection for no-write-fetch-head on the helper-free named-local ff-only lane, including exact stderr and unchanged repository state
matrix:87cc0d6ce31f0064	invalid-input parity	exact_invalid_input_variant	pull	--porcelain	<empty>	named local path remote ff-only invalid fetch inheritance	behind upstream with no local commits	local	all	behavior matrix	git_transport_local_compat::pull_invalid_fetch_inherited_option_family_matches_stock_git	stock_git_oracle_test	docs/cli/matrices/pull_v2_47.tsv:114	safe to skip unless parser/error behavior changes	pull matches stock Git's unknown-option rejection for porcelain on the helper-free named-local ff-only lane, including exact stderr and unchanged repository state
matrix:38b95d85b27308af	invalid-input parity	exact_invalid_input_variant	pull	--prefetch	<empty>	named local path remote ff-only invalid fetch inheritance	behind upstream with no local commits	local	all	behavior matrix	git_transport_local_compat::pull_invalid_fetch_inherited_option_family_matches_stock_git	stock_git_oracle_test	docs/cli/matrices/pull_v2_47.tsv:115	safe to skip unless parser/error behavior changes	pull matches stock Git's unknown-option rejection for prefetch on the helper-free named-local ff-only lane, including exact stderr and unchanged repository state
matrix:098e36715db1c807	invalid-input parity	exact_invalid_input_variant	pull	--prune-tags	<empty>	named local path remote ff-only invalid fetch inheritance	behind upstream with no local commits	local	all	behavior matrix	git_transport_local_compat::pull_invalid_fetch_inherited_option_family_matches_stock_git	stock_git_oracle_test	docs/cli/matrices/pull_v2_47.tsv:116	safe to skip unless parser/error behavior changes	pull matches stock Git's unknown-option rejection for prune-tags on the helper-free named-local ff-only lane, including exact stderr and unchanged repository state
matrix:afa5b24c682fc078	invalid-input parity	exact_invalid_input_variant	pull	--recurse-submodules-default	yes	named local path remote ff-only invalid fetch inheritance	behind upstream with no local commits	local	all	behavior matrix	git_transport_local_compat::pull_invalid_fetch_inherited_option_family_matches_stock_git	stock_git_oracle_test	docs/cli/matrices/pull_v2_47.tsv:117	safe to skip unless parser/error behavior changes	pull matches stock Git's unknown-option rejection for recurse-submodules-default=yes on the helper-free named-local ff-only lane, including exact stderr and unchanged repository state
matrix:82ecab9c32bc1f1f	invalid-input parity	exact_invalid_input_variant	pull	--refetch	<empty>	named local path remote ff-only invalid fetch inheritance	behind upstream with no local commits	local	all	behavior matrix	git_transport_local_compat::pull_invalid_fetch_inherited_option_family_matches_stock_git	stock_git_oracle_test	docs/cli/matrices/pull_v2_47.tsv:118	safe to skip unless parser/error behavior changes	pull matches stock Git's unknown-option rejection for refetch on the helper-free named-local ff-only lane, including exact stderr and unchanged repository state
matrix:b2f3f1e4c07fcb9e	invalid-input parity	exact_invalid_input_variant	pull	--submodule-prefix	foo/	named local path remote ff-only invalid fetch inheritance	behind upstream with no local commits	local	all	behavior matrix	git_transport_local_compat::pull_invalid_fetch_inherited_option_family_matches_stock_git	stock_git_oracle_test	docs/cli/matrices/pull_v2_47.tsv:119	safe to skip unless parser/error behavior changes	pull matches stock Git's unknown-option rejection for submodule-prefix=foo/ on the helper-free named-local ff-only lane, including exact stderr and unchanged repository state
matrix:170dd2f8de83d79f	invalid-input parity	exact_invalid_input_variant	pull	--update-head-ok	<empty>	named local path remote ff-only invalid fetch inheritance	behind upstream with no local commits	local	all	behavior matrix	git_transport_local_compat::pull_invalid_fetch_inherited_option_family_matches_stock_git	stock_git_oracle_test	docs/cli/matrices/pull_v2_47.tsv:120	safe to skip unless parser/error behavior changes	pull matches stock Git's unknown-option rejection for update-head-ok on the helper-free named-local ff-only lane, including exact stderr and unchanged repository state
matrix:ef93acb3d02946ba	invalid-input parity	exact_invalid_input_variant	pull	--write-commit-graph	<empty>	named local path remote ff-only invalid fetch inheritance	behind upstream with no local commits	local	all	behavior matrix	git_transport_local_compat::pull_invalid_fetch_inherited_option_family_matches_stock_git	stock_git_oracle_test	docs/cli/matrices/pull_v2_47.tsv:121	safe to skip unless parser/error behavior changes	pull matches stock Git's unknown-option rejection for write-commit-graph on the helper-free named-local ff-only lane, including exact stderr and unchanged repository state
matrix:5afe4145ed477506	invalid-input parity	exact_invalid_input_variant	pull	--write-fetch-head	<empty>	named local path remote ff-only invalid fetch inheritance	behind upstream with no local commits	local	all	behavior matrix	git_transport_local_compat::pull_invalid_fetch_inherited_option_family_matches_stock_git	stock_git_oracle_test	docs/cli/matrices/pull_v2_47.tsv:122	safe to skip unless parser/error behavior changes	pull matches stock Git's unknown-option rejection for write-fetch-head on the helper-free named-local ff-only lane, including exact stderr and unchanged repository state
matrix:4aa0745a764da135	invalid-input parity	exact_invalid_input_variant	pull	-P	<empty>	named local path remote ff-only invalid fetch inheritance	behind upstream with no local commits	local	all	behavior matrix	git_transport_local_compat::pull_invalid_fetch_inherited_option_family_matches_stock_git	stock_git_oracle_test	docs/cli/matrices/pull_v2_47.tsv:123	safe to skip unless parser/error behavior changes	pull matches stock Git's unknown-switch rejection for short prune-tags alias on the helper-free named-local ff-only lane, including exact stderr and unchanged repository state
matrix:3cb78bb78358df51	invalid-input parity	exact_invalid_input_variant	pull	-e	<empty>	named local path remote ff-only invalid fetch inheritance	behind upstream with no local commits	local	all	behavior matrix	git_transport_local_compat::pull_invalid_fetch_inherited_option_family_matches_stock_git	stock_git_oracle_test	docs/cli/matrices/pull_v2_47.tsv:124	safe to skip unless parser/error behavior changes	pull matches stock Git's unknown-switch rejection for short edit alias on the helper-free named-local ff-only lane, including exact stderr and unchanged repository state
matrix:63c2003c0bae0bb7	invalid-input parity	exact_invalid_input_variant	pull	-u	<empty>	named local path remote ff-only invalid fetch inheritance	behind upstream with no local commits	local	all	behavior matrix	git_transport_local_compat::pull_invalid_fetch_inherited_option_family_matches_stock_git	stock_git_oracle_test	docs/cli/matrices/pull_v2_47.tsv:125	safe to skip unless parser/error behavior changes	pull matches stock Git's unknown-switch rejection for short set-upstream alias on the helper-free named-local ff-only lane, including exact stderr and unchanged repository state
matrix:89bf05e66bf8a230	invalid-input parity	exact_invalid_input_variant	push	<repository>	origin	unsupported remote helper	local repository with zminproto remote	remote-helper	all	behavior matrix	git_transport_local_compat::fetch_and_push_unsupported_remote_helper_failures_match_stock_git	stock_git_oracle_test	docs/cli/matrices/push_v2_47.tsv:2	safe to skip unless parser/error behavior changes	unsupported remote-helper protocol exits 128 with stock missing helper diagnostic and remote-helper aborted-session fatal text
matrix:fb77f1fa064b7f72	invalid-input parity	exact_invalid_input_variant	range-diff	--no-dual-color	true	main..old main..new	two local topic ranges with one equivalent patch and one changed patch	local	all	behavior matrix	tools/git-range-diff-schema-oracle-smoke.sh::range_diff_no_dual_color_rejects_value	real_tool_trace	docs/cli/matrices/range_diff_v2_47.tsv:7	safe to skip unless parser/error behavior changes	stock Git rejects values for no-dual-color with exit 129 and matching stderr
matrix:83b4aa47e1b7f64b	invalid-input parity	exact_invalid_input_variant	range-diff	--no-dual-color	<empty-string>	main..old main..new	two local topic ranges with one equivalent patch and one changed patch	local	all	behavior matrix	tools/git-range-diff-schema-oracle-smoke.sh::range_diff_no_dual_color_rejects_empty_value	real_tool_trace	docs/cli/matrices/range_diff_v2_47.tsv:8	safe to skip unless parser/error behavior changes	stock Git rejects empty values for no-dual-color with exit 129 and matching stderr
matrix:8237ae48789dc533	invalid-input parity	exact_invalid_input_variant	read-tree	-i	<empty>	<tree> invalid without -m --reset or --prefix	empty index	local	all	behavior matrix	git_object_plumbing_compat::read_tree_documented_option_forms_match_stock_git	stock_git_oracle_test	docs/cli/matrices/read_tree_v2_47.tsv:70	safe to skip unless parser/error behavior changes	index-only mode without merge reset or prefix fails like stock Git and leaves the empty index untouched
matrix:e5d0164778f5cec4	invalid-input parity	exact_invalid_input_variant	read-tree	-i	<empty>	--index-output=alt.index <tree> invalid without -m --reset or --prefix	empty index	local	all	behavior matrix	git_object_plumbing_compat::read_tree_documented_option_forms_match_stock_git	stock_git_oracle_test	docs/cli/matrices/read_tree_v2_47.tsv:71	safe to skip unless parser/error behavior changes	index-only mode still fails with index-output alone like stock Git and leaves both indexes untouched
matrix:004c3ad74b976c51	invalid-input parity	exact_invalid_input_variant	read-tree	-u	<empty>	<tree> invalid without -m --reset or --prefix	empty index	local	all	behavior matrix	git_object_plumbing_compat::read_tree_documented_option_forms_match_stock_git	stock_git_oracle_test	docs/cli/matrices/read_tree_v2_47.tsv:72	safe to skip unless parser/error behavior changes	update-worktree mode without merge reset or prefix fails like stock Git and leaves the empty index untouched
matrix:4e645a209bdcae76	invalid-input parity	exact_invalid_input_variant	read-tree	-u	<empty>	-i --prefix=import/ <tree> invalid conflict	empty index	local	all	behavior matrix	git_object_plumbing_compat::read_tree_documented_option_forms_match_stock_git	stock_git_oracle_test	docs/cli/matrices/read_tree_v2_47.tsv:73	safe to skip unless parser/error behavior changes	update-worktree mode rejects index-only usage like stock Git and leaves the original index untouched
matrix:b933c40e22a42185	invalid-input parity	exact_invalid_input_variant	rebase	-i	invalid todo command	interactive todo edited by sequence editor	clean linear branch	local	all	behavior matrix	git_rebase_interactive_compat::rebase_interactive_invalid_todo_command_matches_stock_git	stock_git_oracle_test	docs/cli/matrices/rebase_v2_47.tsv:2	safe to skip unless parser/error behavior changes	unknown interactive todo command exits 1 with stock invalid-command diagnostics, leaves rebase-merge state for edit/continue or abort, moves HEAD to the stock in-progress rebase point, and supports rebase --abort cleanup instead of a custom unsupported-interactive-command fatal diagnostic
matrix:7ae87518aebf9989	invalid-input parity	exact_invalid_input_variant	rebase	--interactive	invalid todo command	interactive todo edited by sequence editor	clean linear branch	local	all	behavior matrix	tools/git-rebase-interactive-schema-gap-probe.sh::rebase_interactive_long_invalid_todo	real_tool_trace	docs/cli/matrices/rebase_v2_47.tsv:3	safe to skip unless parser/error behavior changes	unknown interactive todo command exits 1 with stock invalid-command diagnostics, leaves rebase-merge state for edit/continue or abort, and moves HEAD to the stock in-progress rebase point
matrix:9980110b09e1817a	invalid-input parity	exact_invalid_input_variant	rebase	--abort	<empty>	no rebase in progress	clean repository	local	all	behavior matrix	git_cli_failure_compat::invalid_option_combinations_match_stock_git_failures	stock_git_oracle_test	docs/cli/matrices/rebase_v2_47.tsv:4	safe to skip unless parser/error behavior changes	abort without in-progress rebase failure output and exit status match stock Git
matrix:d414955442d021f7	invalid-input parity	exact_invalid_input_variant	rebase	--continue	<empty>	no rebase in progress	clean repository	local	all	behavior matrix	git_cli_failure_compat::invalid_option_combinations_match_stock_git_failures	stock_git_oracle_test	docs/cli/matrices/rebase_v2_47.tsv:5	safe to skip unless parser/error behavior changes	continue without in-progress rebase failure output and exit status match stock Git
matrix:30c40d363b983ae3	invalid-input parity	exact_invalid_input_variant	reflog	--date	bogus	<empty>	one reflog entry	local	all	behavior matrix	git_reflog_compat::reflog_invalid_date_format_matches_stock_git	stock_git_oracle_test	docs/cli/matrices/reflog_v2_47.tsv:2	safe to skip unless parser/error behavior changes	invalid reflog date format exits 128 with stock fatal diagnostic instead of a custom unsupported-date fatal diagnostic
matrix:4742a760f3d1e1fd	invalid-input parity	exact_invalid_input_variant	reflog	<ref>	bogus	shorthand show invalid ref	one reflog entry	local	all	behavior matrix	git_reflog_compat::reflog_shorthand_ref_and_invalid_ref_match_stock_git	stock_git_oracle_test	docs/cli/matrices/reflog_v2_47.tsv:3	safe to skip unless parser/error behavior changes	unknown-looking reflog token is parsed as shorthand show ref like stock Git and invalid refs exit 128 with ambiguous-revision diagnostics
matrix:3566c5ebb1ed731e	invalid-input parity	exact_invalid_input_variant	refs	--dry-run	<empty>	verify subcommand	committed repository with branch and tag	local	all	behavior matrix	git_refs_compat::refs_verify_invalid_option_failures_match_stock_git	stock_git_oracle_test	docs/cli/matrices/refs_v2_47.tsv:13	safe to skip unless parser/error behavior changes	stock Git rejects dry-run for refs verify with exit 129 and matching usage stderr
matrix:b0c851afefe596b8	invalid-input parity	exact_invalid_input_variant	refs	--ref-format	files	verify subcommand	committed repository with branch and tag	local	all	behavior matrix	git_refs_compat::refs_verify_invalid_option_failures_match_stock_git	stock_git_oracle_test	docs/cli/matrices/refs_v2_47.tsv:14	safe to skip unless parser/error behavior changes	stock Git rejects ref-format=files for refs verify with exit 129 and matching usage stderr
matrix:19282bf8e1c66629	invalid-input parity	exact_invalid_input_variant	refs	--ref-format	reftable	verify subcommand	committed repository with branch and tag	local	all	behavior matrix	git_refs_compat::refs_verify_invalid_option_failures_match_stock_git	stock_git_oracle_test	docs/cli/matrices/refs_v2_47.tsv:15	safe to skip unless parser/error behavior changes	stock Git rejects ref-format=reftable for refs verify with exit 129 and matching usage stderr
matrix:b2869cb9808ee9b5	invalid-input parity	exact_invalid_input_variant	refs	--ref-format	<empty>	verify subcommand	committed repository with branch and tag	local	all	behavior matrix	git_refs_compat::refs_verify_invalid_option_failures_match_stock_git	stock_git_oracle_test	docs/cli/matrices/refs_v2_47.tsv:16	safe to skip unless parser/error behavior changes	stock Git rejects empty ref-format for refs verify with exit 129 and matching usage stderr
matrix:a67e477dd783c7d6	invalid-input parity	exact_invalid_input_variant	remote	prune	missing	unknown remote	local clone with origin only	local	all	behavior matrix	git_admin_tools_compat::remote_show_and_prune_match_stock_git_for_local_remote	stock_git_oracle_test	docs/cli/matrices/remote_v2_47.tsv:15	safe to skip unless parser/error behavior changes	unknown remote failure output matches stock Git
matrix:7b365a697ee0f32c	invalid-input parity	exact_invalid_input_variant	remote	set-branches	missing main	unknown remote	local repository with origin only	local	all	behavior matrix	git_admin_tools_compat::remote_set_branches_matches_stock_git_config	stock_git_oracle_test	docs/cli/matrices/remote_v2_47.tsv:19	safe to skip unless parser/error behavior changes	unknown remote failure output matches stock Git
matrix:5c79c28cb7af7492	invalid-input parity	exact_invalid_input_variant	remote	set-head	missing -a	unknown remote	local repository with origin only	local	all	behavior matrix	git_cli_failure_compat::invalid_option_combinations_match_stock_git_failures	stock_git_oracle_test	docs/cli/matrices/remote_v2_47.tsv:20	safe to skip unless parser/error behavior changes	unknown remote auto-head failure output matches stock Git
matrix:71525f8bab4e2ef4	invalid-input parity	exact_invalid_input_variant	remote	set-url	missing https://example.com/repo.git	unknown remote	local repository with origin only	local	all	behavior matrix	git_admin_tools_compat::remote_set_url_variants_match_stock_git_config	stock_git_oracle_test	docs/cli/matrices/remote_v2_47.tsv:27	safe to skip unless parser/error behavior changes	unknown remote failure output matches stock Git
matrix:cb773e828c683a95	invalid-input parity	exact_invalid_input_variant	remote	set-url	origin https://nomatch.example.com/repo.git https://absent.example.com/repo.git	no matching old URL	local repository with origin URL that does not match old URL	local	all	behavior matrix	git_admin_tools_compat::remote_set_url_variants_match_stock_git_config	stock_git_oracle_test	docs/cli/matrices/remote_v2_47.tsv:28	safe to skip unless parser/error behavior changes	no-matching-URL failure output matches stock Git
matrix:e3ceb1c16a5fc751	invalid-input parity	exact_invalid_input_variant	remote	update	missing	unknown remote	local clone with origin only	local	all	behavior matrix	git_admin_tools_compat::remote_update_matches_stock_git_for_local_remotes	stock_git_oracle_test	docs/cli/matrices/remote_v2_47.tsv:31	safe to skip unless parser/error behavior changes	unknown remote failure output matches stock Git
matrix:345e6f6da7b99f7f	invalid-input parity	exact_invalid_input_variant	remote	update	broken	named group with missing remote	local clone with remotes.broken containing origin and missing	local	all	behavior matrix	git_admin_tools_compat::remote_update_matches_stock_git_for_local_remotes	stock_git_oracle_test	docs/cli/matrices/remote_v2_47.tsv:33	safe to skip unless parser/error behavior changes	broken remotes group failure output matches stock Git
matrix:5c68c3ee0887c8ca	invalid-input parity	exact_invalid_input_variant	replay	<range>	base..tip	plain range without replay mode	repository with linear two-commit range	local	all	behavior matrix	git_admin_tools_compat::replay_matches_stock_git_for_linear_range	stock_git_oracle_test	docs/cli/matrices/replay_v2_47.tsv:2	safe to skip unless parser/error behavior changes	plain range usage failure exit/stdout and usage-shaped stderr match stock Git
matrix:8befc972a4ac1e70	invalid-input parity	exact_invalid_input_variant	replay	--branches	<empty>	--advance topic <base>..<tip> with current and topic branches present	repository with topic branch at base and linear range	local	all	behavior matrix	tools/git-replay-schema-oracle-smoke.sh::replay_branches_multiple_sources	real_tool_trace	docs/cli/matrices/replay_v2_47.tsv:91	safe to skip unless parser/error behavior changes	branches plus an explicit range rejects advance with the stock multiple-source ordering fatal while preserving the topic ref and clean repository state
matrix:49bc5cc5ec161342	invalid-input parity	exact_invalid_input_variant	replay	--all	<empty>	--advance topic <base>..<tip> with current and topic branches present	repository with topic branch at base and linear range	local	all	behavior matrix	tools/git-replay-schema-oracle-smoke.sh::replay_all_multiple_sources	real_tool_trace	docs/cli/matrices/replay_v2_47.tsv:92	safe to skip unless parser/error behavior changes	all plus an explicit range rejects advance with the stock multiple-source ordering fatal while preserving the topic ref and clean repository state
matrix:4f09fb9ec718587d	invalid-input parity	exact_invalid_input_variant	replay	--not	<empty>	--advance topic then negate <base> before explicit <tip>	repository with topic branch at base and linear range	local	all	behavior matrix	tools/git-replay-schema-oracle-smoke.sh::replay_not_empty_selection	real_tool_trace	docs/cli/matrices/replay_v2_47.tsv:93	safe to skip unless parser/error behavior changes	not on the bounded advance lane reproduces the stock need-some-commits fatal while preserving the topic ref and clean repository state
matrix:4a472ba89d2941c8	invalid-input parity	exact_invalid_input_variant	replay	--bisect-all	<empty>	--bisect-all --advance topic <base>..<tip>	repository with topic branch at base and linear range	local	all	behavior matrix	tools/git-replay-schema-oracle-smoke.sh::replay_bisect_all	real_tool_trace	docs/cli/matrices/replay_v2_47.tsv:95	safe to skip unless parser/error behavior changes	bisect-all reproduces the stock unrecognized-argument rejection on the bounded linear advance lane while preserving the topic ref and clean repository state
matrix:647e9b5079a8ad16	invalid-input parity	exact_invalid_input_variant	replay	--bisect-vars	<empty>	--bisect-vars --advance topic <base>..<tip>	repository with topic branch at base and linear range	local	all	behavior matrix	tools/git-replay-schema-oracle-smoke.sh::replay_bisect_vars	real_tool_trace	docs/cli/matrices/replay_v2_47.tsv:96	safe to skip unless parser/error behavior changes	bisect-vars reproduces the stock unrecognized-argument rejection on the bounded linear advance lane while preserving the topic ref and clean repository state
matrix:53060d91fc4eb1ae	invalid-input parity	exact_invalid_input_variant	replay	--boundary	<empty>	--boundary --advance topic <base>..<tip>	repository with topic branch at base and linear range	local	all	behavior matrix	tools/git-replay-schema-oracle-smoke.sh::replay_boundary	real_tool_trace	docs/cli/matrices/replay_v2_47.tsv:97	safe to skip unless parser/error behavior changes	boundary reproduces the stock root-replay fatal on the bounded linear advance lane while preserving the topic ref and clean repository state
matrix:5f50564c0e65957f	invalid-input parity	exact_invalid_input_variant	replay	--commit-header	<empty>	--commit-header --advance topic <base>..<tip>	repository with topic branch at base and linear range	local	all	behavior matrix	tools/git-replay-schema-oracle-smoke.sh::replay_commit_header	real_tool_trace	docs/cli/matrices/replay_v2_47.tsv:98	safe to skip unless parser/error behavior changes	commit-header reproduces the stock unrecognized-argument rejection on the bounded linear advance lane while preserving the topic ref and clean repository state
matrix:2b901853403887fe	invalid-input parity	exact_invalid_input_variant	replay	--disk-usage	<empty>	--disk-usage --advance topic <base>..<tip>	repository with topic branch at base and linear range	local	all	behavior matrix	tools/git-replay-schema-oracle-smoke.sh::replay_disk_usage	real_tool_trace	docs/cli/matrices/replay_v2_47.tsv:99	safe to skip unless parser/error behavior changes	disk-usage reproduces the stock unrecognized-argument rejection on the bounded linear advance lane while preserving the topic ref and clean repository state
matrix:c6b7929eaf0f523a	invalid-input parity	exact_invalid_input_variant	replay	--exclude-promisor-objects	<empty>	--exclude-promisor-objects --advance topic <base>..<tip>	repository with topic branch at base and linear range	local	all	behavior matrix	tools/git-replay-schema-oracle-smoke.sh::replay_exclude_promisor_objects	real_tool_trace	docs/cli/matrices/replay_v2_47.tsv:100	safe to skip unless parser/error behavior changes	exclude-promisor-objects reproduces the stock unrecognized-argument rejection on the bounded linear advance lane while preserving the topic ref and clean repository state
matrix:af753012b5c732d8	invalid-input parity	exact_invalid_input_variant	replay	--filter	blob:none	--filter=blob:none --advance topic <base>..<tip>	repository with topic branch at base and linear range	local	all	behavior matrix	tools/git-replay-schema-oracle-smoke.sh::replay_filter_requires_objects	real_tool_trace	docs/cli/matrices/replay_v2_47.tsv:101	safe to skip unless parser/error behavior changes	filter reproduces the stock object-filtering fatal on the bounded linear advance lane when --objects is absent
matrix:13173e9cbedf2204	invalid-input parity	exact_invalid_input_variant	replay	--filter-print-omitted	<empty>	--filter-print-omitted --advance topic <base>..<tip>	repository with topic branch at base and linear range	local	all	behavior matrix	tools/git-replay-schema-oracle-smoke.sh::replay_filter_print_omitted	real_tool_trace	docs/cli/matrices/replay_v2_47.tsv:102	safe to skip unless parser/error behavior changes	filter-print-omitted reproduces the stock unrecognized-argument rejection on the bounded linear advance lane while preserving the topic ref and clean repository state
matrix:70c5d25f2ce39f72	invalid-input parity	exact_invalid_input_variant	replay	--filter-provided-objects	<empty>	--filter-provided-objects --advance topic <base>..<tip>	repository with topic branch at base and linear range	local	all	behavior matrix	tools/git-replay-schema-oracle-smoke.sh::replay_filter_provided_objects	real_tool_trace	docs/cli/matrices/replay_v2_47.tsv:103	safe to skip unless parser/error behavior changes	filter-provided-objects reproduces the stock unrecognized-argument rejection on the bounded linear advance lane while preserving the topic ref and clean repository state
matrix:166932d887044e8b	invalid-input parity	exact_invalid_input_variant	replay	--grep-reflog	topic	--grep-reflog=topic --advance topic <base>..<tip>	repository with topic branch at base and linear range	local	all	behavior matrix	tools/git-replay-schema-oracle-smoke.sh::replay_grep_reflog_requires_walk	real_tool_trace	docs/cli/matrices/replay_v2_47.tsv:104	safe to skip unless parser/error behavior changes	grep-reflog reproduces the stock requires-walk-reflogs fatal on the bounded linear advance lane while preserving the topic ref and clean repository state
matrix:43e474b8082dc515	invalid-input parity	exact_invalid_input_variant	replay	--graph	<empty>	--graph --advance topic <base>..<tip>	repository with topic branch at base and linear range	local	all	behavior matrix	tools/git-replay-schema-oracle-smoke.sh::replay_graph_reverse_conflict	real_tool_trace	docs/cli/matrices/replay_v2_47.tsv:105	safe to skip unless parser/error behavior changes	graph reproduces the stock reverse-conflict fatal on the bounded linear advance lane while preserving the topic ref and clean repository state
matrix:7233887ee468ddec	invalid-input parity	exact_invalid_input_variant	replay	--header	<empty>	--header --advance topic <base>..<tip>	repository with topic branch at base and linear range	local	all	behavior matrix	tools/git-replay-schema-oracle-smoke.sh::replay_header	real_tool_trace	docs/cli/matrices/replay_v2_47.tsv:106	safe to skip unless parser/error behavior changes	header reproduces the stock unrecognized-argument rejection on the bounded linear advance lane while preserving the topic ref and clean repository state
matrix:74bceb147c59723c	invalid-input parity	exact_invalid_input_variant	replay	--merge	<empty>	--merge --advance topic <base>..<tip>	repository with topic branch at base and linear range	local	all	behavior matrix	tools/git-replay-schema-oracle-smoke.sh::replay_merge_requires_pseudoref	real_tool_trace	docs/cli/matrices/replay_v2_47.tsv:107	safe to skip unless parser/error behavior changes	merge reproduces the stock pseudoref-required fatal on the bounded linear advance lane while preserving the topic ref and clean repository state
matrix:b398409101765afe	invalid-input parity	exact_invalid_input_variant	replay	--missing	print	--missing=print --advance topic <base>..<tip>	repository with topic branch at base and linear range	local	all	behavior matrix	tools/git-replay-schema-oracle-smoke.sh::replay_missing_print	real_tool_trace	docs/cli/matrices/replay_v2_47.tsv:108	safe to skip unless parser/error behavior changes	missing=print reproduces the stock unrecognized-argument rejection on the bounded linear advance lane while preserving the topic ref and clean repository state
matrix:c37e469f9022c8ed	invalid-input parity	exact_invalid_input_variant	replay	--no-commit-header	<empty>	--no-commit-header --advance topic <base>..<tip>	repository with topic branch at base and linear range	local	all	behavior matrix	tools/git-replay-schema-oracle-smoke.sh::replay_no_commit_header	real_tool_trace	docs/cli/matrices/replay_v2_47.tsv:109	safe to skip unless parser/error behavior changes	no-commit-header reproduces the stock unrecognized-argument rejection on the bounded linear advance lane while preserving the topic ref and clean repository state
matrix:7926fb9e8a5b2580	invalid-input parity	exact_invalid_input_variant	replay	--no-object-names	<empty>	--no-object-names --advance topic <base>..<tip>	repository with topic branch at base and linear range	local	all	behavior matrix	tools/git-replay-schema-oracle-smoke.sh::replay_no_object_names	real_tool_trace	docs/cli/matrices/replay_v2_47.tsv:111	safe to skip unless parser/error behavior changes	no-object-names reproduces the stock unrecognized-argument rejection on the bounded linear advance lane while preserving the topic ref and clean repository state
matrix:b1f821d1e4c6057b	invalid-input parity	exact_invalid_input_variant	replay	--object-names	<empty>	--object-names --advance topic <base>..<tip>	repository with topic branch at base and linear range	local	all	behavior matrix	tools/git-replay-schema-oracle-smoke.sh::replay_object_names	real_tool_trace	docs/cli/matrices/replay_v2_47.tsv:112	safe to skip unless parser/error behavior changes	object-names reproduces the stock unrecognized-argument rejection on the bounded linear advance lane while preserving the topic ref and clean repository state
matrix:30337592fc086f61	invalid-input parity	exact_invalid_input_variant	replay	--progress	1	--progress=1 --advance topic <base>..<tip>	repository with topic branch at base and linear range	local	all	behavior matrix	tools/git-replay-schema-oracle-smoke.sh::replay_progress_value	real_tool_trace	docs/cli/matrices/replay_v2_47.tsv:113	safe to skip unless parser/error behavior changes	progress=1 reproduces the stock unrecognized-argument rejection on the bounded linear advance lane while preserving the topic ref and clean repository state
matrix:650027e558667c98	invalid-input parity	exact_invalid_input_variant	replay	--timestamp	<empty>	--timestamp --advance topic <base>..<tip>	repository with topic branch at base and linear range	local	all	behavior matrix	tools/git-replay-schema-oracle-smoke.sh::replay_timestamp	real_tool_trace	docs/cli/matrices/replay_v2_47.tsv:115	safe to skip unless parser/error behavior changes	timestamp reproduces the stock unrecognized-argument rejection on the bounded linear advance lane while preserving the topic ref and clean repository state
matrix:ee1a20e2ecd28223	invalid-input parity	exact_invalid_input_variant	replay	--use-bitmap-index	<empty>	--use-bitmap-index --advance topic <base>..<tip>	repository with topic branch at base and linear range	local	all	behavior matrix	tools/git-replay-schema-oracle-smoke.sh::replay_use_bitmap_index	real_tool_trace	docs/cli/matrices/replay_v2_47.tsv:116	safe to skip unless parser/error behavior changes	use-bitmap-index reproduces the stock unrecognized-argument rejection on the bounded linear advance lane while preserving the topic ref and clean repository state
matrix:c5fe2c62cdc32f1e	invalid-input parity	exact_invalid_input_variant	replay	--walk-reflogs	<empty>	--walk-reflogs --advance topic <base>..<tip>	repository with topic branch at base and linear range	local	all	behavior matrix	tools/git-replay-schema-oracle-smoke.sh::replay_walk_reflogs	real_tool_trace	docs/cli/matrices/replay_v2_47.tsv:117	safe to skip unless parser/error behavior changes	walk-reflogs reproduces the stock cannot-walk-reflogs fatal on the bounded linear advance lane while preserving the topic ref and clean repository state
matrix:f6121e7bbc7b2961	invalid-input parity	exact_invalid_input_variant	replay	-g	<empty>	-g --advance topic <base>..<tip>	repository with topic branch at base and linear range	local	all	behavior matrix	tools/git-replay-schema-oracle-smoke.sh::replay_walk_reflogs_short	real_tool_trace	docs/cli/matrices/replay_v2_47.tsv:118	safe to skip unless parser/error behavior changes	short walk-reflogs alias reproduces the stock cannot-walk-reflogs fatal on the bounded linear advance lane while preserving the topic ref and clean repository state
matrix:b116013bcd6d8819	invalid-input parity	exact_invalid_input_variant	replay	-n	<base>..<tip>	-n <base>..<tip> --advance topic	repository with topic branch at base and linear range	local	all	behavior matrix	tools/git-replay-schema-oracle-smoke.sh::replay_short_n_not_integer	real_tool_trace	docs/cli/matrices/replay_v2_47.tsv:119	safe to skip unless parser/error behavior changes	short max-count alias reproduces the stock not-an-integer fatal when the revision range is consumed as the `-n` value, preserving the topic ref and clean repository state
matrix:5a9fea619c7db963	invalid-input parity	exact_invalid_input_variant	replay	--glob	refs/heads/*	--glob=refs/heads/* --advance topic <base>..<tip>	repository with topic branch at base and linear range	local	all	behavior matrix	tools/git-replay-schema-oracle-smoke.sh::replay_glob_multiple_sources	real_tool_trace	docs/cli/matrices/replay_v2_47.tsv:120	safe to skip unless parser/error behavior changes	glob reproduces the stock multiple-source advance fatal on the bounded helper-free lane while preserving the topic ref and clean repository state
matrix:7afefb91845f28ed	invalid-input parity	exact_invalid_input_variant	replay	--left-only	<empty>	--left-only --advance topic <base>..<tip>	repository with topic branch at base and linear range	local	all	behavior matrix	tools/git-replay-schema-oracle-smoke.sh::replay_left_only_empty_selection	real_tool_trace	docs/cli/matrices/replay_v2_47.tsv:121	safe to skip unless parser/error behavior changes	left-only reproduces the stock quiet empty-selection failure on the bounded helper-free advance lane while preserving the topic ref and clean repository state
matrix:0fbbbcc453802361	invalid-input parity	exact_invalid_input_variant	replay	--merges	<empty>	--merges --advance topic <base>..<tip>	repository with topic branch at base and linear range	local	all	behavior matrix	tools/git-replay-schema-oracle-smoke.sh::replay_merges_empty_selection	real_tool_trace	docs/cli/matrices/replay_v2_47.tsv:122	safe to skip unless parser/error behavior changes	merges reproduces the stock quiet empty-selection failure on the bounded helper-free advance lane while preserving the topic ref and clean repository state
matrix:b8ed13a0f81fb52a	invalid-input parity	exact_invalid_input_variant	replay	--min-age	0	--min-age=0 --advance topic <base>..<tip>	repository with topic branch at base and linear range	local	all	behavior matrix	tools/git-replay-schema-oracle-smoke.sh::replay_min_age_empty_selection	real_tool_trace	docs/cli/matrices/replay_v2_47.tsv:123	safe to skip unless parser/error behavior changes	min-age reproduces the stock quiet empty-selection failure on the bounded helper-free advance lane while preserving the topic ref and clean repository state
matrix:c980db4391913f56	invalid-input parity	exact_invalid_input_variant	request-pull	-p	true	start commit, file URL remote and branch name	repository with pushed branch ahead of start	file	all	behavior matrix	tools/git-request-pull-p-oracle-smoke.sh::request_pull_patch_rejects_value	real_tool_trace	docs/cli/matrices/request_pull_v2_47.tsv:7	safe to skip unless parser/error behavior changes	stock Git rejects -p value with exit 129 and matching stderr
matrix:2933ef5157a7f4cc	invalid-input parity	exact_invalid_input_variant	rerere	<subcommand>	bogus	invalid operation	local repository	local	all	behavior matrix	git_rerere_compat::rerere_invalid_operation_matches_stock_git	stock_git_oracle_test	docs/cli/matrices/rerere_v2_47.tsv:2	safe to skip unless parser/error behavior changes	unknown rerere operation prints stock usage with exit 129 instead of a custom unsupported-operation fatal diagnostic
matrix:8326f14907a88e10	invalid-input parity	exact_invalid_input_variant	reset	<positional:args>	-- missing	pathspec reset with missing path	repository with committed tracked file	local	all	behavior matrix	git_cli_failure_compat::invalid_option_combinations_match_stock_git_failures	stock_git_oracle_test	docs/cli/matrices/reset_v2_47.tsv:2	safe to skip unless parser/error behavior changes	missing pathspec reset failure output and exit status match stock Git
matrix:2b35e048209ee172	invalid-input parity	exact_invalid_input_variant	reset	<positional:args>	HEAD -- missing	tree-ish plus missing pathspec reset	repository with committed tracked file	local	all	behavior matrix	git_cli_failure_compat::invalid_option_combinations_match_stock_git_failures	stock_git_oracle_test	docs/cli/matrices/reset_v2_47.tsv:3	safe to skip unless parser/error behavior changes	tree-ish plus missing pathspec reset failure output and exit status match stock Git
matrix:267a5dca4833c975	invalid-input parity	exact_invalid_input_variant	reset	--mixed	<empty>	pathspec form	repository with committed tracked file	local	all	behavior matrix	git_cli_failure_compat::invalid_option_combinations_match_stock_git_failures	stock_git_oracle_test	docs/cli/matrices/reset_v2_47.tsv:4	safe to skip unless parser/error behavior changes	mixed reset with pathspec rejection output and exit status match stock Git
matrix:66449c4594dfbecf	invalid-input parity	exact_invalid_input_variant	reset	--soft	<empty>	pathspec form	repository with committed tracked file	local	all	behavior matrix	git_cli_failure_compat::invalid_option_combinations_match_stock_git_failures	stock_git_oracle_test	docs/cli/matrices/reset_v2_47.tsv:5	safe to skip unless parser/error behavior changes	soft reset with pathspec rejection output and exit status match stock Git
matrix:bedc3bc99e48bcb0	invalid-input parity	exact_invalid_input_variant	reset	--hard	<empty>	pathspec form	repository with committed tracked file	local	all	behavior matrix	git_cli_failure_compat::invalid_option_combinations_match_stock_git_failures	stock_git_oracle_test	docs/cli/matrices/reset_v2_47.tsv:6	safe to skip unless parser/error behavior changes	hard reset with pathspec rejection output and exit status match stock Git
matrix:0b6c05502976c9d9	invalid-input parity	exact_invalid_input_variant	restore	--source	<empty>	equals form with --staged explicit path	two-commit repository with modified tracked file	local	all	behavior matrix	tools/git-restore-schema-extra-oracle-smoke.sh::restore_source_missing_equals	real_tool_trace	docs/cli/matrices/restore_v2_47.tsv:29	safe to skip unless parser/error behavior changes	empty source equals value matches stock Git fatal parity
matrix:8a9e374d56b49429	invalid-input parity	exact_invalid_input_variant	restore	--source	HEAD~1	equals form with --staged=true explicit path	two-commit repository with modified tracked file	local	all	behavior matrix	tools/git-restore-schema-extra-oracle-smoke.sh::restore_source_equals_staged_true	real_tool_trace	docs/cli/matrices/restore_v2_47.tsv:30	safe to skip unless parser/error behavior changes	source equals with staged value rejection matches stock Git fatal parity
matrix:ad440659c754ecdf	invalid-input parity	exact_invalid_input_variant	restore	--source	HEAD~1	equals form with --worktree=true explicit path	two-commit repository with modified tracked file	local	all	behavior matrix	tools/git-restore-schema-extra-oracle-smoke.sh::restore_source_equals_worktree_true	real_tool_trace	docs/cli/matrices/restore_v2_47.tsv:31	safe to skip unless parser/error behavior changes	source equals with worktree value rejection matches stock Git fatal parity
matrix:75b22c6033fc15c6	invalid-input parity	exact_invalid_input_variant	restore	--source	nope	--staged explicit path	two-commit repository with modified tracked file	local	all	behavior matrix	tools/git-restore-schema-extra-oracle-smoke.sh::restore_source_bad_long	real_tool_trace	docs/cli/matrices/restore_v2_47.tsv:32	safe to skip unless parser/error behavior changes	unknown source value with staged matches stock Git fatal parity
matrix:51e5c0be3d669fcf	invalid-input parity	exact_invalid_input_variant	restore	-s	nope	-S explicit path	two-commit repository with modified tracked file	local	all	behavior matrix	tools/git-restore-schema-extra-oracle-smoke.sh::restore_source_bad_short	real_tool_trace	docs/cli/matrices/restore_v2_47.tsv:33	safe to skip unless parser/error behavior changes	unknown short source value with short staged matches stock Git fatal parity
matrix:6dc4b322af2954c8	invalid-input parity	exact_invalid_input_variant	restore	--source	nope	equals form with --staged explicit path	two-commit repository with modified tracked file	local	all	behavior matrix	tools/git-restore-schema-extra-oracle-smoke.sh::restore_source_bad_equals	real_tool_trace	docs/cli/matrices/restore_v2_47.tsv:34	safe to skip unless parser/error behavior changes	unknown source equals value with staged matches stock Git fatal parity
matrix:1a272e339dfd725f	invalid-input parity	exact_invalid_input_variant	restore	-s	nope	attached value with -S explicit path	two-commit repository with modified tracked file	local	all	behavior matrix	tools/git-restore-schema-extra-oracle-smoke.sh::restore_source_bad_attached	real_tool_trace	docs/cli/matrices/restore_v2_47.tsv:35	safe to skip unless parser/error behavior changes	unknown attached short source value with short staged matches stock Git fatal parity
matrix:6d94a355dccb334f	invalid-input parity	exact_invalid_input_variant	restore	-S	<empty>	--no-staged explicit path	modified tracked worktree file	local	all	behavior matrix	tools/git-restore-schema-extra-oracle-smoke.sh::restore_staged_short_no_staged	real_tool_trace	docs/cli/matrices/restore_v2_47.tsv:77	safe to skip unless parser/error behavior changes	last no-staged selection after short staged matches stock Git fatal parity
matrix:38eafadd4d89c72d	invalid-input parity	exact_invalid_input_variant	restore	--staged	true	explicit path	modified tracked worktree file	local	all	behavior matrix	tools/git-restore-schema-extra-oracle-smoke.sh::restore_staged_long_rejects_true	real_tool_trace	docs/cli/matrices/restore_v2_47.tsv:81	safe to skip unless parser/error behavior changes	stock Git rejects staged value with exit 129 and matching stderr
matrix:93de3aff03667603	invalid-input parity	exact_invalid_input_variant	restore	-S	true	explicit path	modified tracked worktree file	local	all	behavior matrix	tools/git-restore-schema-extra-oracle-smoke.sh::restore_staged_short_rejects_true	real_tool_trace	docs/cli/matrices/restore_v2_47.tsv:82	safe to skip unless parser/error behavior changes	stock Git rejects short staged value with exit 129 and matching stderr
matrix:54274cbb1b9b49ec	invalid-input parity	exact_invalid_input_variant	restore	--worktree	true	explicit path	modified tracked worktree file	local	all	behavior matrix	tools/git-restore-schema-extra-oracle-smoke.sh::restore_worktree_long_rejects_true	real_tool_trace	docs/cli/matrices/restore_v2_47.tsv:83	safe to skip unless parser/error behavior changes	stock Git rejects worktree value with exit 129 and matching stderr
matrix:17cb79864fcaea79	invalid-input parity	exact_invalid_input_variant	restore	-W	true	explicit path	modified tracked worktree file	local	all	behavior matrix	tools/git-restore-schema-extra-oracle-smoke.sh::restore_worktree_short_rejects_true	real_tool_trace	docs/cli/matrices/restore_v2_47.tsv:84	safe to skip unless parser/error behavior changes	stock Git rejects short worktree value with exit 129 and matching stderr
matrix:a3565e038864e224	invalid-input parity	exact_invalid_input_variant	restore	--no-staged	true	explicit path	modified tracked worktree file	local	all	behavior matrix	tools/git-restore-schema-extra-oracle-smoke.sh::restore_no_staged_rejects_true	real_tool_trace	docs/cli/matrices/restore_v2_47.tsv:85	safe to skip unless parser/error behavior changes	stock Git rejects no-staged true value with exit 129 and matching stderr
matrix:0f8f8acd160b13c5	invalid-input parity	exact_invalid_input_variant	restore	--no-staged	false	explicit path	modified tracked worktree file	local	all	behavior matrix	tools/git-restore-schema-extra-oracle-smoke.sh::restore_no_staged_rejects_false	real_tool_trace	docs/cli/matrices/restore_v2_47.tsv:86	safe to skip unless parser/error behavior changes	stock Git rejects no-staged false value with exit 129 and matching stderr
matrix:05c8c0a6902a77c9	invalid-input parity	exact_invalid_input_variant	restore	--no-worktree	true	explicit path	modified tracked worktree file	local	all	behavior matrix	tools/git-restore-schema-extra-oracle-smoke.sh::restore_no_worktree_rejects_true	real_tool_trace	docs/cli/matrices/restore_v2_47.tsv:87	safe to skip unless parser/error behavior changes	stock Git rejects no-worktree true value with exit 129 and matching stderr
matrix:8baecd614fb2bc3c	invalid-input parity	exact_invalid_input_variant	restore	--no-worktree	false	explicit path	modified tracked worktree file	local	all	behavior matrix	tools/git-restore-schema-extra-oracle-smoke.sh::restore_no_worktree_rejects_false	real_tool_trace	docs/cli/matrices/restore_v2_47.tsv:88	safe to skip unless parser/error behavior changes	stock Git rejects no-worktree false value with exit 129 and matching stderr
matrix:03a48e0b1de9ff68	invalid-input parity	exact_invalid_input_variant	restore	--no-staged	<empty>	default explicit path	modified tracked worktree file	local	all	behavior matrix	tools/git-restore-schema-extra-oracle-smoke.sh::restore_no_staged	real_tool_trace	docs/cli/matrices/restore_v2_47.tsv:89	safe to skip unless parser/error behavior changes	no-staged alone matches stock Git fatal parity when neither staged nor worktree is selected
matrix:a6b950fda9cf4551	invalid-input parity	exact_invalid_input_variant	restore	--staged	<empty>	--no-staged explicit path	modified tracked worktree file	local	all	behavior matrix	tools/git-restore-schema-extra-oracle-smoke.sh::restore_staged_no_staged	real_tool_trace	docs/cli/matrices/restore_v2_47.tsv:90	safe to skip unless parser/error behavior changes	last no-staged selection matches stock Git fatal parity when staged is cleared and worktree stays unset
matrix:67b0b8dd39607817	invalid-input parity	exact_invalid_input_variant	restore	--no-worktree	<empty>	default explicit path	modified tracked worktree file	local	all	behavior matrix	tools/git-restore-schema-extra-oracle-smoke.sh::restore_no_worktree	real_tool_trace	docs/cli/matrices/restore_v2_47.tsv:93	safe to skip unless parser/error behavior changes	no-worktree alone matches stock Git fatal parity when neither staged nor worktree is selected
matrix:cb975940f19f4da4	invalid-input parity	exact_invalid_input_variant	restore	--worktree	<empty>	--no-worktree explicit path	modified tracked worktree file	local	all	behavior matrix	tools/git-restore-schema-extra-oracle-smoke.sh::restore_worktree_no_worktree	real_tool_trace	docs/cli/matrices/restore_v2_47.tsv:94	safe to skip unless parser/error behavior changes	last no-worktree selection matches stock Git fatal parity when worktree is cleared and staged stays unset
matrix:6650447be48ba6df	invalid-input parity	exact_invalid_input_variant	rev-list	--notes	<empty>	--format=%N -1 HEAD	single-commit history with commit note	local	all	behavior matrix	git_history_query_compat::rev_list_notes_abbrev_and_text_rendering_match_stock_git	stock_git_oracle_test	docs/cli/matrices/rev_list_v2_47.tsv:87	safe to skip unless parser/error behavior changes	notes is rejected with the stock fatal diagnostic because rev-list does not support notes display on this machine
matrix:4e6d6e1b26e25bc7	invalid-input parity	exact_invalid_input_variant	rev-list	--walk-reflogs	<empty>	--reverse HEAD	branch HEAD reflog with multiple commit entries	local	all	behavior matrix	git_history_query_compat::rev_list_reflog_and_first_parent_expansion_lanes_match_stock_git	stock_git_oracle_test	docs/cli/matrices/rev_list_v2_47.tsv:103	safe to skip unless parser/error behavior changes	walk-reflogs rejects reverse ordering with the stock fatal diagnostic on the helper-free local rev-list lane
matrix:8be2da73043459e4	invalid-input parity	exact_invalid_input_variant	rev-list	-g	<empty>	HEAD ^HEAD~1	branch HEAD reflog with explicit negative revision	local	all	behavior matrix	git_history_query_compat::rev_list_reflog_and_first_parent_expansion_lanes_match_stock_git	stock_git_oracle_test	docs/cli/matrices/rev_list_v2_47.tsv:107	safe to skip unless parser/error behavior changes	short walk-reflogs alias rejects explicit negative revisions with the stock fatal diagnostic on the helper-free local rev-list lane
matrix:cfa1448ac67bf0dd	invalid-input parity	exact_invalid_input_variant	rev-list	--show-notes	<empty>	--pretty=format:%N -1 HEAD	single-commit history with commit note	local	all	behavior matrix	git_history_query_compat::rev_list_reflog_relative_date_and_notes_aliases_match_stock_git	stock_git_oracle_test	docs/cli/matrices/rev_list_v2_47.tsv:124	safe to skip unless parser/error behavior changes	show-notes is rejected with the stock fatal diagnostic because rev-list does not support notes display on this machine
matrix:3b0f226d4150968c	invalid-input parity	exact_invalid_input_variant	rev-list	--show-notes-by-default	<empty>	--pretty=format:%N -1 HEAD	single-commit history with commit note	local	all	behavior matrix	git_history_query_compat::rev_list_reflog_relative_date_and_notes_aliases_match_stock_git	stock_git_oracle_test	docs/cli/matrices/rev_list_v2_47.tsv:125	safe to skip unless parser/error behavior changes	show-notes-by-default is rejected with the stock fatal diagnostic because rev-list does not support notes display on this machine
matrix:e5e072527b84de6f	invalid-input parity	exact_invalid_input_variant	rev-list	--standard-notes	<empty>	--show-notes --pretty=format:%N -1 HEAD order-sensitive before show-notes	single-commit history with commit note	local	all	behavior matrix	git_history_query_compat::rev_list_reflog_relative_date_and_notes_aliases_match_stock_git	stock_git_oracle_test	docs/cli/matrices/rev_list_v2_47.tsv:129	safe to skip unless parser/error behavior changes	standard-notes followed by show-notes still triggers the stock unsupported-notes fatal on the helper-free local rev-list surface
matrix:a34833e68bf8833f	invalid-input parity	exact_invalid_input_variant	rev-list	--show-notes	<empty>	--no-standard-notes --pretty=format:%N -1 HEAD	single-commit history with commit note	local	all	behavior matrix	git_history_query_compat::rev_list_reflog_relative_date_and_notes_aliases_match_stock_git	stock_git_oracle_test	docs/cli/matrices/rev_list_v2_47.tsv:130	safe to skip unless parser/error behavior changes	show-notes still triggers the stock unsupported-notes fatal even when followed by no-standard-notes on the helper-free local rev-list surface
matrix:b962e6e5797d1df0	invalid-input parity	exact_invalid_input_variant	rev-list	--show-notes-by-default	<empty>	--no-standard-notes --pretty=format:%N -1 HEAD	single-commit history with commit note	local	all	behavior matrix	git_history_query_compat::rev_list_reflog_relative_date_and_notes_aliases_match_stock_git	stock_git_oracle_test	docs/cli/matrices/rev_list_v2_47.tsv:131	safe to skip unless parser/error behavior changes	show-notes-by-default still triggers the stock unsupported-notes fatal even when followed by no-standard-notes on the helper-free local rev-list surface
matrix:55508cf839afacbe	invalid-input parity	exact_invalid_input_variant	rev-list	--show-notes	<empty>	--standard-notes --pretty=format:%N -1 HEAD order-sensitive before standard-notes	single-commit history with commit note	local	all	behavior matrix	git_history_query_compat::rev_list_reflog_relative_date_and_notes_aliases_match_stock_git	stock_git_oracle_test	docs/cli/matrices/rev_list_v2_47.tsv:134	safe to skip unless parser/error behavior changes	show-notes keeps triggering the stock unsupported-notes fatal even when followed by standard-notes on the helper-free local rev-list surface
matrix:3d9a2abc3af9a21f	invalid-input parity	exact_invalid_input_variant	rev-list	--standard-notes	<empty>	--show-notes --no-standard-notes --pretty=format:%N -1 HEAD order-sensitive before show-notes then no-standard-notes	single-commit history with commit note	local	all	behavior matrix	git_history_query_compat::rev_list_reflog_relative_date_and_notes_aliases_match_stock_git	stock_git_oracle_test	docs/cli/matrices/rev_list_v2_47.tsv:135	safe to skip unless parser/error behavior changes	show-notes keeps triggering the stock unsupported-notes fatal even when later followed by no-standard-notes on the helper-free local rev-list surface
matrix:289fcd2c908de211	invalid-input parity	exact_invalid_input_variant	rev-list	--merge	<empty>	HEAD	two-commit history with side branch ref and one lightweight tag	local	all	behavior matrix	git_history_query_compat::rev_list_documented_tail_batch_matches_stock_git	stock_git_oracle_test	docs/cli/matrices/rev_list_v2_47.tsv:154	safe to skip unless parser/error behavior changes	merge without an active pseudoref fails with the stock fatal rev-list diagnostic
matrix:49a4d97e09f1f43e	invalid-input parity	exact_invalid_input_variant	rev-list	--missing	<empty>	HEAD	two-commit history with side branch ref and one lightweight tag	local	all	behavior matrix	git_history_query_compat::rev_list_documented_tail_batch_matches_stock_git	stock_git_oracle_test	docs/cli/matrices/rev_list_v2_47.tsv:155	safe to skip unless parser/error behavior changes	missing is rejected with the stock rev-list usage diagnostic on the helper-free local lane
matrix:0957ce0c7c60b01c	invalid-input parity	exact_invalid_input_variant	rev-list	--progress	<empty>	HEAD	two-commit history with side branch ref and one lightweight tag	local	all	behavior matrix	git_history_query_compat::rev_list_documented_tail_batch_matches_stock_git	stock_git_oracle_test	docs/cli/matrices/rev_list_v2_47.tsv:161	safe to skip unless parser/error behavior changes	progress is rejected with the stock rev-list usage diagnostic on the helper-free local lane
matrix:1bb6e1cede54f8c8	invalid-input parity	exact_invalid_input_variant	rev-parse	<none>	<empty>	<none>	invalid .git gitfile	local	all	behavior matrix	git_global_cli_compat::rev_parse_discovers_repository_through_gitfile_like_stock_git	stock_git_oracle_test	docs/cli/matrices/rev_parse_v2_47.tsv:3	safe to skip unless parser/error behavior changes	exit code and invalid gitfile diagnostic shape match stock Git
matrix:d189456cf1783a41	invalid-input parity	exact_invalid_input_variant	rev-parse	--show-ref-format	<empty>	extensions.refStorage=broken	invalid repository config	local	all	behavior matrix	git_global_cli_compat::rev_parse_show_ref_format_invalid_storage_reports_stock_error	stock_git_oracle_test	docs/cli/matrices/rev_parse_v2_47.tsv:58	safe to skip unless parser/error behavior changes	exit code and invalid ref storage diagnostic match stock Git
matrix:25f3698aeefc3b4b	invalid-input parity	exact_invalid_input_variant	rev-parse	--verify	<empty>	missing revision	missing ref	local	all	behavior matrix	git_rev_parse_dogfood_compat::rev_parse_verify_quiet_modes_match_stock_git	real_tool_trace	docs/cli/matrices/rev_parse_v2_47.tsv:73	safe to skip unless parser/error behavior changes	missing revision failure exit code and fatal diagnostic match stock Git
matrix:82b94087d124f362	invalid-input parity	exact_invalid_input_variant	rev-parse	--verify	refs/remotes/origin/gone	after replacement fetch prune/no-tags	pruned remote-tracking ref	local	all	behavior matrix	tools/git-replacement-dogfood-smoke.sh::fetched_pruned_branch_missing	real_tool_trace	docs/cli/matrices/rev_parse_v2_47.tsv:74	safe to skip unless parser/error behavior changes	pruned remote-tracking ref stays missing like stock Git through a git-in-PATH replacement shim after fetch --prune --no-tags
matrix:0ce99e22c84745a5	invalid-input parity	exact_invalid_input_variant	rev-parse	--verify	refs/tags/later-tag	after replacement fetch prune/no-tags	skipped auto-follow tag	local	all	behavior matrix	tools/git-replacement-dogfood-smoke.sh::fetched_no_tags_missing	real_tool_trace	docs/cli/matrices/rev_parse_v2_47.tsv:75	safe to skip unless parser/error behavior changes	reachable tag skipped by --no-tags stays missing like stock Git through a git-in-PATH replacement shim after fetch --prune --no-tags
matrix:74d7bc9cc338751d	invalid-input parity	exact_invalid_input_variant	rev-parse	--quiet	<empty>	--verify missing	missing ref	local	all	behavior matrix	git_rev_parse_dogfood_compat::rev_parse_verify_quiet_modes_match_stock_git	real_tool_trace	docs/cli/matrices/rev_parse_v2_47.tsv:76	safe to skip unless parser/error behavior changes	quiet missing revision failure exits 1 with empty stdout and stderr like stock Git
matrix:3cd95741722a4854	invalid-input parity	exact_invalid_input_variant	rev-parse	-q	<empty>	--verify missing	missing ref	local	all	behavior matrix	tools/git-rev-parse-schema-oracle-smoke.sh::rev_parse_quiet_short	real_tool_trace	docs/cli/matrices/rev_parse_v2_47.tsv:77	safe to skip unless parser/error behavior changes	quiet short missing revision failure exits 1 with empty stdout and stderr like stock Git
matrix:77005d6f9dab70b0	invalid-input parity	exact_invalid_input_variant	rev-parse	--resolve-git-dir	.	<none>	outside repository invalid gitdir	local	all	behavior matrix	git_global_cli_compat::rev_parse_local_env_vars_and_resolve_git_dir_outside_repo_match_stock_git	stock_git_oracle_test	docs/cli/matrices/rev_parse_v2_47.tsv:93	safe to skip unless parser/error behavior changes	outside-repo invalid gitdir failure exit and stderr match stock Git
matrix:380805f4584a3c1f	invalid-input parity	exact_invalid_input_variant	rev-parse	--output-object-format	sha256	HEAD	local sha1 repository	local	all	behavior matrix	git_global_cli_compat::rev_parse_output_object_format_sha256_matches_stock_git_error	stock_git_oracle_test	docs/cli/matrices/rev_parse_v2_47.tsv:107	safe to skip unless parser/error behavior changes	unsupported output object format rejection matches stock Git in a sha1 repository
matrix:65e52ea955660db8	invalid-input parity	exact_invalid_input_variant	revert	--abort	<empty>	no sequence in progress	clean repository	local	all	behavior matrix	tools/git-revert-schema-oracle-smoke.sh::revert_abort_no_sequence	real_tool_trace	docs/cli/matrices/revert_v2_47.tsv:3	safe to skip unless parser/error behavior changes	no-sequence abort rejection matches stock Git stdout, stderr, exit status and unchanged repository state
matrix:06ec94adde63c0d6	invalid-input parity	exact_invalid_input_variant	revert	--continue	<empty>	no sequence in progress	clean repository	local	all	behavior matrix	tools/git-revert-schema-oracle-smoke.sh::revert_continue_no_sequence	real_tool_trace	docs/cli/matrices/revert_v2_47.tsv:4	safe to skip unless parser/error behavior changes	no-sequence continue rejection matches stock Git stdout, stderr, exit status and unchanged repository state
matrix:a4758ad448810848	invalid-input parity	exact_invalid_input_variant	rm	--pathspec-file-nul	<empty>	missing --pathspec-from-file	tracked index	local	all	behavior matrix	git_index_mutation_compat::rm_common_options_match_stock_git	stock_git_oracle_test	docs/cli/matrices/rm_v2_47.tsv:25	safe to skip unless parser/error behavior changes	rejects pathspec-file-nul without pathspec-from-file with stock failure output
matrix:5ee928625b95ba88	invalid-input parity	exact_invalid_input_variant	rm	-0	<empty>	unknown short switch	tracked file	local	all	behavior matrix	tools/git-rm-schema-oracle-smoke.sh::rm_invalid_short_zero	real_tool_trace	docs/cli/matrices/rm_v2_47.tsv:43	safe to skip unless parser/error behavior changes	rejects unknown short 0 switch with stock exit 129, empty stdout, exact usage stderr and unchanged status/index
matrix:e92c50774e7be341	invalid-input parity	exact_invalid_input_variant	rm	-A	<empty>	unknown short switch	tracked file	local	all	behavior matrix	tools/git-rm-schema-oracle-smoke.sh::rm_invalid_short_all	real_tool_trace	docs/cli/matrices/rm_v2_47.tsv:44	safe to skip unless parser/error behavior changes	rejects unknown short A switch with stock exit 129, empty stdout, exact usage stderr and unchanged status/index
matrix:beef9aba74bde754	invalid-input parity	exact_invalid_input_variant	rm	-a	<empty>	unknown short switch	tracked file	local	all	behavior matrix	tools/git-rm-schema-oracle-smoke.sh::rm_invalid_short_a	real_tool_trace	docs/cli/matrices/rm_v2_47.tsv:45	safe to skip unless parser/error behavior changes	rejects unknown short a switch with stock exit 129, empty stdout, exact usage stderr and unchanged status/index
matrix:436aaaa4490ccd3b	invalid-input parity	exact_invalid_input_variant	rm	-u	<empty>	unknown short switch	tracked file	local	all	behavior matrix	tools/git-rm-schema-oracle-smoke.sh::rm_invalid_short_update	real_tool_trace	docs/cli/matrices/rm_v2_47.tsv:46	safe to skip unless parser/error behavior changes	rejects unknown short u switch with stock exit 129, empty stdout, exact usage stderr and unchanged status/index
matrix:bc018d91fbc67957	invalid-input parity	exact_invalid_input_variant	rm	-z	<empty>	unknown short switch	tracked file	local	all	behavior matrix	tools/git-rm-schema-oracle-smoke.sh::rm_invalid_short_z	real_tool_trace	docs/cli/matrices/rm_v2_47.tsv:47	safe to skip unless parser/error behavior changes	rejects unknown short z switch with stock exit 129, empty stdout, exact usage stderr and unchanged status/index
matrix:bab720dadb6fca7f	invalid-input parity	exact_invalid_input_variant	rm	--diff-filter	A	unknown option	tracked file	local	all	behavior matrix	tools/git-rm-schema-oracle-smoke.sh::rm_invalid_diff_filter	real_tool_trace	docs/cli/matrices/rm_v2_47.tsv:48	safe to skip unless parser/error behavior changes	rejects unknown diff-filter option with stock exit 129, empty stdout, exact usage stderr and unchanged status/index
matrix:9940e7c52a85e9fa	invalid-input parity	exact_invalid_input_variant	rm	--name-only	<empty>	unknown option	tracked file	local	all	behavior matrix	tools/git-rm-schema-oracle-smoke.sh::rm_invalid_name_only	real_tool_trace	docs/cli/matrices/rm_v2_47.tsv:49	safe to skip unless parser/error behavior changes	rejects unknown name-only option with stock exit 129, empty stdout, exact usage stderr and unchanged status/index
matrix:5f0dae78321e9035	invalid-input parity	exact_invalid_input_variant	rm	--literal-pathspecs	<empty>	unknown option	tracked file	local	all	behavior matrix	tools/git-rm-schema-oracle-smoke.sh::rm_invalid_literal_pathspecs	real_tool_trace	docs/cli/matrices/rm_v2_47.tsv:50	safe to skip unless parser/error behavior changes	rejects command-local literal-pathspecs option with stock exit 129, empty stdout, exact usage stderr and unchanged status/index
matrix:8f0161d6f88f6e33	invalid-input parity	exact_invalid_input_variant	send-email	<positional:args>	missing.patch	missing patch path	empty repository	local	all	behavior matrix	tools/git-send-email-positional-gap-probe.sh::send_email_missing_patch_arg	real_tool_trace	docs/cli/matrices/send_email_v2_47.tsv:18	safe to skip unless parser/error behavior changes	missing patch argument exits 128 with stock format-patch missing-revision diagnostic, empty stdout and clean repo state before SMTP config validation
matrix:d68308dcca76b19b	invalid-input parity	exact_invalid_input_variant	send-pack	--atomic	<empty>	two explicit branch updates with one rejected ref	local worktree pushing to local bare repository with conflicting remote main	local	all	behavior matrix	git_transport_local_compat::send_pack_atomic_rejects_all_updates_when_one_ref_fails	stock_git_oracle_test	docs/cli/matrices/send_pack_v2_47.tsv:7	safe to skip unless parser/error behavior changes	stock Git rejects the atomic update when one ref fails; Zmin matches the non-zero failure and leaves all remote refs unchanged
matrix:9fc8db05cd953ae5	invalid-input parity	exact_invalid_input_variant	send-pack	--signed	<empty>	explicit refs/heads/main	local worktree pushing to empty local bare repository	local	all	behavior matrix	tools/git-send-pack-schema-gap-probe.sh::send_pack_signed_true	real_tool_trace	docs/cli/matrices/send_pack_v2_47.tsv:17	safe to skip unless parser/error behavior changes	signed push request fails with stock-compatible fatal stderr when the receiving end does not support signed pushes
matrix:a3fd51738a6283a2	invalid-input parity	exact_invalid_input_variant	send-pack	--push-option	abc	explicit refs/heads/main	local worktree pushing to empty local bare repository	local	all	behavior matrix	tools/git-send-pack-schema-gap-probe.sh::send_pack_push_option	real_tool_trace	docs/cli/matrices/send_pack_v2_47.tsv:18	safe to skip unless parser/error behavior changes	push options fail with stock-compatible fatal stderr when the receiving end does not support push options
matrix:267641857285a5f1	invalid-input parity	exact_invalid_input_variant	shell	-c	<missing>	missing command value	local bare repository	local	all	behavior matrix	tools/git-shell-schema-gap-probe.sh::shell_missing_c_value	real_tool_trace	docs/cli/matrices/shell_v2_47.tsv:4	safe to skip unless parser/error behavior changes	missing -c command value rejection stderr and exit status match stock Git
matrix:0fa40d29ce1ad16c	invalid-input parity	exact_invalid_input_variant	shell	-c	<missing>	repeated -c missing value	local bare repository	local	all	behavior matrix	tools/git-shell-schema-gap-probe.sh::shell_repeated_c_missing_value	real_tool_trace	docs/cli/matrices/shell_v2_47.tsv:5	safe to skip unless parser/error behavior changes	repeated -c missing value rejection stderr and exit status match stock Git
matrix:0ed0dae17e4ef461	invalid-input parity	exact_invalid_input_variant	shell	--no-c	<empty>	negated c option	local bare repository	local	all	behavior matrix	tools/git-shell-schema-gap-probe.sh::shell_no_c_rejected	real_tool_trace	docs/cli/matrices/shell_v2_47.tsv:6	safe to skip unless parser/error behavior changes	negated c option rejection stderr and exit status match stock Git
matrix:5142528a368c59dc	invalid-input parity	exact_invalid_input_variant	shortlog	--group	bogus	HEAD	two-commit history with explicit authors	local	all	behavior matrix	git_history_query_compat::shortlog_documented_option_family_matches_stock_git	stock_git_oracle_test	docs/cli/matrices/shortlog_v2_47.tsv:49	safe to skip unless parser/error behavior changes	unknown group type exits 129 with the stock shortlog diagnostic
matrix:c23ca84855136bcd	invalid-input parity	exact_invalid_input_variant	shortlog	--date	bogus	--group=format:%ad -sn HEAD	two-commit history with explicit author dates	local	all	behavior matrix	git_history_query_compat::shortlog_documented_option_family_matches_stock_git	stock_git_oracle_test	docs/cli/matrices/shortlog_v2_47.tsv:50	safe to skip unless parser/error behavior changes	unknown date format exits 128 with the stock fatal shortlog diagnostic
matrix:a9e8a943a70709df	invalid-input parity	exact_invalid_input_variant	shortlog	-w	bogus	HEAD	empty repository	local	all	behavior matrix	git_history_query_compat::shortlog_documented_option_family_matches_stock_git	stock_git_oracle_test	docs/cli/matrices/shortlog_v2_47.tsv:51	safe to skip unless parser/error behavior changes	invalid attached wrap spec exits 129 with the stock shortlog wrap diagnostic
matrix:eeba6d15cc09852d	invalid-input parity	exact_invalid_input_variant	shortlog	--stdin	<empty>	<none>	no repository required	local	all	behavior matrix	git_history_query_compat::shortlog_documented_option_family_matches_stock_git	stock_git_oracle_test	docs/cli/matrices/shortlog_v2_47.tsv:52	safe to skip unless parser/error behavior changes	shortlog rejects the documented rev-list --stdin spelling with the stock unknown-option usage diagnostic on this machine
matrix:2dce3cf7144f86df	invalid-input parity	exact_invalid_input_variant	shortlog	--grep-reflog	one	HEAD	single-branch local history with HEAD reflog	local	all	behavior matrix	git_history_query_compat::shortlog_reflog_option_family_matches_stock_git	stock_git_oracle_test	docs/cli/matrices/shortlog_v2_47.tsv:57	safe to skip unless parser/error behavior changes	documented reflog grep flag requires walk-reflogs and exits with the stock fatal diagnostic on this machine
matrix:7ae05d36ba4e6249	invalid-input parity	exact_invalid_input_variant	shortlog	--object-names	<empty>	HEAD	two-commit history with explicit authors	local	all	behavior matrix	git_history_query_compat::shortlog_option_surface_batch_matches_stock_git	stock_git_oracle_test	docs/cli/matrices/shortlog_v2_47.tsv:87	safe to skip unless parser/error behavior changes	object-names is rejected with the stock unknown-option shortlog diagnostic
matrix:45dbf1079df7bf8c	invalid-input parity	exact_invalid_input_variant	shortlog	--no-object-names	<empty>	HEAD	two-commit history with explicit authors	local	all	behavior matrix	git_history_query_compat::shortlog_option_surface_batch_matches_stock_git	stock_git_oracle_test	docs/cli/matrices/shortlog_v2_47.tsv:88	safe to skip unless parser/error behavior changes	no-object-names is rejected with the stock unknown-option shortlog diagnostic
matrix:a9880e8dfbfb9fb6	invalid-input parity	exact_invalid_input_variant	shortlog	--mailmap	<empty>	HEAD	two-commit history with explicit authors	local	all	behavior matrix	git_history_query_compat::shortlog_option_surface_batch_matches_stock_git	stock_git_oracle_test	docs/cli/matrices/shortlog_v2_47.tsv:89	safe to skip unless parser/error behavior changes	mailmap is rejected with the stock unknown-option shortlog diagnostic
matrix:44ab4cfe7de63368	invalid-input parity	exact_invalid_input_variant	shortlog	--source	<empty>	HEAD	two-commit history with explicit authors	local	all	behavior matrix	git_history_query_compat::shortlog_option_surface_batch_matches_stock_git	stock_git_oracle_test	docs/cli/matrices/shortlog_v2_47.tsv:90	safe to skip unless parser/error behavior changes	source is rejected with the stock unknown-option shortlog diagnostic
matrix:839cfaa72236ab41	invalid-input parity	exact_invalid_input_variant	shortlog	--header	<empty>	-sne HEAD	three-commit history with fixed author timestamps	local	all	behavior matrix	git_history_query_compat::shortlog_proof_only_option_surface_batch_matches_stock_git	stock_git_oracle_test	docs/cli/matrices/shortlog_v2_47.tsv:124	safe to skip unless parser/error behavior changes	header is rejected with the stock unknown-option shortlog diagnostic
matrix:90e7c910bfb2c637	invalid-input parity	exact_invalid_input_variant	shortlog	--progress	<empty>	-sne HEAD	three-commit history with fixed author timestamps	local	all	behavior matrix	git_history_query_compat::shortlog_proof_only_option_surface_batch_matches_stock_git	stock_git_oracle_test	docs/cli/matrices/shortlog_v2_47.tsv:125	safe to skip unless parser/error behavior changes	progress is rejected with the stock unknown-option shortlog diagnostic
matrix:ebd633ae21c8b511	invalid-input parity	exact_invalid_input_variant	shortlog	--no-filter	<empty>	-sne HEAD	three-commit history with fixed author timestamps	local	all	behavior matrix	git_history_query_compat::shortlog_proof_only_option_surface_batch_matches_stock_git	stock_git_oracle_test	docs/cli/matrices/shortlog_v2_47.tsv:126	safe to skip unless parser/error behavior changes	no-filter is rejected with the stock unknown-option shortlog diagnostic
matrix:8988a9d1102627c9	invalid-input parity	exact_invalid_input_variant	shortlog	--missing	<empty>	-sne HEAD	three-commit history with fixed author timestamps	local	all	behavior matrix	git_history_query_compat::shortlog_proof_only_option_surface_batch_matches_stock_git	stock_git_oracle_test	docs/cli/matrices/shortlog_v2_47.tsv:127	safe to skip unless parser/error behavior changes	missing is rejected with the stock unknown-option shortlog diagnostic
matrix:e5c0b683b31bd177	invalid-input parity	exact_invalid_input_variant	shortlog	--use-bitmap-index	<empty>	-sne HEAD	three-commit history with fixed author timestamps	local	all	behavior matrix	git_history_query_compat::shortlog_proof_only_option_surface_batch_matches_stock_git	stock_git_oracle_test	docs/cli/matrices/shortlog_v2_47.tsv:128	safe to skip unless parser/error behavior changes	use-bitmap-index is rejected with the stock unknown-option shortlog diagnostic
matrix:98b2bbec59017df0	invalid-input parity	exact_invalid_input_variant	shortlog	--timestamp	<empty>	-sne HEAD	three-commit history with fixed author timestamps	local	all	behavior matrix	git_history_query_compat::shortlog_proof_only_option_surface_batch_matches_stock_git	stock_git_oracle_test	docs/cli/matrices/shortlog_v2_47.tsv:129	safe to skip unless parser/error behavior changes	timestamp is rejected with the stock unknown-option shortlog diagnostic
matrix:61ddf5b7c65dd365	invalid-input parity	exact_invalid_input_variant	shortlog	--bisect-all	<empty>	-sne HEAD	three-commit history with fixed author timestamps	local	all	behavior matrix	git_history_query_compat::shortlog_proof_only_history_tail_batch_matches_stock_git	stock_git_oracle_test	docs/cli/matrices/shortlog_v2_47.tsv:140	safe to skip unless parser/error behavior changes	bisect-all is rejected with the stock unknown-option shortlog diagnostic
matrix:9db1369df7b18cef	invalid-input parity	exact_invalid_input_variant	shortlog	--bisect-vars	<empty>	-sne HEAD	three-commit history with fixed author timestamps	local	all	behavior matrix	git_history_query_compat::shortlog_proof_only_history_tail_batch_matches_stock_git	stock_git_oracle_test	docs/cli/matrices/shortlog_v2_47.tsv:141	safe to skip unless parser/error behavior changes	bisect-vars is rejected with the stock unknown-option shortlog diagnostic
matrix:b92ab3d39774daac	invalid-input parity	exact_invalid_input_variant	shortlog	--commit-header	<empty>	-sne HEAD	three-commit history with fixed author timestamps	local	all	behavior matrix	git_history_query_compat::shortlog_proof_only_history_tail_batch_matches_stock_git	stock_git_oracle_test	docs/cli/matrices/shortlog_v2_47.tsv:142	safe to skip unless parser/error behavior changes	commit-header is rejected with the stock unknown-option shortlog diagnostic
matrix:45cd4698ce8e6893	invalid-input parity	exact_invalid_input_variant	shortlog	--disk-usage	<empty>	-sne HEAD	three-commit history with fixed author timestamps	local	all	behavior matrix	git_history_query_compat::shortlog_proof_only_history_tail_batch_matches_stock_git	stock_git_oracle_test	docs/cli/matrices/shortlog_v2_47.tsv:143	safe to skip unless parser/error behavior changes	disk-usage is rejected with the stock unknown-option shortlog diagnostic
matrix:175ea984915ce7d2	invalid-input parity	exact_invalid_input_variant	shortlog	--single-worktree	<empty>	-sne HEAD	three-commit history with fixed author timestamps	local	all	behavior matrix	git_history_query_compat::shortlog_proof_only_history_tail_batch_matches_stock_git	stock_git_oracle_test	docs/cli/matrices/shortlog_v2_47.tsv:144	safe to skip unless parser/error behavior changes	single-worktree is rejected with the stock unknown-option shortlog diagnostic
matrix:d359ced451fc3499	invalid-input parity	exact_invalid_input_variant	shortlog	--filter	blob:none	-sne HEAD	three-commit history with fixed author timestamps	local	all	behavior matrix	git_history_query_compat::shortlog_proof_only_history_tail_batch_matches_stock_git	stock_git_oracle_test	docs/cli/matrices/shortlog_v2_47.tsv:145	safe to skip unless parser/error behavior changes	filter=blob:none is rejected with the stock unknown-option shortlog diagnostic
matrix:367bf7c5b54118bf	invalid-input parity	exact_invalid_input_variant	shortlog	--filter-print-omitted	<empty>	-sne HEAD	three-commit history with fixed author timestamps	local	all	behavior matrix	git_history_query_compat::shortlog_proof_only_history_tail_batch_matches_stock_git	stock_git_oracle_test	docs/cli/matrices/shortlog_v2_47.tsv:146	safe to skip unless parser/error behavior changes	filter-print-omitted is rejected with the stock unknown-option shortlog diagnostic
matrix:16e40cdfda564fbe	invalid-input parity	exact_invalid_input_variant	shortlog	--filter-provided-objects	<empty>	-sne HEAD	three-commit history with fixed author timestamps	local	all	behavior matrix	git_history_query_compat::shortlog_proof_only_history_tail_batch_matches_stock_git	stock_git_oracle_test	docs/cli/matrices/shortlog_v2_47.tsv:147	safe to skip unless parser/error behavior changes	filter-provided-objects is rejected with the stock unknown-option shortlog diagnostic
matrix:e3935f8a0c030cec	invalid-input parity	exact_invalid_input_variant	shortlog	--exclude-promisor-objects	<empty>	HEAD	two-commit history with side branch ref and one lightweight tag	local	all	behavior matrix	git_history_query_compat::shortlog_remaining_documented_tail_matches_stock_git	stock_git_oracle_test	docs/cli/matrices/shortlog_v2_47.tsv:156	safe to skip unless parser/error behavior changes	exclude-promisor-objects is rejected with the stock unknown-option shortlog diagnostic on this machine
matrix:5f5b25af09f6a7d1	invalid-input parity	exact_invalid_input_variant	shortlog	--no-commit-header	<empty>	HEAD	two-commit history with side branch ref and one lightweight tag	local	all	behavior matrix	git_history_query_compat::shortlog_remaining_documented_tail_matches_stock_git	stock_git_oracle_test	docs/cli/matrices/shortlog_v2_47.tsv:157	safe to skip unless parser/error behavior changes	no-commit-header is rejected with the stock unknown-option shortlog diagnostic on this machine
matrix:a210523d29b9ad50	invalid-input parity	exact_invalid_input_variant	shortlog	--merge	<empty>	HEAD	two-commit history with side branch ref and one lightweight tag	local	all	behavior matrix	git_history_query_compat::shortlog_remaining_documented_tail_matches_stock_git	stock_git_oracle_test	docs/cli/matrices/shortlog_v2_47.tsv:158	safe to skip unless parser/error behavior changes	merge without an active pseudoref fails with the stock fatal shortlog diagnostic
matrix:aa2068c115f99579	invalid-input parity	exact_invalid_input_variant	show-index	<stdin>	pack index version 3	checksum-valid unsupported idx version	stdin pack index	local	all	behavior matrix	git_object_plumbing_compat::show_index_rejects_unsupported_pack_index_version_like_stock_git	stock_git_oracle_test	docs/cli/matrices/show_index_v2_47.tsv:3	safe to skip unless parser/error behavior changes	stock Git rejects unsupported pack index versions from stdin with fatal unknown-index-version diagnostics and exit 128
matrix:fba161dd097bb818	invalid-input parity	exact_invalid_input_variant	show-index	--object-format	bogus	after no-object-format	stdin pack index from repacked repository	local	all	behavior matrix	tools/git-show-index-object-format-oracle-smoke.sh::show_index_no_then_invalid	real_tool_trace	docs/cli/matrices/show_index_v2_47.tsv:45	safe to skip unless parser/error behavior changes	later invalid object-format still fails after earlier no-object-format like stock Git
matrix:d237d1554a511251	invalid-input parity	exact_invalid_input_variant	show-index	--object-format	bogus	invalid hash algorithm	stdin pack index from repacked repository	local	all	behavior matrix	tools/git-show-index-object-format-oracle-smoke.sh::show_index_object_format_invalid	real_tool_trace	docs/cli/matrices/show_index_v2_47.tsv:46	safe to skip unless parser/error behavior changes	stock Git rejects unknown hash algorithm with exit 128 and matching stderr
matrix:e45d560090f4c8a8	invalid-input parity	exact_invalid_input_variant	show-index	--object-format	<missing>	missing value	stdin pack index from repacked repository	local	all	behavior matrix	tools/git-show-index-object-format-oracle-smoke.sh::show_index_object_format_missing	real_tool_trace	docs/cli/matrices/show_index_v2_47.tsv:47	safe to skip unless parser/error behavior changes	stock Git rejects missing object-format value with exit 129 and matching stderr
matrix:23b3cea02472529a	invalid-input parity	exact_invalid_input_variant	show-ref	--exists	refs/heads/missing	missing branch ref	linear history with branch ref	local	all	behavior matrix	git_refs_compat::show_ref_exists_and_quiet_verify_failure_modes_match_stock_git	stock_git_oracle_test	docs/cli/matrices/show_ref_v2_47.tsv:5	safe to skip unless parser/error behavior changes	missing exists check returns stock Git exit 2 with the same stderr
matrix:ca36311c26238414	invalid-input parity	exact_invalid_input_variant	show-ref	--exists	<missing>	<none>	linear history with branch ref	local	all	behavior matrix	git_refs_compat::show_ref_exists_and_quiet_verify_failure_modes_match_stock_git	stock_git_oracle_test	docs/cli/matrices/show_ref_v2_47.tsv:8	safe to skip unless parser/error behavior changes	missing exists operand returns stock Git fatal arity failure
matrix:d1877210ce5fd3ad	invalid-input parity	exact_invalid_input_variant	show-ref	--exists	refs/heads/main refs/tags/v1	<none>	linear history with branch and tag refs	local	all	behavior matrix	git_refs_compat::show_ref_exists_and_quiet_verify_failure_modes_match_stock_git	stock_git_oracle_test	docs/cli/matrices/show_ref_v2_47.tsv:9	safe to skip unless parser/error behavior changes	extra exists operand returns stock Git fatal arity failure
matrix:8c39707c882f4de5	invalid-input parity	exact_invalid_input_variant	show-ref	--verify	refs/heads/packed-delete	<none>	deleted packed branch ref	local	all	behavior matrix	git_refs_compat::packed_refs_are_resolved_updated_and_deleted_like_stock_git	stock_git_oracle_test	docs/cli/matrices/show_ref_v2_47.tsv:17	safe to skip unless parser/error behavior changes	missing packed ref verify exit status matches stock Git
matrix:b0b230af24eae0f8	invalid-input parity	exact_invalid_input_variant	show-ref	--verify	refs/heads/missing	<none>	missing ref	local	all	behavior matrix	git_cli_failure_compat::invalid_option_combinations_match_stock_git_failures	stock_git_oracle_test	docs/cli/matrices/show_ref_v2_47.tsv:52	safe to skip unless parser/error behavior changes	missing ref verify failure shape matches stock Git
matrix:0eb5b8a99d195ce8	invalid-input parity	exact_invalid_input_variant	show-ref	-q	<empty>	--verify missing branch ref	linear history with branch ref	local	all	behavior matrix	git_refs_compat::show_ref_exists_and_quiet_verify_failure_modes_match_stock_git	stock_git_oracle_test	docs/cli/matrices/show_ref_v2_47.tsv:53	safe to skip unless parser/error behavior changes	quiet verify of a missing ref exits 1 with empty stderr like stock Git
matrix:8d41b1c326dee7d4	invalid-input parity	exact_invalid_input_variant	show-ref	--verify	refs/heads/missing	--hash	linear history with branch ref	local	all	behavior matrix	git_refs_compat::show_ref_exists_and_quiet_verify_failure_modes_match_stock_git	stock_git_oracle_test	docs/cli/matrices/show_ref_v2_47.tsv:67	safe to skip unless parser/error behavior changes	verify plus hash on a missing ref preserves stock Git failure status and stderr
matrix:127d3045397ac2be	invalid-input parity	exact_invalid_input_variant	show-ref	--verify	refs/heads/main	refs/tags/v1	valid ref plus extra operand	local	all	behavior matrix	git_cli_failure_compat::invalid_option_combinations_match_stock_git_failures	stock_git_oracle_test	docs/cli/matrices/show_ref_v2_47.tsv:68	safe to skip unless parser/error behavior changes	verify extra operand failure shape matches stock Git
matrix:c0765e60d3929236	invalid-input parity	exact_invalid_input_variant	sparse-checkout	subcommand	bogus	unknown subcommand	local repository	local	all	behavior matrix	git_sparse_checkout_compat::sparse_checkout_unknown_subcommand_matches_stock_git	stock_git_oracle_test	docs/cli/matrices/sparse_checkout_v2_47.tsv:2	safe to skip unless parser/error behavior changes	unknown top-level sparse-checkout subcommand prints stock unknown-subcommand usage with exit 129 instead of a custom unsupported-subcommand fatal diagnostic
matrix:7ae44d739f4b4b3b	invalid-input parity	exact_invalid_input_variant	sparse-checkout	set option	--bad	invalid option	local repository	local	all	behavior matrix	git_sparse_checkout_compat::sparse_checkout_set_unknown_option_matches_stock_git_usage	stock_git_oracle_test	docs/cli/matrices/sparse_checkout_v2_47.tsv:3	safe to skip unless parser/error behavior changes	unknown sparse-checkout set option prints stock command-specific usage with exit 129 instead of a custom fatal diagnostic
matrix:221b0514b84da171	invalid-input parity	exact_invalid_input_variant	sparse-checkout	init option	--bad	invalid option	local repository	local	all	behavior matrix	git_sparse_checkout_compat::sparse_checkout_init_unknown_option_matches_stock_git_usage	stock_git_oracle_test	docs/cli/matrices/sparse_checkout_v2_47.tsv:4	safe to skip unless parser/error behavior changes	unknown sparse-checkout init option prints stock command-specific usage with exit 129 instead of a custom fatal diagnostic
matrix:a6f6b113c6ccdc94	invalid-input parity	exact_invalid_input_variant	sparse-checkout	add option	--bad	invalid option	non-sparse repository	local	all	behavior matrix	git_sparse_checkout_compat::sparse_checkout_non_sparse_failures_match_stock_git	stock_git_oracle_test	docs/cli/matrices/sparse_checkout_v2_47.tsv:5	safe to skip unless parser/error behavior changes	stock Git rejects the non-sparse repository state before option parsing, with exit 128 and fatal no sparse-checkout diagnostic
matrix:80d4ac3848ce2d10	invalid-input parity	exact_invalid_input_variant	sparse-checkout	add option	--bad	invalid option	sparse-checkout enabled	local	all	behavior matrix	git_sparse_checkout_compat::sparse_checkout_add_unknown_option_matches_stock_git_usage_when_enabled	stock_git_oracle_test	docs/cli/matrices/sparse_checkout_v2_47.tsv:6	safe to skip unless parser/error behavior changes	unknown sparse-checkout add option prints stock command-specific usage with exit 129 after sparse-checkout is enabled
matrix:a02414baf1b8b670	invalid-input parity	exact_invalid_input_variant	stage	-a	<empty>	unknown short switch	clean repository	local	all	behavior matrix	tools/git-stage-schema-oracle-smoke.sh::stage_invalid_short_a	real_tool_trace	docs/cli/matrices/stage_v2_47.tsv:82	safe to skip unless parser/error behavior changes	rejects unknown short a switch with stock exit 129, empty stdout, exact usage stderr and unchanged status/index
matrix:2f8784de6de747a1	invalid-input parity	exact_invalid_input_variant	stage	-1	<empty>	unknown short switch	clean repository	local	all	behavior matrix	tools/git-stage-schema-oracle-smoke.sh::stage_invalid_short_one	real_tool_trace	docs/cli/matrices/stage_v2_47.tsv:83	safe to skip unless parser/error behavior changes	rejects unknown short 1 switch with stock exit 129, empty stdout, exact usage stderr and unchanged status/index
matrix:97a8917afd39fcc9	invalid-input parity	exact_invalid_input_variant	stage	-2	<empty>	unknown short switch	clean repository	local	all	behavior matrix	tools/git-stage-schema-oracle-smoke.sh::stage_invalid_short_two	real_tool_trace	docs/cli/matrices/stage_v2_47.tsv:84	safe to skip unless parser/error behavior changes	rejects unknown short 2 switch with stock exit 129, empty stdout, exact usage stderr and unchanged status/index
matrix:954ba40dcbc62abb	invalid-input parity	exact_invalid_input_variant	stage	--chmod	bad	invalid chmod value	tracked regular file	local	all	behavior matrix	tools/git-stage-schema-oracle-smoke.sh::stage_invalid_chmod_value	real_tool_trace	docs/cli/matrices/stage_v2_47.tsv:85	safe to skip unless parser/error behavior changes	rejects invalid chmod value with stock exit 128, empty stdout, exact fatal stderr and unchanged status/index
matrix:10118c1f7a855be7	invalid-input parity	exact_invalid_input_variant	stash	push --staged	<enabled>	-u	staged tracked changes	local	all	behavior matrix	git_stash_compat::stash_push_staged_matches_stock_git	stock_git_oracle_test	docs/cli/matrices/stash_v2_47.tsv:131	safe to skip unless parser/error behavior changes	stock Git rejects combining --staged with include-untracked and Zmin matches the failure status
matrix:39c979cd8834f1ed	invalid-input parity	exact_invalid_input_variant	stash	push --staged	<enabled>	-a	staged tracked changes	local	all	behavior matrix	git_stash_compat::stash_push_staged_matches_stock_git	stock_git_oracle_test	docs/cli/matrices/stash_v2_47.tsv:132	safe to skip unless parser/error behavior changes	stock Git rejects combining --staged with all and Zmin matches the failure status
matrix:06e0f164f79f4bd2	invalid-input parity	exact_invalid_input_variant	stash	apply	stash@{0} stash@{1}	too many stash references	stash stack with two entries and dirty worktree	local	all	behavior matrix	git_stash_compat::stash_apply_pop_branch_reject_too_many_refs_like_stock_git	stock_git_oracle_test	docs/cli/matrices/stash_v2_47.tsv:151	safe to skip unless parser/error behavior changes	rejects extra stash references for apply and leaves the dirty worktree unchanged like stock Git
matrix:d776b23b57229d9b	invalid-input parity	exact_invalid_input_variant	stash	pop	stash@{0} stash@{1}	too many stash references	stash stack with two entries and dirty worktree	local	all	behavior matrix	git_stash_compat::stash_apply_pop_branch_reject_too_many_refs_like_stock_git	stock_git_oracle_test	docs/cli/matrices/stash_v2_47.tsv:152	safe to skip unless parser/error behavior changes	rejects extra stash references for pop and leaves the dirty worktree unchanged like stock Git
matrix:ab7b4e4fbe3cc969	invalid-input parity	exact_invalid_input_variant	stash	show	stash@{0} stash@{1}	too many stash references	stash stack with two entries and dirty worktree	local	all	behavior matrix	git_stash_compat::stash_apply_pop_branch_reject_too_many_refs_like_stock_git	stock_git_oracle_test	docs/cli/matrices/stash_v2_47.tsv:153	safe to skip unless parser/error behavior changes	rejects extra stash references for show and leaves the dirty worktree unchanged like stock Git
matrix:6b54aeee6f6f2c8e	invalid-input parity	exact_invalid_input_variant	stash	branch	stash-branch stash@{0} stash@{1}	too many stash references	stash stack with two entries and dirty worktree	local	all	behavior matrix	git_stash_compat::stash_apply_pop_branch_reject_too_many_refs_like_stock_git	stock_git_oracle_test	docs/cli/matrices/stash_v2_47.tsv:154	safe to skip unless parser/error behavior changes	rejects extra stash references for branch and leaves the dirty worktree unchanged like stock Git
matrix:8c02a3360a29d6d7	invalid-input parity	exact_invalid_input_variant	stash	store	HEAD	non-stash commit	committed repository	local	all	behavior matrix	git_stash_compat::stash_create_and_store_match_stock_git_stack_behavior	stock_git_oracle_test	docs/cli/matrices/stash_v2_47.tsv:162	safe to skip unless parser/error behavior changes	rejects non-stash commits passed to stash store like stock Git
matrix:9dea9596e8a0bcf0	invalid-input parity	exact_invalid_input_variant	stash	store	<missing>	no stash commit argument	dirty tracked worktree with raw stash commit	local	all	behavior matrix	git_stash_compat::stash_store_negative_arguments_match_stock_git	stock_git_oracle_test	docs/cli/matrices/stash_v2_47.tsv:168	safe to skip unless parser/error behavior changes	rejects missing stash commit argument like stock Git
matrix:0c608945a2555798	invalid-input parity	exact_invalid_input_variant	stash	store --message	msg	no stash commit argument	dirty tracked worktree with raw stash commit	local	all	behavior matrix	git_stash_compat::stash_store_negative_arguments_match_stock_git	stock_git_oracle_test	docs/cli/matrices/stash_v2_47.tsv:169	safe to skip unless parser/error behavior changes	rejects message-only stash store without a commit argument like stock Git
matrix:71c40dae4d523861	invalid-input parity	exact_invalid_input_variant	stash	store option	--bad	raw stash create commit	dirty tracked worktree with raw stash commit	local	all	behavior matrix	git_stash_compat::stash_store_negative_arguments_match_stock_git	stock_git_oracle_test	docs/cli/matrices/stash_v2_47.tsv:170	safe to skip unless parser/error behavior changes	rejects unknown stash store options like stock Git
matrix:6cee3bdd254e442f	invalid-input parity	exact_invalid_input_variant	stash	store	<stash-create-oid> extra	repeated commit arguments	dirty tracked worktree with raw stash commit	local	all	behavior matrix	git_stash_compat::stash_store_negative_arguments_match_stock_git	stock_git_oracle_test	docs/cli/matrices/stash_v2_47.tsv:171	safe to skip unless parser/error behavior changes	rejects extra stash store operands like stock Git
matrix:4a24697a751a0f2f	invalid-input parity	exact_invalid_input_variant	stash	store	deadbeef	invalid revision	dirty tracked worktree with raw stash commit	local	all	behavior matrix	git_stash_compat::stash_store_negative_arguments_match_stock_git	stock_git_oracle_test	docs/cli/matrices/stash_v2_47.tsv:172	safe to skip unless parser/error behavior changes	rejects invalid stash store revisions like stock Git
matrix:7389e724b1086ff6	invalid-input parity	exact_invalid_input_variant	stash	--format	invalid forced %C color atom	list subcommand	stash stack with one entry	local	all	behavior matrix	git_stash_compat::stash_list_invalid_forced_color_format_atom_matches_stock_git	stock_git_oracle_test	docs/cli/matrices/stash_v2_47.tsv:177	safe to skip unless parser/error behavior changes	invalid forced color atoms such as %C(always,bad) exit 1 with stock invalid color diagnostics
matrix:17a8ce80d3c83e51	invalid-input parity	exact_invalid_input_variant	stash	apply option	--bad	invalid option	local repository	local	all	behavior matrix	git_stash_compat::stash_reference_unknown_options_match_stock_git_usage	stock_git_oracle_test	docs/cli/matrices/stash_v2_47.tsv:196	safe to skip unless parser/error behavior changes	unknown apply option exits 129 with stock usage text instead of a fatal unsupported-option diagnostic
matrix:2bea5c9b763afece	invalid-input parity	exact_invalid_input_variant	stash	drop option	--bad	invalid option	local repository	local	all	behavior matrix	git_stash_compat::stash_reference_unknown_options_match_stock_git_usage	stock_git_oracle_test	docs/cli/matrices/stash_v2_47.tsv:197	safe to skip unless parser/error behavior changes	unknown drop option exits 129 with stock usage text instead of a fatal unsupported-option diagnostic
matrix:a536ce723ff663ed	invalid-input parity	exact_invalid_input_variant	stash	pop option	--bad	invalid option	local repository	local	all	behavior matrix	git_stash_compat::stash_reference_unknown_options_match_stock_git_usage	stock_git_oracle_test	docs/cli/matrices/stash_v2_47.tsv:198	safe to skip unless parser/error behavior changes	unknown pop option exits 129 with stock usage text instead of a fatal unsupported-option diagnostic
matrix:fb63cb4e67ddab3e	invalid-input parity	exact_invalid_input_variant	stash	implicit push	<intent-to-add entry>	intent-to-add index entry	repository with intent-to-add path and no real staged content	local	all	behavior matrix	git_stash_compat::stash_rejects_intent_to_add_entries_like_stock_git	stock_git_oracle_test	docs/cli/matrices/stash_v2_47.tsv:206	safe to skip unless parser/error behavior changes	rejects intent-to-add index entries with stock exit status and diagnostics
matrix:549940bbdf18b65d	invalid-input parity	exact_invalid_input_variant	status	--untracked-files	bogus	invalid mode value	clean repository	local	all	behavior matrix	git_status_compat::status_invalid_untracked_files_mode_matches_stock_git	stock_git_oracle_test	docs/cli/matrices/status_v2_47.tsv:37	safe to skip unless parser/error behavior changes	unsupported untracked-files mode guard is classified as stock-compatible invalid input with exit code and fatal diagnostic parity
matrix:844dcd2459abce50	invalid-input parity	exact_invalid_input_variant	status	--ignored	bogus	invalid mode value	clean repository	local	all	behavior matrix	git_status_compat::status_invalid_ignored_mode_matches_stock_git	stock_git_oracle_test	docs/cli/matrices/status_v2_47.tsv:44	safe to skip unless parser/error behavior changes	unsupported ignored mode guard is classified as stock-compatible invalid input with exit code and fatal diagnostic parity
matrix:cade2beb7c1f6bf5	invalid-input parity	exact_invalid_input_variant	status	--ignore-submodules	bogus	invalid mode value	clean repository	local	all	behavior matrix	git_status_compat::status_invalid_ignore_submodules_mode_matches_stock_git	stock_git_oracle_test	docs/cli/matrices/status_v2_47.tsv:142	safe to skip unless parser/error behavior changes	unsupported ignore-submodules mode guard is classified as stock-compatible invalid input with exit code and fatal diagnostic parity
matrix:66d96ea10955a9fd	invalid-input parity	exact_invalid_input_variant	status	<none>	<empty>	invalid extensions.objectFormat config	repositoryFormatVersion=1 with objectFormat=bogus	local	all	behavior matrix	git_status_compat::status_invalid_object_format_config_matches_stock_git	stock_git_oracle_test	docs/cli/matrices/status_v2_47.tsv:143	safe to skip unless parser/error behavior changes	unsupported object format guard is classified as stock-compatible invalid repository config with exit code and diagnostic parity
matrix:5fb84b615023b07e	invalid-input parity	exact_invalid_input_variant	status	--column	bogus	invalid mode value	clean repository	local	all	behavior matrix	git_status_compat::status_invalid_column_mode_matches_stock_git	stock_git_oracle_test	docs/cli/matrices/status_v2_47.tsv:155	safe to skip unless parser/error behavior changes	unsupported column mode guard is classified as stock-compatible invalid input with exit code and error diagnostic parity
matrix:74e0962a3d10c8c4	invalid-input parity	exact_invalid_input_variant	status	--untracked-cache	<empty>	<none>	any	local	all	behavior matrix	git_status_compat::status_cache_index_toggles_are_not_stock_git_options	stock_git_oracle_test	docs/cli/matrices/status_v2_47.tsv:165	safe to skip unless parser/error behavior changes	stock Git 2.47 rejects this status option; use update-index for untracked cache
matrix:872cca8a5b1a1bea	invalid-input parity	exact_invalid_input_variant	status	--no-untracked-cache	<empty>	<none>	any	local	all	behavior matrix	git_status_compat::status_cache_index_toggles_are_not_stock_git_options	stock_git_oracle_test	docs/cli/matrices/status_v2_47.tsv:166	safe to skip unless parser/error behavior changes	stock Git 2.47 rejects this status option; use update-index for untracked cache
matrix:fd7de4eecc1645fa	invalid-input parity	exact_invalid_input_variant	status	--split-index	<empty>	<none>	any	local	all	behavior matrix	git_status_compat::status_cache_index_toggles_are_not_stock_git_options	stock_git_oracle_test	docs/cli/matrices/status_v2_47.tsv:167	safe to skip unless parser/error behavior changes	stock Git 2.47 rejects this status option; use update-index for split index
matrix:26bbbdf815096502	invalid-input parity	exact_invalid_input_variant	status	--no-split-index	<empty>	<none>	any	local	all	behavior matrix	git_status_compat::status_cache_index_toggles_are_not_stock_git_options	stock_git_oracle_test	docs/cli/matrices/status_v2_47.tsv:168	safe to skip unless parser/error behavior changes	stock Git 2.47 rejects this status option; use update-index for split index
matrix:c3368418c8d87c39	invalid-input parity	exact_invalid_input_variant	status	--porcelain	v3	invalid version value	clean repository	local	all	behavior matrix	git_status_compat::status_invalid_porcelain_version_matches_stock_git	stock_git_oracle_test	docs/cli/matrices/status_v2_47.tsv:169	safe to skip unless parser/error behavior changes	unsupported porcelain version guard is classified as stock-compatible invalid input with exit code and fatal diagnostic parity
matrix:72d049e7888fe066	invalid-input parity	exact_invalid_input_variant	status	-1	<empty>	unknown short switch	clean repository	local	all	behavior matrix	tools/git-status-schema-oracle-smoke.sh::status_invalid_short_one	real_tool_trace	docs/cli/matrices/status_v2_47.tsv:170	safe to skip unless parser/error behavior changes	rejects unknown short 1 switch with stock exit 129, empty stdout, exact usage stderr and unchanged status/index
matrix:5eaa5e7b20b28c50	invalid-input parity	exact_invalid_input_variant	status	--merge	<empty>	unknown option	clean repository	local	all	behavior matrix	tools/git-status-schema-oracle-smoke.sh::status_invalid_merge	real_tool_trace	docs/cli/matrices/status_v2_47.tsv:171	safe to skip unless parser/error behavior changes	rejects unknown merge option with stock exit 129, empty stdout, exact usage stderr and unchanged status/index
matrix:3663e9a8d9981cf8	invalid-input parity	exact_invalid_input_variant	status	--summary-limit	1	unknown option	clean repository	local	all	behavior matrix	tools/git-status-schema-oracle-smoke.sh::status_invalid_summary_limit	real_tool_trace	docs/cli/matrices/status_v2_47.tsv:172	safe to skip unless parser/error behavior changes	rejects unknown summary-limit option with stock exit 129, empty stdout, exact usage stderr and unchanged status/index
matrix:4c0ced771fe3c5e7	invalid-input parity	exact_invalid_input_variant	stripspace	-s	true	stdin text with comment lines	no repository required	local	all	behavior matrix	tools/git-stripspace-schema-oracle-smoke.sh::stripspace_strip_comments_short_rejects_value	real_tool_trace	docs/cli/matrices/stripspace_v2_47.tsv:51	safe to skip unless parser/error behavior changes	stock Git rejects short strip-comments value with exit 129 and matching stderr
matrix:4805b4514eb03462	invalid-input parity	exact_invalid_input_variant	stripspace	-c	true	stdin text with comment lines	no repository required	local	all	behavior matrix	tools/git-stripspace-schema-oracle-smoke.sh::stripspace_comment_lines_short_rejects_value	real_tool_trace	docs/cli/matrices/stripspace_v2_47.tsv:52	safe to skip unless parser/error behavior changes	stock Git rejects short comment-lines value with exit 129 and matching stderr
matrix:40dedacdefdc2d03	invalid-input parity	exact_invalid_input_variant	stripspace	--strip-comments	true	stdin text with comment lines	no repository required	local	all	behavior matrix	tools/git-stripspace-schema-oracle-smoke.sh::stripspace_strip_comments_long_rejects_value	real_tool_trace	docs/cli/matrices/stripspace_v2_47.tsv:53	safe to skip unless parser/error behavior changes	stock Git rejects strip-comments value with exit 129 and matching stderr
matrix:786145b72a3b0c0d	invalid-input parity	exact_invalid_input_variant	stripspace	--comment-lines	true	stdin text with comment lines	no repository required	local	all	behavior matrix	tools/git-stripspace-schema-oracle-smoke.sh::stripspace_comment_lines_long_rejects_value	real_tool_trace	docs/cli/matrices/stripspace_v2_47.tsv:54	safe to skip unless parser/error behavior changes	stock Git rejects comment-lines value with exit 129 and matching stderr
matrix:087a1ce88c1c7ef4	invalid-input parity	exact_invalid_input_variant	stripspace	--whitespace	<empty>	stdin text with comment lines	no repository required	local	all	behavior matrix	tools/git-stripspace-schema-oracle-smoke.sh::stripspace_whitespace_rejected	real_tool_trace	docs/cli/matrices/stripspace_v2_47.tsv:55	safe to skip unless parser/error behavior changes	stock Git rejects undocumented whitespace option with exit 129 and matching stderr
matrix:93474f558ae8e9e8	invalid-input parity	exact_invalid_input_variant	stripspace	-s	<empty>	--comment-lines stdin text with comment lines	no repository required	local	all	behavior matrix	tools/git-stripspace-schema-oracle-smoke.sh::stripspace_short_then_long_conflict	real_tool_trace	docs/cli/matrices/stripspace_v2_47.tsv:56	safe to skip unless parser/error behavior changes	stock Git rejects mixed strip-comments/comment-lines mode with ordered conflict diagnostics
matrix:0c3ad813a5665011	invalid-input parity	exact_invalid_input_variant	stripspace	--comment-lines	<empty>	-s stdin text with comment lines	no repository required	local	all	behavior matrix	tools/git-stripspace-schema-oracle-smoke.sh::stripspace_long_then_short_conflict	real_tool_trace	docs/cli/matrices/stripspace_v2_47.tsv:57	safe to skip unless parser/error behavior changes	stock Git rejects reversed mixed mode with ordered conflict diagnostics
matrix:8175d867c90c8acd	invalid-input parity	exact_invalid_input_variant	stripspace	-c	<empty>	--strip-comments stdin text with comment lines	no repository required	local	all	behavior matrix	tools/git-stripspace-schema-oracle-smoke.sh::stripspace_comment_then_strip_conflict	real_tool_trace	docs/cli/matrices/stripspace_v2_47.tsv:58	safe to skip unless parser/error behavior changes	stock Git rejects short comment-lines plus long strip-comments with ordered conflict diagnostics
matrix:42d61ca5c64e9f33	invalid-input parity	exact_invalid_input_variant	stripspace	--strip-comments	<empty>	-c stdin text with comment lines	no repository required	local	all	behavior matrix	tools/git-stripspace-schema-oracle-smoke.sh::stripspace_strip_then_comment_conflict	real_tool_trace	docs/cli/matrices/stripspace_v2_47.tsv:59	safe to skip unless parser/error behavior changes	stock Git rejects long strip-comments plus short comment-lines with ordered conflict diagnostics
matrix:7cfef27fd6b00836	invalid-input parity	exact_invalid_input_variant	stripspace	-s	<empty>	-c stdin text with comment lines	no repository required	local	all	behavior matrix	tools/git-stripspace-schema-oracle-smoke.sh::stripspace_short_strip_then_comment_conflict	real_tool_trace	docs/cli/matrices/stripspace_v2_47.tsv:60	safe to skip unless parser/error behavior changes	stock Git rejects short mixed modes with later option first in diagnostics
matrix:8ed3637908230072	invalid-input parity	exact_invalid_input_variant	stripspace	-c	<empty>	-s stdin text with comment lines	no repository required	local	all	behavior matrix	tools/git-stripspace-schema-oracle-smoke.sh::stripspace_short_comment_then_strip_conflict	real_tool_trace	docs/cli/matrices/stripspace_v2_47.tsv:61	safe to skip unless parser/error behavior changes	stock Git rejects reversed short mixed modes with later option first in diagnostics
matrix:887085cfc7e7b8ea	invalid-input parity	exact_invalid_input_variant	submodule	add option	--bad	invalid option	local repository	local	all	behavior matrix	git_submodule_invalid_compat::submodule_subcommand_unknown_options_match_stock_git_usage	stock_git_oracle_test	docs/cli/matrices/submodule_v2_47.tsv:2	safe to skip unless parser/error behavior changes	unknown submodule add option prints stock usage with exit 1 instead of a custom unsupported-option fatal diagnostic
matrix:2698efdb5652d08e	invalid-input parity	exact_invalid_input_variant	submodule	update option	--bad	invalid option	local repository	local	all	behavior matrix	git_submodule_invalid_compat::submodule_subcommand_unknown_options_match_stock_git_usage	stock_git_oracle_test	docs/cli/matrices/submodule_v2_47.tsv:3	safe to skip unless parser/error behavior changes	unknown submodule update option prints stock usage with exit 1 instead of a custom unsupported-option fatal diagnostic
matrix:9506188fe74c1414	invalid-input parity	exact_invalid_input_variant	submodule	deinit option	--bad	invalid option	local repository	local	all	behavior matrix	git_submodule_invalid_compat::submodule_subcommand_unknown_options_match_stock_git_usage	stock_git_oracle_test	docs/cli/matrices/submodule_v2_47.tsv:4	safe to skip unless parser/error behavior changes	unknown submodule deinit option prints stock usage with exit 1 instead of a custom unsupported-option fatal diagnostic
matrix:0bd095539849a1c3	invalid-input parity	exact_invalid_input_variant	submodule	set-branch option	--bad	invalid option	local repository	local	all	behavior matrix	git_submodule_invalid_compat::submodule_subcommand_unknown_options_match_stock_git_usage	stock_git_oracle_test	docs/cli/matrices/submodule_v2_47.tsv:5	safe to skip unless parser/error behavior changes	unknown submodule set-branch option prints stock usage with exit 1 instead of a custom unsupported-option fatal diagnostic
matrix:7e8e5d141aafbb43	invalid-input parity	exact_invalid_input_variant	submodule	summary option	--bad	invalid option	local repository	local	all	behavior matrix	git_submodule_invalid_compat::submodule_subcommand_unknown_options_match_stock_git_usage	stock_git_oracle_test	docs/cli/matrices/submodule_v2_47.tsv:6	safe to skip unless parser/error behavior changes	unknown submodule summary option prints stock usage with exit 1 instead of a custom unsupported-option fatal diagnostic
matrix:0d46c021a883a687	invalid-input parity	exact_invalid_input_variant	submodule	status option	--bad	invalid option	local repository	local	all	behavior matrix	git_submodule_invalid_compat::submodule_subcommand_unknown_options_match_stock_git_usage	stock_git_oracle_test	docs/cli/matrices/submodule_v2_47.tsv:7	safe to skip unless parser/error behavior changes	unknown submodule status option prints stock usage with exit 1 instead of a custom unsupported-option fatal diagnostic
matrix:ff3406d1a8f337b6	invalid-input parity	exact_invalid_input_variant	submodule	subcommand	bogus	unknown subcommand	local repository	local	all	behavior matrix	git_submodule_invalid_compat::submodule_unknown_subcommand_matches_stock_git_usage	stock_git_oracle_test	docs/cli/matrices/submodule_v2_47.tsv:8	safe to skip unless parser/error behavior changes	unknown top-level submodule subcommand prints stock usage with exit 1 instead of a custom unsupported-subcommand fatal diagnostic
matrix:0378da5b3db37d85	invalid-input parity	exact_invalid_input_variant	switch	--track	feature	existing branch target without create	two-commit repository with feature branch	local	all	behavior matrix	git_worktree_state_compat::switch_track_flags_require_branch_creation_like_stock_git	stock_git_oracle_test	docs/cli/matrices/switch_v2_47.tsv:10	safe to skip unless parser/error behavior changes	long track flag rejects switching to an existing local branch without branch creation, matching stock exit, stderr and unchanged branch state
matrix:a9b591702d01960c	invalid-input parity	exact_invalid_input_variant	switch	--no-track	feature	existing branch target without create	two-commit repository with feature branch	local	all	behavior matrix	git_worktree_state_compat::switch_track_flags_require_branch_creation_like_stock_git	stock_git_oracle_test	docs/cli/matrices/switch_v2_47.tsv:11	safe to skip unless parser/error behavior changes	no-track rejects switching to an existing local branch without branch creation, matching stock exit, stderr and unchanged branch state
matrix:297be807b21ea6dc	invalid-input parity	exact_invalid_input_variant	switch	-t	feature	existing branch target without create	two-commit repository with feature branch	local	all	behavior matrix	git_worktree_state_compat::switch_track_flags_require_branch_creation_like_stock_git	stock_git_oracle_test	docs/cli/matrices/switch_v2_47.tsv:12	safe to skip unless parser/error behavior changes	short track alias rejects switching to an existing local branch without branch creation, matching stock exit, stderr and unchanged branch state
matrix:2943191352ae39fd	invalid-input parity	exact_invalid_input_variant	symbolic-ref	<none>	HEAD refs/heads/new extra	write mode with extra operand	attached HEAD	local	all	behavior matrix	git_cli_failure_compat::invalid_option_combinations_match_stock_git_failures	stock_git_oracle_test	docs/cli/matrices/symbolic_ref_v2_47.tsv:16	safe to skip unless parser/error behavior changes	extra operand usage failure shape matches stock Git
matrix:c696ae19c6053324	invalid-input parity	exact_invalid_input_variant	symbolic-ref	--delete	refs/heads/missing	-q	missing symbolic ref	local	all	behavior matrix	git_refs_compat::symbolic_ref_delete_recurse_and_message_modes_match_stock_git	stock_git_oracle_test	docs/cli/matrices/symbolic_ref_v2_47.tsv:17	safe to skip unless parser/error behavior changes	missing symbolic ref delete still fails with stock-matching fatal output even with quiet
matrix:765f3ad859eb6f00	invalid-input parity	exact_invalid_input_variant	tag	--contains	missing	<none>	missing revision	local	all	behavior matrix	git_refs_compat::tag_contains_merged_and_no_merged_match_stock_git	stock_git_oracle_test	docs/cli/matrices/tag_v2_47.tsv:48	safe to skip unless parser/error behavior changes	missing contains revision failure matches stock Git primary diagnostic
matrix:5679e73c135d5f45	invalid-input parity	exact_invalid_input_variant	tag	--no-contains	missing	<none>	missing revision	local	all	behavior matrix	git_refs_compat::tag_contains_merged_and_no_merged_match_stock_git	stock_git_oracle_test	docs/cli/matrices/tag_v2_47.tsv:49	safe to skip unless parser/error behavior changes	missing no-contains revision failure matches stock Git primary diagnostic
matrix:3eaf022dd003147b	invalid-input parity	exact_invalid_input_variant	tag	--merged	missing	<none>	missing revision	local	all	behavior matrix	git_refs_compat::tag_contains_merged_and_no_merged_match_stock_git	stock_git_oracle_test	docs/cli/matrices/tag_v2_47.tsv:50	safe to skip unless parser/error behavior changes	missing merged revision failure matches stock Git primary diagnostic
matrix:357c4682fc5d8a45	invalid-input parity	exact_invalid_input_variant	tag	--no-merged	missing	<none>	missing revision	local	all	behavior matrix	git_refs_compat::tag_contains_merged_and_no_merged_match_stock_git	stock_git_oracle_test	docs/cli/matrices/tag_v2_47.tsv:51	safe to skip unless parser/error behavior changes	missing no-merged revision failure matches stock Git primary diagnostic
matrix:84c743bbc2c5ef41	invalid-input parity	exact_invalid_input_variant	tag	--sort	nope	<none>	invalid sort key	local	all	behavior matrix	git_refs_compat::tag_contains_merged_and_no_merged_match_stock_git	stock_git_oracle_test	docs/cli/matrices/tag_v2_47.tsv:52	safe to skip unless parser/error behavior changes	invalid sort key failure matches stock Git primary diagnostic
matrix:c97c590c9d4a5b76	invalid-input parity	exact_invalid_input_variant	tag	--format	%(nope)	<none>	invalid format atom	local	all	behavior matrix	git_refs_compat::tag_contains_merged_and_no_merged_match_stock_git	stock_git_oracle_test	docs/cli/matrices/tag_v2_47.tsv:53	safe to skip unless parser/error behavior changes	invalid format atom failure matches stock Git primary diagnostic
matrix:882e46943b8b142b	invalid-input parity	exact_invalid_input_variant	tag	<name>	bad..name	<none>	invalid tag name	local	all	behavior matrix	git_cli_failure_compat::invalid_option_combinations_match_stock_git_failures	stock_git_oracle_test	docs/cli/matrices/tag_v2_47.tsv:55	safe to skip unless parser/error behavior changes	invalid tag name failure shape matches stock Git
matrix:c5575adeab8d3609	invalid-input parity	exact_invalid_input_variant	tag	-d	missing	<none>	missing tag	local	all	behavior matrix	git_cli_failure_compat::invalid_option_combinations_match_stock_git_failures	stock_git_oracle_test	docs/cli/matrices/tag_v2_47.tsv:56	safe to skip unless parser/error behavior changes	delete missing tag failure shape matches stock Git
matrix:79f241988305d776	invalid-input parity	exact_invalid_input_variant	tag	-m	msg	<missing tag name>	missing tag name	local	all	behavior matrix	git_cli_failure_compat::invalid_option_combinations_match_stock_git_failures	stock_git_oracle_test	docs/cli/matrices/tag_v2_47.tsv:57	safe to skip unless parser/error behavior changes	message without tag name failure shape matches stock Git
matrix:e778ce3f7327de98	invalid-input parity	exact_invalid_input_variant	tag	-v	missing	<none>	missing tag	local	all	behavior matrix	git_cli_failure_compat::invalid_option_combinations_match_stock_git_failures	stock_git_oracle_test	docs/cli/matrices/tag_v2_47.tsv:58	safe to skip unless parser/error behavior changes	verify missing tag failure shape matches stock Git
matrix:75eae36a8d816416	invalid-input parity	exact_invalid_input_variant	unpack-file	<none>	<commit>	<empty>	local repository with commit	local	all	behavior matrix	git_object_plumbing_compat::unpack_file_matches_stock_git_blob_behavior	stock_git_oracle_test	docs/cli/matrices/unpack_file_v2_47.tsv:4	safe to skip unless parser/error behavior changes	commit object input exits with stock-compatible failure status
matrix:b8b9029b75bd4ba6	invalid-input parity	exact_invalid_input_variant	unpack-file	<none>	deadbeef	<empty>	local repository	local	all	behavior matrix	git_object_plumbing_compat::unpack_file_matches_stock_git_blob_behavior	stock_git_oracle_test	docs/cli/matrices/unpack_file_v2_47.tsv:5	safe to skip unless parser/error behavior changes	missing object input exits with stock-compatible failure status
matrix:e7f0b4c819745ef0	invalid-input parity	exact_invalid_input_variant	unpack-objects	--max-input-size	1	-q stdin pack from git pack-objects	empty repository	local	all	behavior matrix	git_pack_integrity_compat::unpack_objects_documented_option_combinations_match_stock_git	stock_git_oracle_test	docs/cli/matrices/unpack_objects_v2_47.tsv:20	safe to skip unless parser/error behavior changes	too-small max-input-size fails with stock-Git fatal stderr and leaves the repository object store untouched
matrix:3790cdba27bdc75d	invalid-input parity	exact_invalid_input_variant	unpack-objects	--max-input-size	1500 then 1	repeated equals-form -q stdin pack from git pack-objects	empty repository	local	all	behavior matrix	git_pack_integrity_compat::unpack_objects_documented_option_combinations_match_stock_git	stock_git_oracle_test	docs/cli/matrices/unpack_objects_v2_47.tsv:21	safe to skip unless parser/error behavior changes	repeated max-input-size uses the last equals-form value and fails with stock-Git fatal stderr when the final limit is too small
matrix:23dc2f9f87293f78	invalid-input parity	exact_invalid_input_variant	unpack-objects	--max-input-size	1m	-q stdin pack from git pack-objects	empty repository	local	all	behavior matrix	git_pack_integrity_compat::unpack_objects_documented_option_combinations_match_stock_git	stock_git_oracle_test	docs/cli/matrices/unpack_objects_v2_47.tsv:22	safe to skip unless parser/error behavior changes	max-input-size parses only the leading decimal prefix in stock Git, so 1m behaves like a one-byte limit and fails with matching fatal stderr
matrix:59377ae62bf28d8e	invalid-input parity	exact_invalid_input_variant	update-index	--stdin	<empty>	repeated --stdin	local repository with tracked file	local	all	behavior matrix	tools/git-update-index-schema-oracle-smoke.sh::update_index_stdin_repeated	real_tool_trace	docs/cli/matrices/update_index_v2_47.tsv:23	safe to skip unless parser/error behavior changes	repeated stdin flag exits 129 with stock stderr and leaves index/status unchanged
matrix:0dc4f8976cac27a0	invalid-input parity	exact_invalid_input_variant	update-index	--cacheinfo	bogus	invalid cacheinfo value	local repository with tracked file	local	all	behavior matrix	tools/git-update-index-schema-oracle-smoke.sh::update_index_cacheinfo_invalid_value	real_tool_trace	docs/cli/matrices/update_index_v2_47.tsv:27	safe to skip unless parser/error behavior changes	malformed cacheinfo value exits 129 with stock stderr and leaves index/status unchanged
matrix:005d2283dc28c0e8	invalid-input parity	exact_invalid_input_variant	update-index	--cacheinfo	100644	missing split cacheinfo operands	local repository with tracked file	local	all	behavior matrix	tools/git-update-index-schema-oracle-smoke.sh::update_index_cacheinfo_split_missing	real_tool_trace	docs/cli/matrices/update_index_v2_47.tsv:28	safe to skip unless parser/error behavior changes	missing split cacheinfo operands exit 129 with stock stderr and leave index/status unchanged
matrix:77da9c53a190bd09	invalid-input parity	exact_invalid_input_variant	update-index	--chmod	bogus	invalid chmod value	local repository with tracked regular file	local	all	behavior matrix	tools/git-update-index-schema-oracle-smoke.sh::update_index_chmod_invalid_value	real_tool_trace	docs/cli/matrices/update_index_v2_47.tsv:34	safe to skip unless parser/error behavior changes	invalid chmod value exits 129 with stock stderr and leaves index/status unchanged
matrix:95aa8f3c1d216b0a	invalid-input parity	exact_invalid_input_variant	update-index	--index-info	<empty>	repeated --index-info	local repository with tracked file	local	all	behavior matrix	tools/git-update-index-schema-oracle-smoke.sh::update_index_index_info_repeated	real_tool_trace	docs/cli/matrices/update_index_v2_47.tsv:38	safe to skip unless parser/error behavior changes	repeated index-info flag exits 129 with stock stderr and leaves index/status unchanged
matrix:250f81079819b9b5	invalid-input parity	exact_invalid_input_variant	update-index	--index-info	bad	malformed stdin index-info	local repository with tracked file	local	all	behavior matrix	tools/git-update-index-schema-oracle-smoke.sh::update_index_index_info_malformed	real_tool_trace	docs/cli/matrices/update_index_v2_47.tsv:39	safe to skip unless parser/error behavior changes	malformed index-info stdin exits 128 with stock stderr and leaves index/status unchanged
matrix:0dce66060eb42e04	invalid-input parity	exact_invalid_input_variant	update-index	--cacheinfo	100644,<blob>,path5/a/file	directory/file conflict below existing file	local repository whose index already contains `path5/a` as a file	local	all	behavior matrix	git_index_mutation_compat::update_index_cacheinfo_rejects_directory_file_conflicts_like_stock_git	stock_git_oracle_test	docs/cli/matrices/update_index_v2_47.tsv:43	safe to skip unless parser/error behavior changes	rejects a child path below an indexed file and leaves the index matching stock Git
matrix:c01061157b53fe4d	invalid-input parity	exact_invalid_input_variant	update-index	--index-version	5	invalid version value	local repository with tracked file	local	all	behavior matrix	git_index_mutation_compat::update_index_reporting_and_info_only_match_stock_git	stock_git_oracle_test	docs/cli/matrices/update_index_v2_47.tsv:56	safe to skip unless parser/error behavior changes	out-of-range index-version value exits with stock fatal output and leaves the index unchanged
matrix:a7a33d507ec45b22	invalid-input parity	exact_invalid_input_variant	update-server-info	--no-force	true	--force after invalid value	bare repository with packed objects and refs	local	all	behavior matrix	tools/git-update-server-info-schema-oracle-smoke.sh::update_server_info_no_force_value_then_force	real_tool_trace	docs/cli/matrices/update_server_info_v2_47.tsv:18	safe to skip unless parser/error behavior changes	invalid no-force value still aborts before later force like stock Git
matrix:6511b46e0f633580	invalid-input parity	exact_invalid_input_variant	update-server-info	--force	true	after repack	bare repository with packed objects and refs	local	all	behavior matrix	tools/git-update-server-info-schema-oracle-smoke.sh::update_server_info_force_long_rejects_value	real_tool_trace	docs/cli/matrices/update_server_info_v2_47.tsv:19	safe to skip unless parser/error behavior changes	stock Git rejects long force value with exit 129 and matching stderr
matrix:5bc492cd7fea636d	invalid-input parity	exact_invalid_input_variant	update-server-info	-f	true	after repack	bare repository with packed objects and refs	local	all	behavior matrix	tools/git-update-server-info-schema-oracle-smoke.sh::update_server_info_force_short_rejects_value	real_tool_trace	docs/cli/matrices/update_server_info_v2_47.tsv:20	safe to skip unless parser/error behavior changes	stock Git rejects short force value with exit 129 and matching stderr
matrix:0087b33cf564c379	invalid-input parity	exact_invalid_input_variant	update-server-info	--no-force	true	after repack	bare repository with packed objects and refs	local	all	behavior matrix	tools/git-update-server-info-schema-oracle-smoke.sh::update_server_info_no_force_rejects_value	real_tool_trace	docs/cli/matrices/update_server_info_v2_47.tsv:21	safe to skip unless parser/error behavior changes	stock Git rejects no-force value with exit 129 and matching stderr
matrix:18e41e6a87b5d6e2	invalid-input parity	exact_invalid_input_variant	var	-l	<empty>	repeated list option	local repository	local	all	behavior matrix	tools/git-var-schema-oracle-smoke.sh::var_list_repeated	real_tool_trace	docs/cli/matrices/var_v2_47.tsv:7	safe to skip unless parser/error behavior changes	repeated list option exits with stock usage
matrix:6df4eb06e716dc30	invalid-input parity	exact_invalid_input_variant	var	-l	<empty>	compact repeated list option	local repository	local	all	behavior matrix	tools/git-var-schema-oracle-smoke.sh::var_list_compact_repeated	real_tool_trace	docs/cli/matrices/var_v2_47.tsv:8	safe to skip unless parser/error behavior changes	compact repeated list option exits with stock usage
matrix:0f558ab753c0029d	invalid-input parity	exact_invalid_input_variant	var	-l	true	value rejection	local repository	local	all	behavior matrix	tools/git-var-schema-oracle-smoke.sh::var_list_rejects_value	real_tool_trace	docs/cli/matrices/var_v2_47.tsv:9	safe to skip unless parser/error behavior changes	list option value rejection exits with stock usage
matrix:10b7c9f844f9bef3	invalid-input parity	exact_invalid_input_variant	var	-l	<empty>	empty value rejection	local repository	local	all	behavior matrix	tools/git-var-schema-oracle-smoke.sh::var_list_rejects_empty_value	real_tool_trace	docs/cli/matrices/var_v2_47.tsv:10	safe to skip unless parser/error behavior changes	list option empty value rejection exits with stock usage
matrix:c21735adaa20a333	invalid-input parity	exact_invalid_input_variant	var	--no-list	<empty>	negated list option	local repository	local	all	behavior matrix	tools/git-var-schema-oracle-smoke.sh::var_no_list_rejected	real_tool_trace	docs/cli/matrices/var_v2_47.tsv:11	safe to skip unless parser/error behavior changes	negated list option exits with stock usage
matrix:8961fdda38869039	invalid-input parity	exact_invalid_input_variant	var	--nofork	<empty>	documented daemon option rejected by var	local repository	local	all	behavior matrix	tools/git-var-schema-oracle-smoke.sh::var_nofork_rejected	real_tool_trace	docs/cli/matrices/var_v2_47.tsv:12	safe to skip unless parser/error behavior changes	nofork option exits with stock usage
matrix:60bc9d11062f695c	invalid-input parity	exact_invalid_input_variant	var	-i	<empty>	documented interactive option rejected by var	local repository	local	all	behavior matrix	tools/git-var-schema-oracle-smoke.sh::var_i_rejected	real_tool_trace	docs/cli/matrices/var_v2_47.tsv:13	safe to skip unless parser/error behavior changes	short interactive option exits with stock usage
matrix:4d2bb16aeee5a688	invalid-input parity	exact_invalid_input_variant	var	--list	<empty>	local repository	local repository	local	all	behavior matrix	tools/git-var-status-schema-gap-probe.sh::var_list_long_gap	real_tool_trace	docs/cli/matrices/var_v2_47.tsv:14	safe to skip unless parser/error behavior changes	undocumented long list option rejection matches stock Git usage, stdout, stderr and exit code
matrix:805f54b660ce08f9	invalid-input parity	exact_invalid_input_variant	var	<none>	<empty>	missing variable name	local repository	local	all	behavior matrix	git_admin_tools_compat::var_list_and_failures_match_stock_git	stock_git_oracle_test	docs/cli/matrices/var_v2_47.tsv:20	safe to skip unless parser/error behavior changes	missing variable usage failure matches stock Git
matrix:6bf920054c6357ff	invalid-input parity	exact_invalid_input_variant	var	<none>	GIT_UNKNOWN	unknown variable	local repository	local	all	behavior matrix	git_admin_tools_compat::var_list_and_failures_match_stock_git	stock_git_oracle_test	docs/cli/matrices/var_v2_47.tsv:21	safe to skip unless parser/error behavior changes	unknown variable usage failure matches stock Git
matrix:eef87f5cca34cd8a	invalid-input parity	exact_invalid_input_variant	var	-l	GIT_AUTHOR_IDENT	unexpected argument	local repository	local	all	behavior matrix	git_admin_tools_compat::var_list_and_failures_match_stock_git	stock_git_oracle_test	docs/cli/matrices/var_v2_47.tsv:22	safe to skip unless parser/error behavior changes	list mode with extra variable argument fails with stock usage
matrix:6f388a6eca20dc41	invalid-input parity	exact_invalid_input_variant	verify-commit	-S	<empty>	unknown signing option with unsigned commit	repository with unsigned commit	local	all	behavior matrix	tools/git-verify-signature-schema-oracle-smoke.sh::verify_commit_sign_short_rejected	real_tool_trace	docs/cli/matrices/verify_commit_v2_47.tsv:9	safe to skip unless parser/error behavior changes	stock Git rejects short signing option with exit 129 and matching stderr
matrix:c0a4c00149ec9cbe	invalid-input parity	exact_invalid_input_variant	verify-commit	-S	foo	unknown compact signing option with unsigned commit	repository with unsigned commit	local	all	behavior matrix	tools/git-verify-signature-schema-oracle-smoke.sh::verify_commit_sign_compact_rejected	real_tool_trace	docs/cli/matrices/verify_commit_v2_47.tsv:10	safe to skip unless parser/error behavior changes	stock Git rejects compact signing option with exit 129 and matching stderr
matrix:25fff540afb58ae8	invalid-input parity	exact_invalid_input_variant	verify-pack	--verbose	true	verbose value rejection	repository with one local pack	local	all	behavior matrix	tools/git-verify-pack-schema-oracle-smoke.sh::verify_pack_verbose_long_rejects_value	real_tool_trace	docs/cli/matrices/verify_pack_v2_47.tsv:16	safe to skip unless parser/error behavior changes	stock Git rejects verbose value with exit 129 and matching stderr
matrix:281ddc1d539e4844	invalid-input parity	exact_invalid_input_variant	verify-pack	-v	true	short verbose value rejection	repository with one local pack	local	all	behavior matrix	tools/git-verify-pack-schema-oracle-smoke.sh::verify_pack_verbose_short_rejects_value	real_tool_trace	docs/cli/matrices/verify_pack_v2_47.tsv:17	safe to skip unless parser/error behavior changes	stock Git rejects short verbose value with exit 129 and matching stderr
matrix:539655b74e7091a1	invalid-input parity	exact_invalid_input_variant	verify-pack	--stat-only	true	stat-only value rejection	repository with one local pack	local	all	behavior matrix	tools/git-verify-pack-schema-oracle-smoke.sh::verify_pack_stat_only_long_rejects_value	real_tool_trace	docs/cli/matrices/verify_pack_v2_47.tsv:18	safe to skip unless parser/error behavior changes	stock Git rejects stat-only value with exit 129 and matching stderr
matrix:d12e0af6ad8f90a2	invalid-input parity	exact_invalid_input_variant	verify-pack	-s	true	short stat-only value rejection	repository with one local pack	local	all	behavior matrix	tools/git-verify-pack-schema-oracle-smoke.sh::verify_pack_stat_only_short_rejects_value	real_tool_trace	docs/cli/matrices/verify_pack_v2_47.tsv:19	safe to skip unless parser/error behavior changes	stock Git rejects short stat-only value with exit 129 and matching stderr
matrix:c77a93abe0d24c59	invalid-input parity	exact_invalid_input_variant	verify-pack	--object-format	sha256	SHA-256 object format against SHA-1 pack	repository with one local SHA-1 pack	local	all	behavior matrix	tools/git-verify-pack-schema-oracle-smoke.sh::verify_pack_object_format_sha256_invalid	real_tool_trace	docs/cli/matrices/verify_pack_v2_47.tsv:21	safe to skip unless parser/error behavior changes	explicit SHA-256 object-format rejection stdout, stderr and exit status match stock Git for a SHA-1 pack index
matrix:772196ddd05d13c5	invalid-input parity	exact_invalid_input_variant	verify-pack	<idx path>	pack index version 3	checksum-valid unsupported idx version	local pack	local	all	behavior matrix	git_pack_integrity_compat::verify_pack_rejects_unsupported_pack_index_version_like_stock_git	stock_git_oracle_test	docs/cli/matrices/verify_pack_v2_47.tsv:22	safe to skip unless parser/error behavior changes	stock Git rejects unsupported pack index versions with version diagnostics and exit 1
matrix:aa54d56309fa7646	invalid-input parity	exact_invalid_input_variant	verify-pack	<idx path>	pack file version 4	checksum-valid unsupported pack version	local pack	local	all	behavior matrix	git_pack_integrity_compat::verify_pack_rejects_unsupported_pack_file_version_like_stock_git	stock_git_oracle_test	docs/cli/matrices/verify_pack_v2_47.tsv:23	safe to skip unless parser/error behavior changes	stock Git rejects unsupported pack file version 4 with fatal pack version diagnostics and exit 1
matrix:5a2de8e3143b4204	invalid-input parity	exact_invalid_input_variant	version	--version	<empty>	invalid option	no repository required	n/a	all	behavior matrix	git_version_compat::version_command_options_match_stock_git_shape	stock_git_oracle_test	docs/cli/matrices/version_v2_47.tsv:4	safe to skip unless parser/error behavior changes	stock Git rejects --version for the version subcommand with exit 129 and usage text
matrix:439982999163173f	invalid-input parity	exact_invalid_input_variant	version	--version	<empty>	invalid option through replacement shim	no repository required	n/a	all	behavior matrix	tools/git-replacement-dogfood-smoke.sh::version_invalid	real_tool_trace	docs/cli/matrices/version_v2_47.tsv:5	safe to skip unless parser/error behavior changes	stock Git rejection shape is preserved when zmin is used as a git-in-PATH replacement shim
matrix:bf5f24664d695b01	invalid-input parity	exact_invalid_input_variant	worktree	subcommand	bogus	unknown subcommand	local repository	local	all	behavior matrix	git_worktree_invalid_compat::worktree_unknown_subcommand_matches_stock_git_usage	stock_git_oracle_test	docs/cli/matrices/worktree_v2_47.tsv:2	safe to skip unless parser/error behavior changes	unknown top-level worktree subcommand prints stock unknown-subcommand usage with exit 129 instead of a custom unsupported-subcommand fatal diagnostic
matrix:e19a496174530245	invalid-input parity	exact_invalid_input_variant	write-tree	--prefix	missing	<none>	index without matching prefix	local	all	behavior matrix	tools/git-write-tree-schema-oracle-smoke.sh::write_tree_prefix_missing	real_tool_trace	docs/cli/matrices/write_tree_v2_47.tsv:21	safe to skip unless parser/error behavior changes	missing prefix rejection stdout, stderr and exit status match stock Git
matrix:0c924a549cc7b1ed	invalid-input parity	exact_invalid_input_variant	write-tree	--prefix	/src	<none>	index with src prefix but leading-slash argument	local	all	behavior matrix	tools/git-write-tree-schema-oracle-smoke.sh::write_tree_prefix_leading_slash	real_tool_trace	docs/cli/matrices/write_tree_v2_47.tsv:22	safe to skip unless parser/error behavior changes	leading-slash prefix rejection stdout, stderr and exit status match stock Git
matrix:e04f444f06a91107	invalid-input parity	exact_invalid_input_variant	write-tree	--prefix	./src	<none>	index with src prefix but dot-slash argument	local	all	behavior matrix	tools/git-write-tree-schema-oracle-smoke.sh::write_tree_prefix_dot_slash	real_tool_trace	docs/cli/matrices/write_tree_v2_47.tsv:23	safe to skip unless parser/error behavior changes	dot-slash prefix rejection stdout, stderr and exit status match stock Git
matrix:13bf9fcd5226d292	invalid-input parity	exact_invalid_input_variant	write-tree	--prefix	src/.	<none>	index with src prefix but dot component	local	all	behavior matrix	tools/git-write-tree-schema-oracle-smoke.sh::write_tree_prefix_dot_component	real_tool_trace	docs/cli/matrices/write_tree_v2_47.tsv:24	safe to skip unless parser/error behavior changes	dot-component prefix rejection stdout, stderr and exit status match stock Git
matrix:bc6f4c1d19e6fa01	invalid-input parity	exact_invalid_input_variant	write-tree	--prefix	src/../src	<none>	index with src prefix but parent component	local	all	behavior matrix	tools/git-write-tree-schema-oracle-smoke.sh::write_tree_prefix_parent_component	real_tool_trace	docs/cli/matrices/write_tree_v2_47.tsv:25	safe to skip unless parser/error behavior changes	parent-component prefix rejection stdout, stderr and exit status match stock Git
matrix:edf2c336bcd31d5e	invalid-input parity	exact_invalid_input_variant	write-tree	--prefix	nosuch/	<none>	index without matching trailing-slash prefix	local	all	behavior matrix	tools/git-write-tree-schema-oracle-smoke.sh::write_tree_prefix_missing_trailing_slash	real_tool_trace	docs/cli/matrices/write_tree_v2_47.tsv:26	safe to skip unless parser/error behavior changes	trailing-slash missing prefix rejection stdout, stderr and exit status match stock Git
matrix:2e13e786037fc535	invalid-input parity	exact_invalid_input_variant	write-tree	--prefix	<missing>	<none>	index with root file and nested file	local	all	behavior matrix	tools/git-write-tree-schema-oracle-smoke.sh::write_tree_prefix_missing_value	real_tool_trace	docs/cli/matrices/write_tree_v2_47.tsv:27	safe to skip unless parser/error behavior changes	prefix option missing value rejection stdout, stderr and exit status match stock Git
matrix:33ca53ae6cef04b6	invalid-input parity	exact_invalid_input_variant	write-tree	--missing-ok	true	<none>	index with root file and nested file	local	all	behavior matrix	tools/git-write-tree-schema-oracle-smoke.sh::write_tree_missing_ok_rejects_value	real_tool_trace	docs/cli/matrices/write_tree_v2_47.tsv:28	safe to skip unless parser/error behavior changes	missing-ok value rejection stdout, stderr and exit status match stock Git
matrix:5d8bfe1da7fb499a	invalid-input parity	exact_invalid_input_variant	write-tree	--no-missing-ok	true	<none>	index with root file and nested file	local	all	behavior matrix	tools/git-write-tree-schema-oracle-smoke.sh::write_tree_no_missing_ok_rejects_value	real_tool_trace	docs/cli/matrices/write_tree_v2_47.tsv:29	safe to skip unless parser/error behavior changes	no-missing-ok value rejection stdout, stderr and exit status match stock Git
matrix:cd0d2457ee1bece3	invalid-input parity	exact_invalid_input_variant	write-tree	--no-prefix	true	<none>	index with root file and nested file	local	all	behavior matrix	tools/git-write-tree-schema-oracle-smoke.sh::write_tree_no_prefix_rejects_value	real_tool_trace	docs/cli/matrices/write_tree_v2_47.tsv:30	safe to skip unless parser/error behavior changes	no-prefix value rejection stdout, stderr and exit status match stock Git
