item_id	bucket	item_kind	command	option	value	combination	repo_state	transport	platform	implementation_source	evidence_source	evidence_kind	source_detail	next_action	notes
command-matrix:89f7376411836c91	not implemented / broken / open	command_matrix_not_started	backfill	<command>	<empty>	<none>	<unexpanded>	<unexpanded>	all	upstream Git command-list	command-list.txt	upstream_command_seed	v2.55.0	seed the command matrix from docs/options/states/transports before fixing behavior	entrypoint presence alone is not compatibility
command-matrix:db6cb57d2288c20d	not implemented / broken / open	command_matrix_not_started	diff-pairs	<command>	<empty>	<none>	<unexpanded>	<unexpanded>	all	upstream Git command-list	command-list.txt	upstream_command_seed	v2.55.0	seed the command matrix from docs/options/states/transports before fixing behavior	entrypoint presence alone is not compatibility
command-matrix:39f2809e76b5c485	not implemented / broken / open	command_matrix_not_started	format-rev	<command>	<empty>	<none>	<unexpanded>	<unexpanded>	all	upstream Git command-list	command-list.txt	upstream_command_seed	v2.55.0	seed the command matrix from docs/options/states/transports before fixing behavior	entrypoint presence alone is not compatibility
command-matrix:66f79d8a6327c82c	not implemented / broken / open	command_matrix_not_started	history	<command>	<empty>	<none>	<unexpanded>	<unexpanded>	all	upstream Git command-list	command-list.txt	upstream_command_seed	v2.55.0	seed the command matrix from docs/options/states/transports before fixing behavior	entrypoint presence alone is not compatibility
command-matrix:d62744c82ec94bc5	not implemented / broken / open	command_matrix_not_started	last-modified	<command>	<empty>	<none>	<unexpanded>	<unexpanded>	all	upstream Git command-list	command-list.txt	upstream_command_seed	v2.55.0	seed the command matrix from docs/options/states/transports before fixing behavior	entrypoint presence alone is not compatibility
command-matrix:32a6fcbaa4543f07	not implemented / broken / open	command_matrix_not_started	repo	<command>	<empty>	<none>	<unexpanded>	<unexpanded>	all	upstream Git command-list	command-list.txt	upstream_command_seed	v2.55.0	seed the command matrix from docs/options/states/transports before fixing behavior	entrypoint presence alone is not compatibility
command-matrix:8af0411d6abf6651	not implemented / broken / open	command_matrix_not_started	url-parse	<command>	<empty>	<none>	<unexpanded>	<unexpanded>	all	upstream Git command-list	command-list.txt	upstream_command_seed	v2.55.0	seed the command matrix from docs/options/states/transports before fixing behavior	entrypoint presence alone is not compatibility
doc-option:df6f17bf889113b0	not implemented / broken / open	doc_option_not_in_zmin_schema	add	--inter-hunk-context	<unexpanded>	<unexpanded>	<unexpanded>	<unexpanded>	<unexpanded>	upstream Git docs plus zmin schema	git-add.adoc	upstream_git_docs	git-add.adoc status_counts={} schema_args=0	decide whether to implement, explicitly defer, or prove stock-compatible rejection	documented option seed is not a complete behavior denominator
doc-option:b1b9bb9f5660c3be	not implemented / broken / open	doc_option_not_in_zmin_schema	add	--unified	<unexpanded>	<unexpanded>	<unexpanded>	<unexpanded>	<unexpanded>	upstream Git docs plus zmin schema	git-add.adoc	upstream_git_docs	git-add.adoc status_counts={} schema_args=0	decide whether to implement, explicitly defer, or prove stock-compatible rejection	documented option seed is not a complete behavior denominator
doc-option:8c23e8797301ecc4	not implemented / broken / open	doc_option_not_in_zmin_schema	add	-U	<unexpanded>	<unexpanded>	<unexpanded>	<unexpanded>	<unexpanded>	upstream Git docs plus zmin schema	git-add.adoc	upstream_git_docs	git-add.adoc status_counts={} schema_args=0	decide whether to implement, explicitly defer, or prove stock-compatible rejection	documented option seed is not a complete behavior denominator
doc-option:ae7ee8edc3e4a0b4	not implemented / broken / open	doc_option_not_in_zmin_schema	am	--verify	<unexpanded>	<unexpanded>	<unexpanded>	<unexpanded>	<unexpanded>	upstream Git docs plus zmin schema	git-am.adoc	upstream_git_docs	git-am.adoc status_counts={} schema_args=0	decide whether to implement, explicitly defer, or prove stock-compatible rejection	documented option seed is not a complete behavior denominator
doc-option:e53c36e6fcfcbe03	not implemented / broken / open	doc_option_not_in_zmin_schema	backfill	--include-edges	<unexpanded>	<unexpanded>	<unexpanded>	<unexpanded>	<unexpanded>	upstream Git docs plus zmin schema	git-backfill.adoc	upstream_git_docs	git-backfill.adoc status_counts={} schema_args=0	decide whether to implement, explicitly defer, or prove stock-compatible rejection	documented option seed is not a complete behavior denominator
doc-option:8fb489707f7b7bbf	implemented but unverified	doc_option_implemented_without_matrix_evidence	backfill	--min-batch-size	<unexpanded>	<unexpanded>	<unexpanded>	<unexpanded>	<unexpanded>	upstream Git docs plus zmin schema	git-backfill.adoc	upstream_git_docs	git-backfill.adoc status_counts={} schema_args=1	write exact stock-Git rows for the implemented parser/handler surface	documented option seed is not a complete behavior denominator
doc-option:4c23f3fc8c3e53e9	not implemented / broken / open	doc_option_not_in_zmin_schema	backfill	--no-include-edges	<unexpanded>	<unexpanded>	<unexpanded>	<unexpanded>	<unexpanded>	upstream Git docs plus zmin schema	git-backfill.adoc	upstream_git_docs	git-backfill.adoc status_counts={} schema_args=0	decide whether to implement, explicitly defer, or prove stock-compatible rejection	documented option seed is not a complete behavior denominator
doc-option:d439f42ee71c1003	implemented but unverified	doc_option_implemented_without_matrix_evidence	backfill	--no-sparse	<unexpanded>	<unexpanded>	<unexpanded>	<unexpanded>	<unexpanded>	upstream Git docs plus zmin schema	git-backfill.adoc	upstream_git_docs	git-backfill.adoc status_counts={} schema_args=1	write exact stock-Git rows for the implemented parser/handler surface	documented option seed is not a complete behavior denominator
doc-option:d4a0b7b1aac6959e	implemented but unverified	doc_option_implemented_without_matrix_evidence	backfill	--sparse	<unexpanded>	<unexpanded>	<unexpanded>	<unexpanded>	<unexpanded>	upstream Git docs plus zmin schema	git-backfill.adoc	upstream_git_docs	git-backfill.adoc status_counts={} schema_args=1	write exact stock-Git rows for the implemented parser/handler surface	documented option seed is not a complete behavior denominator
doc-option:40b960420008f75c	not implemented / broken / open	doc_option_not_in_zmin_schema	blame	--diff-algorithm	<unexpanded>	<unexpanded>	<unexpanded>	<unexpanded>	<unexpanded>	upstream Git docs plus zmin schema	git-blame.adoc	upstream_git_docs	git-blame.adoc status_counts={} schema_args=0	decide whether to implement, explicitly defer, or prove stock-compatible rejection	documented option seed is not a complete behavior denominator
doc-option:ff11b6a5aa43a88e	not implemented / broken / open	doc_option_expansion_required	cat-file	--filter	<unexpanded>	<unexpanded>	<unexpanded>	<unexpanded>	<unexpanded>	upstream Git docs plus zmin schema	git-cat-file.adoc	upstream_git_docs	git-cat-file.adoc status_counts={'invalid-input': 6} schema_args=1	expand remaining values, negations, repeated forms, combinations, states, transports and platforms for this documented option	documented option seed is not a complete behavior denominator
doc-option:dec9cc52f99d0a4d	not implemented / broken / open	doc_option_expansion_required	cat-file	--no-filter	<unexpanded>	<unexpanded>	<unexpanded>	<unexpanded>	<unexpanded>	upstream Git docs plus zmin schema	git-cat-file.adoc	upstream_git_docs	git-cat-file.adoc status_counts={'closed': 1} schema_args=1	expand remaining values, negations, repeated forms, combinations, states, transports and platforms for this documented option	documented option seed is not a complete behavior denominator
doc-option:7efa8ef03fded725	not implemented / broken / open	doc_option_not_in_zmin_schema	checkout	--inter-hunk-context	<unexpanded>	<unexpanded>	<unexpanded>	<unexpanded>	<unexpanded>	upstream Git docs plus zmin schema	git-checkout.adoc	upstream_git_docs	git-checkout.adoc status_counts={} schema_args=0	decide whether to implement, explicitly defer, or prove stock-compatible rejection	documented option seed is not a complete behavior denominator
doc-option:4a637b8794d61cfe	not implemented / broken / open	doc_option_not_in_zmin_schema	checkout	--unified	<unexpanded>	<unexpanded>	<unexpanded>	<unexpanded>	<unexpanded>	upstream Git docs plus zmin schema	git-checkout.adoc	upstream_git_docs	git-checkout.adoc status_counts={} schema_args=0	decide whether to implement, explicitly defer, or prove stock-compatible rejection	documented option seed is not a complete behavior denominator
doc-option:0516388b43f5cc35	not implemented / broken / open	doc_option_not_in_zmin_schema	checkout	-U	<unexpanded>	<unexpanded>	<unexpanded>	<unexpanded>	<unexpanded>	upstream Git docs plus zmin schema	git-checkout.adoc	upstream_git_docs	git-checkout.adoc status_counts={} schema_args=0	decide whether to implement, explicitly defer, or prove stock-compatible rejection	documented option seed is not a complete behavior denominator
doc-option:3c8792b160ceeceb	not implemented / broken / open	doc_option_expansion_required	clone	--reference-if-able	<unexpanded>	<unexpanded>	<unexpanded>	<unexpanded>	<unexpanded>	upstream Git docs plus zmin schema	git-clone.adoc	upstream_git_docs	git-clone.adoc status_counts={'closed': 3} schema_args=1	expand remaining values, negations, repeated forms, combinations, states, transports and platforms for this documented option	documented option seed is not a complete behavior denominator
doc-option:017dc551496fc127	not implemented / broken / open	doc_option_not_in_zmin_schema	clone	--revision	<unexpanded>	<unexpanded>	<unexpanded>	<unexpanded>	<unexpanded>	upstream Git docs plus zmin schema	git-clone.adoc	upstream_git_docs	git-clone.adoc status_counts={} schema_args=0	decide whether to implement, explicitly defer, or prove stock-compatible rejection	documented option seed is not a complete behavior denominator
doc-option:370237f126efccd8	not implemented / broken / open	doc_option_expansion_required	clone	--tags	<unexpanded>	<unexpanded>	<unexpanded>	<unexpanded>	<unexpanded>	upstream Git docs plus zmin schema	git-clone.adoc	upstream_git_docs	git-clone.adoc status_counts={'closed': 3} schema_args=1	expand remaining values, negations, repeated forms, combinations, states, transports and platforms for this documented option	documented option seed is not a complete behavior denominator
doc-option:dbf8a7a47646b700	not implemented / broken / open	doc_option_not_in_zmin_schema	commit	--inter-hunk-context	<unexpanded>	<unexpanded>	<unexpanded>	<unexpanded>	<unexpanded>	upstream Git docs plus zmin schema	git-commit.adoc	upstream_git_docs	git-commit.adoc status_counts={} schema_args=0	decide whether to implement, explicitly defer, or prove stock-compatible rejection	documented option seed is not a complete behavior denominator
doc-option:a4fee2da54ca8f37	not implemented / broken / open	doc_option_not_in_zmin_schema	commit	--unified	<unexpanded>	<unexpanded>	<unexpanded>	<unexpanded>	<unexpanded>	upstream Git docs plus zmin schema	git-commit.adoc	upstream_git_docs	git-commit.adoc status_counts={} schema_args=0	decide whether to implement, explicitly defer, or prove stock-compatible rejection	documented option seed is not a complete behavior denominator
doc-option:a811f864b639ae90	not implemented / broken / open	doc_option_not_in_zmin_schema	commit	-U	<unexpanded>	<unexpanded>	<unexpanded>	<unexpanded>	<unexpanded>	upstream Git docs plus zmin schema	git-commit.adoc	upstream_git_docs	git-commit.adoc status_counts={} schema_args=0	decide whether to implement, explicitly defer, or prove stock-compatible rejection	documented option seed is not a complete behavior denominator
doc-option:a03608979d58c0c7	not implemented / broken / open	doc_option_not_in_zmin_schema	config	--no-show-names	<unexpanded>	<unexpanded>	<unexpanded>	<unexpanded>	<unexpanded>	upstream Git docs plus zmin schema	git-config.adoc	upstream_git_docs	git-config.adoc status_counts={} schema_args=0	decide whether to implement, explicitly defer, or prove stock-compatible rejection	documented option seed is not a complete behavior denominator
doc-option:9e61d24db29fa83f	not implemented / broken / open	doc_option_not_in_zmin_schema	config	--no-value	<unexpanded>	<unexpanded>	<unexpanded>	<unexpanded>	<unexpanded>	upstream Git docs plus zmin schema	git-config.adoc	upstream_git_docs	git-config.adoc status_counts={} schema_args=0	decide whether to implement, explicitly defer, or prove stock-compatible rejection	documented option seed is not a complete behavior denominator
doc-option:b132b9da258a6266	implemented but unverified	doc_option_implemented_without_matrix_evidence	config	--show-names	<unexpanded>	<unexpanded>	<unexpanded>	<unexpanded>	<unexpanded>	upstream Git docs plus zmin schema	git-config.adoc	upstream_git_docs	git-config.adoc status_counts={} schema_args=1	write exact stock-Git rows for the implemented parser/handler surface	documented option seed is not a complete behavior denominator
doc-option:8897205ddb93db97	not implemented / broken / open	doc_option_expansion_required	config	--value	<unexpanded>	<unexpanded>	<unexpanded>	<unexpanded>	<unexpanded>	upstream Git docs plus zmin schema	git-config.adoc	upstream_git_docs	git-config.adoc status_counts={'closed': 4, 'invalid-input': 1} schema_args=1	expand remaining values, negations, repeated forms, combinations, states, transports and platforms for this documented option	documented option seed is not a complete behavior denominator
doc-option:5fa4f02426636dd7	not implemented / broken / open	doc_option_not_in_zmin_schema	diff	--max-depth	<unexpanded>	<unexpanded>	<unexpanded>	<unexpanded>	<unexpanded>	upstream Git docs plus zmin schema	git-diff.adoc	upstream_git_docs	git-diff.adoc status_counts={} schema_args=0	decide whether to implement, explicitly defer, or prove stock-compatible rejection	documented option seed is not a complete behavior denominator
doc-option:a2edca28d7314df6	not implemented / broken / open	doc_option_not_in_zmin_schema	diff-files	--max-depth	<unexpanded>	<unexpanded>	<unexpanded>	<unexpanded>	<unexpanded>	upstream Git docs plus zmin schema	git-diff-files.adoc	upstream_git_docs	git-diff-files.adoc status_counts={} schema_args=0	decide whether to implement, explicitly defer, or prove stock-compatible rejection	documented option seed is not a complete behavior denominator
doc-option:658479f10284071f	not implemented / broken / open	doc_option_not_in_zmin_schema	diff-index	--max-depth	<unexpanded>	<unexpanded>	<unexpanded>	<unexpanded>	<unexpanded>	upstream Git docs plus zmin schema	git-diff-index.adoc	upstream_git_docs	git-diff-index.adoc status_counts={} schema_args=0	decide whether to implement, explicitly defer, or prove stock-compatible rejection	documented option seed is not a complete behavior denominator
doc-option:52d4cbb4bff25ac6	not implemented / broken / open	doc_option_not_in_zmin_schema	diff-pairs	--abbrev	<unexpanded>	<unexpanded>	<unexpanded>	<unexpanded>	<unexpanded>	upstream Git docs plus zmin schema	git-diff-pairs.adoc	upstream_git_docs	git-diff-pairs.adoc status_counts={} schema_args=0	decide whether to implement, explicitly defer, or prove stock-compatible rejection	documented option seed is not a complete behavior denominator
doc-option:ed0013be31bd152a	not implemented / broken / open	doc_option_not_in_zmin_schema	diff-pairs	--anchored	<unexpanded>	<unexpanded>	<unexpanded>	<unexpanded>	<unexpanded>	upstream Git docs plus zmin schema	git-diff-pairs.adoc	upstream_git_docs	git-diff-pairs.adoc status_counts={} schema_args=0	decide whether to implement, explicitly defer, or prove stock-compatible rejection	documented option seed is not a complete behavior denominator
doc-option:1ce32b4c67c5f3bf	not implemented / broken / open	doc_option_not_in_zmin_schema	diff-pairs	--binary	<unexpanded>	<unexpanded>	<unexpanded>	<unexpanded>	<unexpanded>	upstream Git docs plus zmin schema	git-diff-pairs.adoc	upstream_git_docs	git-diff-pairs.adoc status_counts={} schema_args=0	decide whether to implement, explicitly defer, or prove stock-compatible rejection	documented option seed is not a complete behavior denominator
doc-option:41753d98103112d3	not implemented / broken / open	doc_option_not_in_zmin_schema	diff-pairs	--break-rewrites	<unexpanded>	<unexpanded>	<unexpanded>	<unexpanded>	<unexpanded>	upstream Git docs plus zmin schema	git-diff-pairs.adoc	upstream_git_docs	git-diff-pairs.adoc status_counts={} schema_args=0	decide whether to implement, explicitly defer, or prove stock-compatible rejection	documented option seed is not a complete behavior denominator
doc-option:61024fd9e6dbcdbb	not implemented / broken / open	doc_option_not_in_zmin_schema	diff-pairs	--cc	<unexpanded>	<unexpanded>	<unexpanded>	<unexpanded>	<unexpanded>	upstream Git docs plus zmin schema	git-diff-pairs.adoc	upstream_git_docs	git-diff-pairs.adoc status_counts={} schema_args=0	decide whether to implement, explicitly defer, or prove stock-compatible rejection	documented option seed is not a complete behavior denominator
doc-option:73072289f27a29ae	not implemented / broken / open	doc_option_not_in_zmin_schema	diff-pairs	--check	<unexpanded>	<unexpanded>	<unexpanded>	<unexpanded>	<unexpanded>	upstream Git docs plus zmin schema	git-diff-pairs.adoc	upstream_git_docs	git-diff-pairs.adoc status_counts={} schema_args=0	decide whether to implement, explicitly defer, or prove stock-compatible rejection	documented option seed is not a complete behavior denominator
doc-option:166ef43841535f2b	not implemented / broken / open	doc_option_not_in_zmin_schema	diff-pairs	--color	<unexpanded>	<unexpanded>	<unexpanded>	<unexpanded>	<unexpanded>	upstream Git docs plus zmin schema	git-diff-pairs.adoc	upstream_git_docs	git-diff-pairs.adoc status_counts={} schema_args=0	decide whether to implement, explicitly defer, or prove stock-compatible rejection	documented option seed is not a complete behavior denominator
doc-option:e8f01ee987a49e2f	not implemented / broken / open	doc_option_not_in_zmin_schema	diff-pairs	--color-moved	<unexpanded>	<unexpanded>	<unexpanded>	<unexpanded>	<unexpanded>	upstream Git docs plus zmin schema	git-diff-pairs.adoc	upstream_git_docs	git-diff-pairs.adoc status_counts={} schema_args=0	decide whether to implement, explicitly defer, or prove stock-compatible rejection	documented option seed is not a complete behavior denominator
doc-option:d7a11bb8221ca237	not implemented / broken / open	doc_option_not_in_zmin_schema	diff-pairs	--color-moved-ws	<unexpanded>	<unexpanded>	<unexpanded>	<unexpanded>	<unexpanded>	upstream Git docs plus zmin schema	git-diff-pairs.adoc	upstream_git_docs	git-diff-pairs.adoc status_counts={} schema_args=0	decide whether to implement, explicitly defer, or prove stock-compatible rejection	documented option seed is not a complete behavior denominator
doc-option:1a0a48e81ae93611	not implemented / broken / open	doc_option_not_in_zmin_schema	diff-pairs	--color-words	<unexpanded>	<unexpanded>	<unexpanded>	<unexpanded>	<unexpanded>	upstream Git docs plus zmin schema	git-diff-pairs.adoc	upstream_git_docs	git-diff-pairs.adoc status_counts={} schema_args=0	decide whether to implement, explicitly defer, or prove stock-compatible rejection	documented option seed is not a complete behavior denominator
doc-option:549f64302051e5cc	not implemented / broken / open	doc_option_not_in_zmin_schema	diff-pairs	--combined-all-paths	<unexpanded>	<unexpanded>	<unexpanded>	<unexpanded>	<unexpanded>	upstream Git docs plus zmin schema	git-diff-pairs.adoc	upstream_git_docs	git-diff-pairs.adoc status_counts={} schema_args=0	decide whether to implement, explicitly defer, or prove stock-compatible rejection	documented option seed is not a complete behavior denominator
doc-option:1199e4de75e8ab70	not implemented / broken / open	doc_option_not_in_zmin_schema	diff-pairs	--compact-summary	<unexpanded>	<unexpanded>	<unexpanded>	<unexpanded>	<unexpanded>	upstream Git docs plus zmin schema	git-diff-pairs.adoc	upstream_git_docs	git-diff-pairs.adoc status_counts={} schema_args=0	decide whether to implement, explicitly defer, or prove stock-compatible rejection	documented option seed is not a complete behavior denominator
doc-option:9076c8a219142682	not implemented / broken / open	doc_option_not_in_zmin_schema	diff-pairs	--cumulative	<unexpanded>	<unexpanded>	<unexpanded>	<unexpanded>	<unexpanded>	upstream Git docs plus zmin schema	git-diff-pairs.adoc	upstream_git_docs	git-diff-pairs.adoc status_counts={} schema_args=0	decide whether to implement, explicitly defer, or prove stock-compatible rejection	documented option seed is not a complete behavior denominator
doc-option:64d9392bf9f664a2	not implemented / broken / open	doc_option_not_in_zmin_schema	diff-pairs	--dd	<unexpanded>	<unexpanded>	<unexpanded>	<unexpanded>	<unexpanded>	upstream Git docs plus zmin schema	git-diff-pairs.adoc	upstream_git_docs	git-diff-pairs.adoc status_counts={} schema_args=0	decide whether to implement, explicitly defer, or prove stock-compatible rejection	documented option seed is not a complete behavior denominator
doc-option:284545ce33448d61	not implemented / broken / open	doc_option_not_in_zmin_schema	diff-pairs	--default-prefix	<unexpanded>	<unexpanded>	<unexpanded>	<unexpanded>	<unexpanded>	upstream Git docs plus zmin schema	git-diff-pairs.adoc	upstream_git_docs	git-diff-pairs.adoc status_counts={} schema_args=0	decide whether to implement, explicitly defer, or prove stock-compatible rejection	documented option seed is not a complete behavior denominator
doc-option:144c661a685a4603	not implemented / broken / open	doc_option_not_in_zmin_schema	diff-pairs	--diff-algorithm	<unexpanded>	<unexpanded>	<unexpanded>	<unexpanded>	<unexpanded>	upstream Git docs plus zmin schema	git-diff-pairs.adoc	upstream_git_docs	git-diff-pairs.adoc status_counts={} schema_args=0	decide whether to implement, explicitly defer, or prove stock-compatible rejection	documented option seed is not a complete behavior denominator
doc-option:cd921540b283d64d	not implemented / broken / open	doc_option_not_in_zmin_schema	diff-pairs	--diff-filter	<unexpanded>	<unexpanded>	<unexpanded>	<unexpanded>	<unexpanded>	upstream Git docs plus zmin schema	git-diff-pairs.adoc	upstream_git_docs	git-diff-pairs.adoc status_counts={} schema_args=0	decide whether to implement, explicitly defer, or prove stock-compatible rejection	documented option seed is not a complete behavior denominator
doc-option:f99c46c0991c333f	not implemented / broken / open	doc_option_not_in_zmin_schema	diff-pairs	--diff-merges	<unexpanded>	<unexpanded>	<unexpanded>	<unexpanded>	<unexpanded>	upstream Git docs plus zmin schema	git-diff-pairs.adoc	upstream_git_docs	git-diff-pairs.adoc status_counts={} schema_args=0	decide whether to implement, explicitly defer, or prove stock-compatible rejection	documented option seed is not a complete behavior denominator
doc-option:3c6ca45ea835425c	not implemented / broken / open	doc_option_not_in_zmin_schema	diff-pairs	--dirstat	<unexpanded>	<unexpanded>	<unexpanded>	<unexpanded>	<unexpanded>	upstream Git docs plus zmin schema	git-diff-pairs.adoc	upstream_git_docs	git-diff-pairs.adoc status_counts={} schema_args=0	decide whether to implement, explicitly defer, or prove stock-compatible rejection	documented option seed is not a complete behavior denominator
doc-option:4813309b80d98810	not implemented / broken / open	doc_option_not_in_zmin_schema	diff-pairs	--dirstat-by-file	<unexpanded>	<unexpanded>	<unexpanded>	<unexpanded>	<unexpanded>	upstream Git docs plus zmin schema	git-diff-pairs.adoc	upstream_git_docs	git-diff-pairs.adoc status_counts={} schema_args=0	decide whether to implement, explicitly defer, or prove stock-compatible rejection	documented option seed is not a complete behavior denominator
doc-option:f0aa4467b5c20dd9	not implemented / broken / open	doc_option_not_in_zmin_schema	diff-pairs	--dst-prefix	<unexpanded>	<unexpanded>	<unexpanded>	<unexpanded>	<unexpanded>	upstream Git docs plus zmin schema	git-diff-pairs.adoc	upstream_git_docs	git-diff-pairs.adoc status_counts={} schema_args=0	decide whether to implement, explicitly defer, or prove stock-compatible rejection	documented option seed is not a complete behavior denominator
doc-option:64af9f1c0704cf3a	not implemented / broken / open	doc_option_not_in_zmin_schema	diff-pairs	--exit-code	<unexpanded>	<unexpanded>	<unexpanded>	<unexpanded>	<unexpanded>	upstream Git docs plus zmin schema	git-diff-pairs.adoc	upstream_git_docs	git-diff-pairs.adoc status_counts={} schema_args=0	decide whether to implement, explicitly defer, or prove stock-compatible rejection	documented option seed is not a complete behavior denominator
doc-option:b8b1ce3ab0b5910e	not implemented / broken / open	doc_option_not_in_zmin_schema	diff-pairs	--ext-diff	<unexpanded>	<unexpanded>	<unexpanded>	<unexpanded>	<unexpanded>	upstream Git docs plus zmin schema	git-diff-pairs.adoc	upstream_git_docs	git-diff-pairs.adoc status_counts={} schema_args=0	decide whether to implement, explicitly defer, or prove stock-compatible rejection	documented option seed is not a complete behavior denominator
doc-option:2dadb350786cc8ad	not implemented / broken / open	doc_option_not_in_zmin_schema	diff-pairs	--find-copies	<unexpanded>	<unexpanded>	<unexpanded>	<unexpanded>	<unexpanded>	upstream Git docs plus zmin schema	git-diff-pairs.adoc	upstream_git_docs	git-diff-pairs.adoc status_counts={} schema_args=0	decide whether to implement, explicitly defer, or prove stock-compatible rejection	documented option seed is not a complete behavior denominator
doc-option:4a5bf11cd01f71e9	not implemented / broken / open	doc_option_not_in_zmin_schema	diff-pairs	--find-copies-harder	<unexpanded>	<unexpanded>	<unexpanded>	<unexpanded>	<unexpanded>	upstream Git docs plus zmin schema	git-diff-pairs.adoc	upstream_git_docs	git-diff-pairs.adoc status_counts={} schema_args=0	decide whether to implement, explicitly defer, or prove stock-compatible rejection	documented option seed is not a complete behavior denominator
doc-option:0f17867014514f4d	not implemented / broken / open	doc_option_not_in_zmin_schema	diff-pairs	--find-object	<unexpanded>	<unexpanded>	<unexpanded>	<unexpanded>	<unexpanded>	upstream Git docs plus zmin schema	git-diff-pairs.adoc	upstream_git_docs	git-diff-pairs.adoc status_counts={} schema_args=0	decide whether to implement, explicitly defer, or prove stock-compatible rejection	documented option seed is not a complete behavior denominator
doc-option:0fc4cf2e13af4c6d	not implemented / broken / open	doc_option_not_in_zmin_schema	diff-pairs	--find-renames	<unexpanded>	<unexpanded>	<unexpanded>	<unexpanded>	<unexpanded>	upstream Git docs plus zmin schema	git-diff-pairs.adoc	upstream_git_docs	git-diff-pairs.adoc status_counts={} schema_args=0	decide whether to implement, explicitly defer, or prove stock-compatible rejection	documented option seed is not a complete behavior denominator
doc-option:26049dfde654c03a	not implemented / broken / open	doc_option_not_in_zmin_schema	diff-pairs	--full-index	<unexpanded>	<unexpanded>	<unexpanded>	<unexpanded>	<unexpanded>	upstream Git docs plus zmin schema	git-diff-pairs.adoc	upstream_git_docs	git-diff-pairs.adoc status_counts={} schema_args=0	decide whether to implement, explicitly defer, or prove stock-compatible rejection	documented option seed is not a complete behavior denominator
doc-option:33491ffbec54b643	not implemented / broken / open	doc_option_not_in_zmin_schema	diff-pairs	--function-context	<unexpanded>	<unexpanded>	<unexpanded>	<unexpanded>	<unexpanded>	upstream Git docs plus zmin schema	git-diff-pairs.adoc	upstream_git_docs	git-diff-pairs.adoc status_counts={} schema_args=0	decide whether to implement, explicitly defer, or prove stock-compatible rejection	documented option seed is not a complete behavior denominator
doc-option:47f7851784785859	not implemented / broken / open	doc_option_not_in_zmin_schema	diff-pairs	--histogram	<unexpanded>	<unexpanded>	<unexpanded>	<unexpanded>	<unexpanded>	upstream Git docs plus zmin schema	git-diff-pairs.adoc	upstream_git_docs	git-diff-pairs.adoc status_counts={} schema_args=0	decide whether to implement, explicitly defer, or prove stock-compatible rejection	documented option seed is not a complete behavior denominator
doc-option:0ceb2f24545b5317	not implemented / broken / open	doc_option_not_in_zmin_schema	diff-pairs	--ignore-all-space	<unexpanded>	<unexpanded>	<unexpanded>	<unexpanded>	<unexpanded>	upstream Git docs plus zmin schema	git-diff-pairs.adoc	upstream_git_docs	git-diff-pairs.adoc status_counts={} schema_args=0	decide whether to implement, explicitly defer, or prove stock-compatible rejection	documented option seed is not a complete behavior denominator
doc-option:c0cfc1d6be0d28ee	not implemented / broken / open	doc_option_not_in_zmin_schema	diff-pairs	--ignore-blank-lines	<unexpanded>	<unexpanded>	<unexpanded>	<unexpanded>	<unexpanded>	upstream Git docs plus zmin schema	git-diff-pairs.adoc	upstream_git_docs	git-diff-pairs.adoc status_counts={} schema_args=0	decide whether to implement, explicitly defer, or prove stock-compatible rejection	documented option seed is not a complete behavior denominator
doc-option:798506b746c19163	not implemented / broken / open	doc_option_not_in_zmin_schema	diff-pairs	--ignore-cr-at-eol	<unexpanded>	<unexpanded>	<unexpanded>	<unexpanded>	<unexpanded>	upstream Git docs plus zmin schema	git-diff-pairs.adoc	upstream_git_docs	git-diff-pairs.adoc status_counts={} schema_args=0	decide whether to implement, explicitly defer, or prove stock-compatible rejection	documented option seed is not a complete behavior denominator
doc-option:77c2eb889e3a12bf	not implemented / broken / open	doc_option_not_in_zmin_schema	diff-pairs	--ignore-matching-lines	<unexpanded>	<unexpanded>	<unexpanded>	<unexpanded>	<unexpanded>	upstream Git docs plus zmin schema	git-diff-pairs.adoc	upstream_git_docs	git-diff-pairs.adoc status_counts={} schema_args=0	decide whether to implement, explicitly defer, or prove stock-compatible rejection	documented option seed is not a complete behavior denominator
doc-option:f9f24bdf546dfb82	not implemented / broken / open	doc_option_not_in_zmin_schema	diff-pairs	--ignore-space-at-eol	<unexpanded>	<unexpanded>	<unexpanded>	<unexpanded>	<unexpanded>	upstream Git docs plus zmin schema	git-diff-pairs.adoc	upstream_git_docs	git-diff-pairs.adoc status_counts={} schema_args=0	decide whether to implement, explicitly defer, or prove stock-compatible rejection	documented option seed is not a complete behavior denominator
doc-option:b1d187b583a596f7	not implemented / broken / open	doc_option_not_in_zmin_schema	diff-pairs	--ignore-space-change	<unexpanded>	<unexpanded>	<unexpanded>	<unexpanded>	<unexpanded>	upstream Git docs plus zmin schema	git-diff-pairs.adoc	upstream_git_docs	git-diff-pairs.adoc status_counts={} schema_args=0	decide whether to implement, explicitly defer, or prove stock-compatible rejection	documented option seed is not a complete behavior denominator
doc-option:eb3e07451af48b16	not implemented / broken / open	doc_option_not_in_zmin_schema	diff-pairs	--ignore-submodules	<unexpanded>	<unexpanded>	<unexpanded>	<unexpanded>	<unexpanded>	upstream Git docs plus zmin schema	git-diff-pairs.adoc	upstream_git_docs	git-diff-pairs.adoc status_counts={} schema_args=0	decide whether to implement, explicitly defer, or prove stock-compatible rejection	documented option seed is not a complete behavior denominator
doc-option:3b572be6eb0e8252	not implemented / broken / open	doc_option_not_in_zmin_schema	diff-pairs	--indent-heuristic	<unexpanded>	<unexpanded>	<unexpanded>	<unexpanded>	<unexpanded>	upstream Git docs plus zmin schema	git-diff-pairs.adoc	upstream_git_docs	git-diff-pairs.adoc status_counts={} schema_args=0	decide whether to implement, explicitly defer, or prove stock-compatible rejection	documented option seed is not a complete behavior denominator
doc-option:f414cd78357ef1f5	not implemented / broken / open	doc_option_not_in_zmin_schema	diff-pairs	--inter-hunk-context	<unexpanded>	<unexpanded>	<unexpanded>	<unexpanded>	<unexpanded>	upstream Git docs plus zmin schema	git-diff-pairs.adoc	upstream_git_docs	git-diff-pairs.adoc status_counts={} schema_args=0	decide whether to implement, explicitly defer, or prove stock-compatible rejection	documented option seed is not a complete behavior denominator
doc-option:694ca027ddad5012	not implemented / broken / open	doc_option_not_in_zmin_schema	diff-pairs	--irreversible-delete	<unexpanded>	<unexpanded>	<unexpanded>	<unexpanded>	<unexpanded>	upstream Git docs plus zmin schema	git-diff-pairs.adoc	upstream_git_docs	git-diff-pairs.adoc status_counts={} schema_args=0	decide whether to implement, explicitly defer, or prove stock-compatible rejection	documented option seed is not a complete behavior denominator
doc-option:909f7d45a7e05ac2	not implemented / broken / open	doc_option_not_in_zmin_schema	diff-pairs	--ita-invisible-in-index	<unexpanded>	<unexpanded>	<unexpanded>	<unexpanded>	<unexpanded>	upstream Git docs plus zmin schema	git-diff-pairs.adoc	upstream_git_docs	git-diff-pairs.adoc status_counts={} schema_args=0	decide whether to implement, explicitly defer, or prove stock-compatible rejection	documented option seed is not a complete behavior denominator
doc-option:dc4252567ddf5999	not implemented / broken / open	doc_option_not_in_zmin_schema	diff-pairs	--line-prefix	<unexpanded>	<unexpanded>	<unexpanded>	<unexpanded>	<unexpanded>	upstream Git docs plus zmin schema	git-diff-pairs.adoc	upstream_git_docs	git-diff-pairs.adoc status_counts={} schema_args=0	decide whether to implement, explicitly defer, or prove stock-compatible rejection	documented option seed is not a complete behavior denominator
doc-option:aa545764ef5b4a22	not implemented / broken / open	doc_option_not_in_zmin_schema	diff-pairs	--max-depth	<unexpanded>	<unexpanded>	<unexpanded>	<unexpanded>	<unexpanded>	upstream Git docs plus zmin schema	git-diff-pairs.adoc	upstream_git_docs	git-diff-pairs.adoc status_counts={} schema_args=0	decide whether to implement, explicitly defer, or prove stock-compatible rejection	documented option seed is not a complete behavior denominator
doc-option:1a77455622aa2b77	not implemented / broken / open	doc_option_not_in_zmin_schema	diff-pairs	--minimal	<unexpanded>	<unexpanded>	<unexpanded>	<unexpanded>	<unexpanded>	upstream Git docs plus zmin schema	git-diff-pairs.adoc	upstream_git_docs	git-diff-pairs.adoc status_counts={} schema_args=0	decide whether to implement, explicitly defer, or prove stock-compatible rejection	documented option seed is not a complete behavior denominator
doc-option:2c5a2f01a969dcc3	implemented but unverified	doc_option_implemented_without_matrix_evidence	diff-pairs	--name-only	<unexpanded>	<unexpanded>	<unexpanded>	<unexpanded>	<unexpanded>	upstream Git docs plus zmin schema	git-diff-pairs.adoc	upstream_git_docs	git-diff-pairs.adoc status_counts={} schema_args=1	write exact stock-Git rows for the implemented parser/handler surface	documented option seed is not a complete behavior denominator
doc-option:679f822f950bfb59	implemented but unverified	doc_option_implemented_without_matrix_evidence	diff-pairs	--name-status	<unexpanded>	<unexpanded>	<unexpanded>	<unexpanded>	<unexpanded>	upstream Git docs plus zmin schema	git-diff-pairs.adoc	upstream_git_docs	git-diff-pairs.adoc status_counts={} schema_args=1	write exact stock-Git rows for the implemented parser/handler surface	documented option seed is not a complete behavior denominator
doc-option:98c693815f40ef38	not implemented / broken / open	doc_option_not_in_zmin_schema	diff-pairs	--no-color	<unexpanded>	<unexpanded>	<unexpanded>	<unexpanded>	<unexpanded>	upstream Git docs plus zmin schema	git-diff-pairs.adoc	upstream_git_docs	git-diff-pairs.adoc status_counts={} schema_args=0	decide whether to implement, explicitly defer, or prove stock-compatible rejection	documented option seed is not a complete behavior denominator
doc-option:cf8283b2fea39a87	not implemented / broken / open	doc_option_not_in_zmin_schema	diff-pairs	--no-color-moved	<unexpanded>	<unexpanded>	<unexpanded>	<unexpanded>	<unexpanded>	upstream Git docs plus zmin schema	git-diff-pairs.adoc	upstream_git_docs	git-diff-pairs.adoc status_counts={} schema_args=0	decide whether to implement, explicitly defer, or prove stock-compatible rejection	documented option seed is not a complete behavior denominator
doc-option:78f94521b57a2bc7	not implemented / broken / open	doc_option_not_in_zmin_schema	diff-pairs	--no-color-moved-ws	<unexpanded>	<unexpanded>	<unexpanded>	<unexpanded>	<unexpanded>	upstream Git docs plus zmin schema	git-diff-pairs.adoc	upstream_git_docs	git-diff-pairs.adoc status_counts={} schema_args=0	decide whether to implement, explicitly defer, or prove stock-compatible rejection	documented option seed is not a complete behavior denominator
doc-option:2a859fce66d6c760	not implemented / broken / open	doc_option_not_in_zmin_schema	diff-pairs	--no-diff-merges	<unexpanded>	<unexpanded>	<unexpanded>	<unexpanded>	<unexpanded>	upstream Git docs plus zmin schema	git-diff-pairs.adoc	upstream_git_docs	git-diff-pairs.adoc status_counts={} schema_args=0	decide whether to implement, explicitly defer, or prove stock-compatible rejection	documented option seed is not a complete behavior denominator
doc-option:27a85a8a16d54b16	not implemented / broken / open	doc_option_not_in_zmin_schema	diff-pairs	--no-ext-diff	<unexpanded>	<unexpanded>	<unexpanded>	<unexpanded>	<unexpanded>	upstream Git docs plus zmin schema	git-diff-pairs.adoc	upstream_git_docs	git-diff-pairs.adoc status_counts={} schema_args=0	decide whether to implement, explicitly defer, or prove stock-compatible rejection	documented option seed is not a complete behavior denominator
doc-option:c16c8429cfd785ba	not implemented / broken / open	doc_option_not_in_zmin_schema	diff-pairs	--no-indent-heuristic	<unexpanded>	<unexpanded>	<unexpanded>	<unexpanded>	<unexpanded>	upstream Git docs plus zmin schema	git-diff-pairs.adoc	upstream_git_docs	git-diff-pairs.adoc status_counts={} schema_args=0	decide whether to implement, explicitly defer, or prove stock-compatible rejection	documented option seed is not a complete behavior denominator
doc-option:c41b06269c19941c	implemented but unverified	doc_option_implemented_without_matrix_evidence	diff-pairs	--no-patch	<unexpanded>	<unexpanded>	<unexpanded>	<unexpanded>	<unexpanded>	upstream Git docs plus zmin schema	git-diff-pairs.adoc	upstream_git_docs	git-diff-pairs.adoc status_counts={} schema_args=1	write exact stock-Git rows for the implemented parser/handler surface	documented option seed is not a complete behavior denominator
doc-option:85b319a1e78b8738	not implemented / broken / open	doc_option_not_in_zmin_schema	diff-pairs	--no-prefix	<unexpanded>	<unexpanded>	<unexpanded>	<unexpanded>	<unexpanded>	upstream Git docs plus zmin schema	git-diff-pairs.adoc	upstream_git_docs	git-diff-pairs.adoc status_counts={} schema_args=0	decide whether to implement, explicitly defer, or prove stock-compatible rejection	documented option seed is not a complete behavior denominator
doc-option:d34635bdc0a50653	not implemented / broken / open	doc_option_not_in_zmin_schema	diff-pairs	--no-relative	<unexpanded>	<unexpanded>	<unexpanded>	<unexpanded>	<unexpanded>	upstream Git docs plus zmin schema	git-diff-pairs.adoc	upstream_git_docs	git-diff-pairs.adoc status_counts={} schema_args=0	decide whether to implement, explicitly defer, or prove stock-compatible rejection	documented option seed is not a complete behavior denominator
doc-option:b55d8c2384a66000	not implemented / broken / open	doc_option_not_in_zmin_schema	diff-pairs	--no-rename-empty	<unexpanded>	<unexpanded>	<unexpanded>	<unexpanded>	<unexpanded>	upstream Git docs plus zmin schema	git-diff-pairs.adoc	upstream_git_docs	git-diff-pairs.adoc status_counts={} schema_args=0	decide whether to implement, explicitly defer, or prove stock-compatible rejection	documented option seed is not a complete behavior denominator
doc-option:f85b3af3a8d7ae12	not implemented / broken / open	doc_option_not_in_zmin_schema	diff-pairs	--no-renames	<unexpanded>	<unexpanded>	<unexpanded>	<unexpanded>	<unexpanded>	upstream Git docs plus zmin schema	git-diff-pairs.adoc	upstream_git_docs	git-diff-pairs.adoc status_counts={} schema_args=0	decide whether to implement, explicitly defer, or prove stock-compatible rejection	documented option seed is not a complete behavior denominator
doc-option:01217e22d49ff127	not implemented / broken / open	doc_option_not_in_zmin_schema	diff-pairs	--no-stat	<unexpanded>	<unexpanded>	<unexpanded>	<unexpanded>	<unexpanded>	upstream Git docs plus zmin schema	git-diff-pairs.adoc	upstream_git_docs	git-diff-pairs.adoc status_counts={} schema_args=0	decide whether to implement, explicitly defer, or prove stock-compatible rejection	documented option seed is not a complete behavior denominator
doc-option:6cc3757b45cc288e	not implemented / broken / open	doc_option_not_in_zmin_schema	diff-pairs	--no-textconv	<unexpanded>	<unexpanded>	<unexpanded>	<unexpanded>	<unexpanded>	upstream Git docs plus zmin schema	git-diff-pairs.adoc	upstream_git_docs	git-diff-pairs.adoc status_counts={} schema_args=0	decide whether to implement, explicitly defer, or prove stock-compatible rejection	documented option seed is not a complete behavior denominator
doc-option:b2b2e76a8de0892a	implemented but unverified	doc_option_implemented_without_matrix_evidence	diff-pairs	--numstat	<unexpanded>	<unexpanded>	<unexpanded>	<unexpanded>	<unexpanded>	upstream Git docs plus zmin schema	git-diff-pairs.adoc	upstream_git_docs	git-diff-pairs.adoc status_counts={} schema_args=1	write exact stock-Git rows for the implemented parser/handler surface	documented option seed is not a complete behavior denominator
doc-option:b5855d02f66e591c	not implemented / broken / open	doc_option_not_in_zmin_schema	diff-pairs	--output	<unexpanded>	<unexpanded>	<unexpanded>	<unexpanded>	<unexpanded>	upstream Git docs plus zmin schema	git-diff-pairs.adoc	upstream_git_docs	git-diff-pairs.adoc status_counts={} schema_args=0	decide whether to implement, explicitly defer, or prove stock-compatible rejection	documented option seed is not a complete behavior denominator
doc-option:f75afd16d49ae9c2	not implemented / broken / open	doc_option_not_in_zmin_schema	diff-pairs	--output-indicator-context	<unexpanded>	<unexpanded>	<unexpanded>	<unexpanded>	<unexpanded>	upstream Git docs plus zmin schema	git-diff-pairs.adoc	upstream_git_docs	git-diff-pairs.adoc status_counts={} schema_args=0	decide whether to implement, explicitly defer, or prove stock-compatible rejection	documented option seed is not a complete behavior denominator
doc-option:9f2f8962141cf1db	not implemented / broken / open	doc_option_not_in_zmin_schema	diff-pairs	--output-indicator-new	<unexpanded>	<unexpanded>	<unexpanded>	<unexpanded>	<unexpanded>	upstream Git docs plus zmin schema	git-diff-pairs.adoc	upstream_git_docs	git-diff-pairs.adoc status_counts={} schema_args=0	decide whether to implement, explicitly defer, or prove stock-compatible rejection	documented option seed is not a complete behavior denominator
doc-option:502e3633f516ab4c	not implemented / broken / open	doc_option_not_in_zmin_schema	diff-pairs	--output-indicator-old	<unexpanded>	<unexpanded>	<unexpanded>	<unexpanded>	<unexpanded>	upstream Git docs plus zmin schema	git-diff-pairs.adoc	upstream_git_docs	git-diff-pairs.adoc status_counts={} schema_args=0	decide whether to implement, explicitly defer, or prove stock-compatible rejection	documented option seed is not a complete behavior denominator
doc-option:4420cf1c4b43711e	implemented but unverified	doc_option_implemented_without_matrix_evidence	diff-pairs	--patch	<unexpanded>	<unexpanded>	<unexpanded>	<unexpanded>	<unexpanded>	upstream Git docs plus zmin schema	git-diff-pairs.adoc	upstream_git_docs	git-diff-pairs.adoc status_counts={} schema_args=1	write exact stock-Git rows for the implemented parser/handler surface	documented option seed is not a complete behavior denominator
doc-option:e7080d57a37c2d51	not implemented / broken / open	doc_option_not_in_zmin_schema	diff-pairs	--patch-with-raw	<unexpanded>	<unexpanded>	<unexpanded>	<unexpanded>	<unexpanded>	upstream Git docs plus zmin schema	git-diff-pairs.adoc	upstream_git_docs	git-diff-pairs.adoc status_counts={} schema_args=0	decide whether to implement, explicitly defer, or prove stock-compatible rejection	documented option seed is not a complete behavior denominator
doc-option:c5b28ae8201414cd	not implemented / broken / open	doc_option_not_in_zmin_schema	diff-pairs	--patch-with-stat	<unexpanded>	<unexpanded>	<unexpanded>	<unexpanded>	<unexpanded>	upstream Git docs plus zmin schema	git-diff-pairs.adoc	upstream_git_docs	git-diff-pairs.adoc status_counts={} schema_args=0	decide whether to implement, explicitly defer, or prove stock-compatible rejection	documented option seed is not a complete behavior denominator
doc-option:f047101919318c29	not implemented / broken / open	doc_option_not_in_zmin_schema	diff-pairs	--patience	<unexpanded>	<unexpanded>	<unexpanded>	<unexpanded>	<unexpanded>	upstream Git docs plus zmin schema	git-diff-pairs.adoc	upstream_git_docs	git-diff-pairs.adoc status_counts={} schema_args=0	decide whether to implement, explicitly defer, or prove stock-compatible rejection	documented option seed is not a complete behavior denominator
doc-option:2095248e58786111	not implemented / broken / open	doc_option_not_in_zmin_schema	diff-pairs	--pickaxe-all	<unexpanded>	<unexpanded>	<unexpanded>	<unexpanded>	<unexpanded>	upstream Git docs plus zmin schema	git-diff-pairs.adoc	upstream_git_docs	git-diff-pairs.adoc status_counts={} schema_args=0	decide whether to implement, explicitly defer, or prove stock-compatible rejection	documented option seed is not a complete behavior denominator
doc-option:f8b9fcb444865405	not implemented / broken / open	doc_option_not_in_zmin_schema	diff-pairs	--pickaxe-regex	<unexpanded>	<unexpanded>	<unexpanded>	<unexpanded>	<unexpanded>	upstream Git docs plus zmin schema	git-diff-pairs.adoc	upstream_git_docs	git-diff-pairs.adoc status_counts={} schema_args=0	decide whether to implement, explicitly defer, or prove stock-compatible rejection	documented option seed is not a complete behavior denominator
doc-option:c026962d8f883dd8	implemented but unverified	doc_option_implemented_without_matrix_evidence	diff-pairs	--quiet	<unexpanded>	<unexpanded>	<unexpanded>	<unexpanded>	<unexpanded>	upstream Git docs plus zmin schema	git-diff-pairs.adoc	upstream_git_docs	git-diff-pairs.adoc status_counts={} schema_args=1	write exact stock-Git rows for the implemented parser/handler surface	documented option seed is not a complete behavior denominator
doc-option:0579003a25672282	implemented but unverified	doc_option_implemented_without_matrix_evidence	diff-pairs	--raw	<unexpanded>	<unexpanded>	<unexpanded>	<unexpanded>	<unexpanded>	upstream Git docs plus zmin schema	git-diff-pairs.adoc	upstream_git_docs	git-diff-pairs.adoc status_counts={} schema_args=1	write exact stock-Git rows for the implemented parser/handler surface	documented option seed is not a complete behavior denominator
doc-option:3b4bef7ea109d9ba	not implemented / broken / open	doc_option_not_in_zmin_schema	diff-pairs	--relative	<unexpanded>	<unexpanded>	<unexpanded>	<unexpanded>	<unexpanded>	upstream Git docs plus zmin schema	git-diff-pairs.adoc	upstream_git_docs	git-diff-pairs.adoc status_counts={} schema_args=0	decide whether to implement, explicitly defer, or prove stock-compatible rejection	documented option seed is not a complete behavior denominator
doc-option:c8e52dc3f6d234ab	not implemented / broken / open	doc_option_not_in_zmin_schema	diff-pairs	--remerge-diff	<unexpanded>	<unexpanded>	<unexpanded>	<unexpanded>	<unexpanded>	upstream Git docs plus zmin schema	git-diff-pairs.adoc	upstream_git_docs	git-diff-pairs.adoc status_counts={} schema_args=0	decide whether to implement, explicitly defer, or prove stock-compatible rejection	documented option seed is not a complete behavior denominator
doc-option:7d5dfa3832fbfedd	not implemented / broken / open	doc_option_not_in_zmin_schema	diff-pairs	--rename-empty	<unexpanded>	<unexpanded>	<unexpanded>	<unexpanded>	<unexpanded>	upstream Git docs plus zmin schema	git-diff-pairs.adoc	upstream_git_docs	git-diff-pairs.adoc status_counts={} schema_args=0	decide whether to implement, explicitly defer, or prove stock-compatible rejection	documented option seed is not a complete behavior denominator
doc-option:f823fb53f523459d	not implemented / broken / open	doc_option_not_in_zmin_schema	diff-pairs	--rotate-to	<unexpanded>	<unexpanded>	<unexpanded>	<unexpanded>	<unexpanded>	upstream Git docs plus zmin schema	git-diff-pairs.adoc	upstream_git_docs	git-diff-pairs.adoc status_counts={} schema_args=0	decide whether to implement, explicitly defer, or prove stock-compatible rejection	documented option seed is not a complete behavior denominator
doc-option:73139e0ff5ef8411	implemented but unverified	doc_option_implemented_without_matrix_evidence	diff-pairs	--shortstat	<unexpanded>	<unexpanded>	<unexpanded>	<unexpanded>	<unexpanded>	upstream Git docs plus zmin schema	git-diff-pairs.adoc	upstream_git_docs	git-diff-pairs.adoc status_counts={} schema_args=1	write exact stock-Git rows for the implemented parser/handler surface	documented option seed is not a complete behavior denominator
doc-option:291dcb24ec16902b	not implemented / broken / open	doc_option_not_in_zmin_schema	diff-pairs	--skip-to	<unexpanded>	<unexpanded>	<unexpanded>	<unexpanded>	<unexpanded>	upstream Git docs plus zmin schema	git-diff-pairs.adoc	upstream_git_docs	git-diff-pairs.adoc status_counts={} schema_args=0	decide whether to implement, explicitly defer, or prove stock-compatible rejection	documented option seed is not a complete behavior denominator
doc-option:4b160952cce00e56	not implemented / broken / open	doc_option_not_in_zmin_schema	diff-pairs	--src-prefix	<unexpanded>	<unexpanded>	<unexpanded>	<unexpanded>	<unexpanded>	upstream Git docs plus zmin schema	git-diff-pairs.adoc	upstream_git_docs	git-diff-pairs.adoc status_counts={} schema_args=0	decide whether to implement, explicitly defer, or prove stock-compatible rejection	documented option seed is not a complete behavior denominator
doc-option:ea39022f7bd12022	implemented but unverified	doc_option_implemented_without_matrix_evidence	diff-pairs	--stat	<unexpanded>	<unexpanded>	<unexpanded>	<unexpanded>	<unexpanded>	upstream Git docs plus zmin schema	git-diff-pairs.adoc	upstream_git_docs	git-diff-pairs.adoc status_counts={} schema_args=1	write exact stock-Git rows for the implemented parser/handler surface	documented option seed is not a complete behavior denominator
doc-option:3f0a04788f667f87	not implemented / broken / open	doc_option_not_in_zmin_schema	diff-pairs	--submodule	<unexpanded>	<unexpanded>	<unexpanded>	<unexpanded>	<unexpanded>	upstream Git docs plus zmin schema	git-diff-pairs.adoc	upstream_git_docs	git-diff-pairs.adoc status_counts={} schema_args=0	decide whether to implement, explicitly defer, or prove stock-compatible rejection	documented option seed is not a complete behavior denominator
doc-option:1dae6d46010de61d	implemented but unverified	doc_option_implemented_without_matrix_evidence	diff-pairs	--summary	<unexpanded>	<unexpanded>	<unexpanded>	<unexpanded>	<unexpanded>	upstream Git docs plus zmin schema	git-diff-pairs.adoc	upstream_git_docs	git-diff-pairs.adoc status_counts={} schema_args=1	write exact stock-Git rows for the implemented parser/handler surface	documented option seed is not a complete behavior denominator
doc-option:0221d5baff48d4e3	not implemented / broken / open	doc_option_not_in_zmin_schema	diff-pairs	--text	<unexpanded>	<unexpanded>	<unexpanded>	<unexpanded>	<unexpanded>	upstream Git docs plus zmin schema	git-diff-pairs.adoc	upstream_git_docs	git-diff-pairs.adoc status_counts={} schema_args=0	decide whether to implement, explicitly defer, or prove stock-compatible rejection	documented option seed is not a complete behavior denominator
doc-option:ccd3d6e34f1d1aa0	not implemented / broken / open	doc_option_not_in_zmin_schema	diff-pairs	--textconv	<unexpanded>	<unexpanded>	<unexpanded>	<unexpanded>	<unexpanded>	upstream Git docs plus zmin schema	git-diff-pairs.adoc	upstream_git_docs	git-diff-pairs.adoc status_counts={} schema_args=0	decide whether to implement, explicitly defer, or prove stock-compatible rejection	documented option seed is not a complete behavior denominator
doc-option:d37b37895ee056ab	not implemented / broken / open	doc_option_not_in_zmin_schema	diff-pairs	--unified	<unexpanded>	<unexpanded>	<unexpanded>	<unexpanded>	<unexpanded>	upstream Git docs plus zmin schema	git-diff-pairs.adoc	upstream_git_docs	git-diff-pairs.adoc status_counts={} schema_args=0	decide whether to implement, explicitly defer, or prove stock-compatible rejection	documented option seed is not a complete behavior denominator
doc-option:13301b29254f2348	implemented but unverified	doc_option_implemented_without_matrix_evidence	diff-pairs	--word-diff	<unexpanded>	<unexpanded>	<unexpanded>	<unexpanded>	<unexpanded>	upstream Git docs plus zmin schema	git-diff-pairs.adoc	upstream_git_docs	git-diff-pairs.adoc status_counts={} schema_args=1	write exact stock-Git rows for the implemented parser/handler surface	documented option seed is not a complete behavior denominator
doc-option:b4f942ee3a0e86c6	not implemented / broken / open	doc_option_not_in_zmin_schema	diff-pairs	--word-diff-regex	<unexpanded>	<unexpanded>	<unexpanded>	<unexpanded>	<unexpanded>	upstream Git docs plus zmin schema	git-diff-pairs.adoc	upstream_git_docs	git-diff-pairs.adoc status_counts={} schema_args=0	decide whether to implement, explicitly defer, or prove stock-compatible rejection	documented option seed is not a complete behavior denominator
doc-option:9eeaa7fcc0f1a8fb	not implemented / broken / open	doc_option_not_in_zmin_schema	diff-pairs	--ws-error-highlight	<unexpanded>	<unexpanded>	<unexpanded>	<unexpanded>	<unexpanded>	upstream Git docs plus zmin schema	git-diff-pairs.adoc	upstream_git_docs	git-diff-pairs.adoc status_counts={} schema_args=0	decide whether to implement, explicitly defer, or prove stock-compatible rejection	documented option seed is not a complete behavior denominator
doc-option:967028fb24e0df4f	not implemented / broken / open	doc_option_not_in_zmin_schema	diff-pairs	-B	<unexpanded>	<unexpanded>	<unexpanded>	<unexpanded>	<unexpanded>	upstream Git docs plus zmin schema	git-diff-pairs.adoc	upstream_git_docs	git-diff-pairs.adoc status_counts={} schema_args=0	decide whether to implement, explicitly defer, or prove stock-compatible rejection	documented option seed is not a complete behavior denominator
doc-option:a1d8946db3899d8f	not implemented / broken / open	doc_option_not_in_zmin_schema	diff-pairs	-C	<unexpanded>	<unexpanded>	<unexpanded>	<unexpanded>	<unexpanded>	upstream Git docs plus zmin schema	git-diff-pairs.adoc	upstream_git_docs	git-diff-pairs.adoc status_counts={} schema_args=0	decide whether to implement, explicitly defer, or prove stock-compatible rejection	documented option seed is not a complete behavior denominator
doc-option:93d68eb3a9a1d79d	not implemented / broken / open	doc_option_not_in_zmin_schema	diff-pairs	-D	<unexpanded>	<unexpanded>	<unexpanded>	<unexpanded>	<unexpanded>	upstream Git docs plus zmin schema	git-diff-pairs.adoc	upstream_git_docs	git-diff-pairs.adoc status_counts={} schema_args=0	decide whether to implement, explicitly defer, or prove stock-compatible rejection	documented option seed is not a complete behavior denominator
doc-option:810ce7a891d1e4fc	not implemented / broken / open	doc_option_not_in_zmin_schema	diff-pairs	-G	<unexpanded>	<unexpanded>	<unexpanded>	<unexpanded>	<unexpanded>	upstream Git docs plus zmin schema	git-diff-pairs.adoc	upstream_git_docs	git-diff-pairs.adoc status_counts={} schema_args=0	decide whether to implement, explicitly defer, or prove stock-compatible rejection	documented option seed is not a complete behavior denominator
doc-option:5f4a428b8b410324	not implemented / broken / open	doc_option_not_in_zmin_schema	diff-pairs	-I	<unexpanded>	<unexpanded>	<unexpanded>	<unexpanded>	<unexpanded>	upstream Git docs plus zmin schema	git-diff-pairs.adoc	upstream_git_docs	git-diff-pairs.adoc status_counts={} schema_args=0	decide whether to implement, explicitly defer, or prove stock-compatible rejection	documented option seed is not a complete behavior denominator
doc-option:99cec1014116895e	not implemented / broken / open	doc_option_not_in_zmin_schema	diff-pairs	-M	<unexpanded>	<unexpanded>	<unexpanded>	<unexpanded>	<unexpanded>	upstream Git docs plus zmin schema	git-diff-pairs.adoc	upstream_git_docs	git-diff-pairs.adoc status_counts={} schema_args=0	decide whether to implement, explicitly defer, or prove stock-compatible rejection	documented option seed is not a complete behavior denominator
doc-option:29d65f6335b69e81	not implemented / broken / open	doc_option_not_in_zmin_schema	diff-pairs	-O	<unexpanded>	<unexpanded>	<unexpanded>	<unexpanded>	<unexpanded>	upstream Git docs plus zmin schema	git-diff-pairs.adoc	upstream_git_docs	git-diff-pairs.adoc status_counts={} schema_args=0	decide whether to implement, explicitly defer, or prove stock-compatible rejection	documented option seed is not a complete behavior denominator
doc-option:371909da70747e6b	not implemented / broken / open	doc_option_not_in_zmin_schema	diff-pairs	-R	<unexpanded>	<unexpanded>	<unexpanded>	<unexpanded>	<unexpanded>	upstream Git docs plus zmin schema	git-diff-pairs.adoc	upstream_git_docs	git-diff-pairs.adoc status_counts={} schema_args=0	decide whether to implement, explicitly defer, or prove stock-compatible rejection	documented option seed is not a complete behavior denominator
doc-option:45c86598eb1905e2	not implemented / broken / open	doc_option_not_in_zmin_schema	diff-pairs	-S	<unexpanded>	<unexpanded>	<unexpanded>	<unexpanded>	<unexpanded>	upstream Git docs plus zmin schema	git-diff-pairs.adoc	upstream_git_docs	git-diff-pairs.adoc status_counts={} schema_args=0	decide whether to implement, explicitly defer, or prove stock-compatible rejection	documented option seed is not a complete behavior denominator
doc-option:8e87fc371dfd49a1	not implemented / broken / open	doc_option_not_in_zmin_schema	diff-pairs	-U	<unexpanded>	<unexpanded>	<unexpanded>	<unexpanded>	<unexpanded>	upstream Git docs plus zmin schema	git-diff-pairs.adoc	upstream_git_docs	git-diff-pairs.adoc status_counts={} schema_args=0	decide whether to implement, explicitly defer, or prove stock-compatible rejection	documented option seed is not a complete behavior denominator
doc-option:28c0d5af7c0d8469	not implemented / broken / open	doc_option_not_in_zmin_schema	diff-pairs	-W	<unexpanded>	<unexpanded>	<unexpanded>	<unexpanded>	<unexpanded>	upstream Git docs plus zmin schema	git-diff-pairs.adoc	upstream_git_docs	git-diff-pairs.adoc status_counts={} schema_args=0	decide whether to implement, explicitly defer, or prove stock-compatible rejection	documented option seed is not a complete behavior denominator
doc-option:e8c7fde78ac9bdd1	not implemented / broken / open	doc_option_not_in_zmin_schema	diff-pairs	-X	<unexpanded>	<unexpanded>	<unexpanded>	<unexpanded>	<unexpanded>	upstream Git docs plus zmin schema	git-diff-pairs.adoc	upstream_git_docs	git-diff-pairs.adoc status_counts={} schema_args=0	decide whether to implement, explicitly defer, or prove stock-compatible rejection	documented option seed is not a complete behavior denominator
doc-option:1275b7c7eaac66ad	not implemented / broken / open	doc_option_not_in_zmin_schema	diff-pairs	-a	<unexpanded>	<unexpanded>	<unexpanded>	<unexpanded>	<unexpanded>	upstream Git docs plus zmin schema	git-diff-pairs.adoc	upstream_git_docs	git-diff-pairs.adoc status_counts={} schema_args=0	decide whether to implement, explicitly defer, or prove stock-compatible rejection	documented option seed is not a complete behavior denominator
doc-option:9cd97fe9928159a2	not implemented / broken / open	doc_option_not_in_zmin_schema	diff-pairs	-b	<unexpanded>	<unexpanded>	<unexpanded>	<unexpanded>	<unexpanded>	upstream Git docs plus zmin schema	git-diff-pairs.adoc	upstream_git_docs	git-diff-pairs.adoc status_counts={} schema_args=0	decide whether to implement, explicitly defer, or prove stock-compatible rejection	documented option seed is not a complete behavior denominator
doc-option:36b3156d230ef634	not implemented / broken / open	doc_option_not_in_zmin_schema	diff-pairs	-c	<unexpanded>	<unexpanded>	<unexpanded>	<unexpanded>	<unexpanded>	upstream Git docs plus zmin schema	git-diff-pairs.adoc	upstream_git_docs	git-diff-pairs.adoc status_counts={} schema_args=0	decide whether to implement, explicitly defer, or prove stock-compatible rejection	documented option seed is not a complete behavior denominator
doc-option:12440cafa1bf68ae	not implemented / broken / open	doc_option_not_in_zmin_schema	diff-pairs	-l	<unexpanded>	<unexpanded>	<unexpanded>	<unexpanded>	<unexpanded>	upstream Git docs plus zmin schema	git-diff-pairs.adoc	upstream_git_docs	git-diff-pairs.adoc status_counts={} schema_args=0	decide whether to implement, explicitly defer, or prove stock-compatible rejection	documented option seed is not a complete behavior denominator
doc-option:d2030a264bb33c4f	not implemented / broken / open	doc_option_not_in_zmin_schema	diff-pairs	-m	<unexpanded>	<unexpanded>	<unexpanded>	<unexpanded>	<unexpanded>	upstream Git docs plus zmin schema	git-diff-pairs.adoc	upstream_git_docs	git-diff-pairs.adoc status_counts={} schema_args=0	decide whether to implement, explicitly defer, or prove stock-compatible rejection	documented option seed is not a complete behavior denominator
doc-option:b0b296c575972d29	implemented but unverified	doc_option_implemented_without_matrix_evidence	diff-pairs	-p	<unexpanded>	<unexpanded>	<unexpanded>	<unexpanded>	<unexpanded>	upstream Git docs plus zmin schema	git-diff-pairs.adoc	upstream_git_docs	git-diff-pairs.adoc status_counts={} schema_args=1	write exact stock-Git rows for the implemented parser/handler surface	documented option seed is not a complete behavior denominator
doc-option:89d97dc8944eae7b	implemented but unverified	doc_option_implemented_without_matrix_evidence	diff-pairs	-s	<unexpanded>	<unexpanded>	<unexpanded>	<unexpanded>	<unexpanded>	upstream Git docs plus zmin schema	git-diff-pairs.adoc	upstream_git_docs	git-diff-pairs.adoc status_counts={} schema_args=1	write exact stock-Git rows for the implemented parser/handler surface	documented option seed is not a complete behavior denominator
doc-option:fa4596e0b890672c	not implemented / broken / open	doc_option_not_in_zmin_schema	diff-pairs	-t	<unexpanded>	<unexpanded>	<unexpanded>	<unexpanded>	<unexpanded>	upstream Git docs plus zmin schema	git-diff-pairs.adoc	upstream_git_docs	git-diff-pairs.adoc status_counts={} schema_args=0	decide whether to implement, explicitly defer, or prove stock-compatible rejection	documented option seed is not a complete behavior denominator
doc-option:01a1e530011cbc81	not implemented / broken / open	doc_option_not_in_zmin_schema	diff-pairs	-u	<unexpanded>	<unexpanded>	<unexpanded>	<unexpanded>	<unexpanded>	upstream Git docs plus zmin schema	git-diff-pairs.adoc	upstream_git_docs	git-diff-pairs.adoc status_counts={} schema_args=0	decide whether to implement, explicitly defer, or prove stock-compatible rejection	documented option seed is not a complete behavior denominator
doc-option:531beb4491821e3b	not implemented / broken / open	doc_option_not_in_zmin_schema	diff-pairs	-w	<unexpanded>	<unexpanded>	<unexpanded>	<unexpanded>	<unexpanded>	upstream Git docs plus zmin schema	git-diff-pairs.adoc	upstream_git_docs	git-diff-pairs.adoc status_counts={} schema_args=0	decide whether to implement, explicitly defer, or prove stock-compatible rejection	documented option seed is not a complete behavior denominator
doc-option:454f3fa1ae874b6c	implemented but unverified	doc_option_implemented_without_matrix_evidence	diff-pairs	-z	<unexpanded>	<unexpanded>	<unexpanded>	<unexpanded>	<unexpanded>	upstream Git docs plus zmin schema	git-diff-pairs.adoc	upstream_git_docs	git-diff-pairs.adoc status_counts={} schema_args=1	write exact stock-Git rows for the implemented parser/handler surface	documented option seed is not a complete behavior denominator
doc-option:4cb3d151d91307ce	not implemented / broken / open	doc_option_not_in_zmin_schema	diff-tree	--max-depth	<unexpanded>	<unexpanded>	<unexpanded>	<unexpanded>	<unexpanded>	upstream Git docs plus zmin schema	git-diff-tree.adoc	upstream_git_docs	git-diff-tree.adoc status_counts={} schema_args=0	decide whether to implement, explicitly defer, or prove stock-compatible rejection	documented option seed is not a complete behavior denominator
doc-option:d4b3fd5a837fea18	not implemented / broken / open	doc_option_not_in_zmin_schema	fast-export	--signed-commits	<unexpanded>	<unexpanded>	<unexpanded>	<unexpanded>	<unexpanded>	upstream Git docs plus zmin schema	git-fast-export.adoc	upstream_git_docs	git-fast-export.adoc status_counts={} schema_args=0	decide whether to implement, explicitly defer, or prove stock-compatible rejection	documented option seed is not a complete behavior denominator
doc-option:5ec80beb97432c89	not implemented / broken / open	doc_option_not_in_zmin_schema	fast-import	--signed-commits	<unexpanded>	<unexpanded>	<unexpanded>	<unexpanded>	<unexpanded>	upstream Git docs plus zmin schema	git-fast-import.adoc	upstream_git_docs	git-fast-import.adoc status_counts={} schema_args=0	decide whether to implement, explicitly defer, or prove stock-compatible rejection	documented option seed is not a complete behavior denominator
doc-option:458b8d3aaca2cf35	not implemented / broken / open	doc_option_not_in_zmin_schema	fast-import	--signed-tags	<unexpanded>	<unexpanded>	<unexpanded>	<unexpanded>	<unexpanded>	upstream Git docs plus zmin schema	git-fast-import.adoc	upstream_git_docs	git-fast-import.adoc status_counts={} schema_args=0	decide whether to implement, explicitly defer, or prove stock-compatible rejection	documented option seed is not a complete behavior denominator
doc-option:e2d03b620fafc299	not implemented / broken / open	doc_option_expansion_required	fetch	--filter	<unexpanded>	<unexpanded>	<unexpanded>	<unexpanded>	<unexpanded>	upstream Git docs plus zmin schema	git-fetch.adoc	upstream_git_docs	git-fetch.adoc status_counts={'closed': 15} schema_args=1	expand remaining values, negations, repeated forms, combinations, states, transports and platforms for this documented option	documented option seed is not a complete behavior denominator
doc-option:e9574a5731951ccb	not implemented / broken / open	doc_option_not_in_zmin_schema	fetch	--negotiation-include	<unexpanded>	<unexpanded>	<unexpanded>	<unexpanded>	<unexpanded>	upstream Git docs plus zmin schema	git-fetch.adoc	upstream_git_docs	git-fetch.adoc status_counts={} schema_args=0	decide whether to implement, explicitly defer, or prove stock-compatible rejection	documented option seed is not a complete behavior denominator
doc-option:eaf315b429ab4b36	not implemented / broken / open	doc_option_not_in_zmin_schema	fetch	--negotiation-restrict	<unexpanded>	<unexpanded>	<unexpanded>	<unexpanded>	<unexpanded>	upstream Git docs plus zmin schema	git-fetch.adoc	upstream_git_docs	git-fetch.adoc status_counts={} schema_args=0	decide whether to implement, explicitly defer, or prove stock-compatible rejection	documented option seed is not a complete behavior denominator
doc-option:e31232e78abf8e20	not implemented / broken / open	doc_option_not_in_zmin_schema	for-each-ref	--start-after	<unexpanded>	<unexpanded>	<unexpanded>	<unexpanded>	<unexpanded>	upstream Git docs plus zmin schema	git-for-each-ref.adoc	upstream_git_docs	git-for-each-ref.adoc status_counts={} schema_args=0	decide whether to implement, explicitly defer, or prove stock-compatible rejection	documented option seed is not a complete behavior denominator
doc-option:a90f57d4e8727ac1	implemented but unverified	doc_option_implemented_without_matrix_evidence	format-patch	--commit-list-format	<unexpanded>	<unexpanded>	<unexpanded>	<unexpanded>	<unexpanded>	upstream Git docs plus zmin schema	git-format-patch.adoc	upstream_git_docs	git-format-patch.adoc status_counts={} schema_args=1	write exact stock-Git rows for the implemented parser/handler surface	documented option seed is not a complete behavior denominator
doc-option:5a2b65e404b5295b	not implemented / broken / open	doc_option_not_in_zmin_schema	format-patch	--max-depth	<unexpanded>	<unexpanded>	<unexpanded>	<unexpanded>	<unexpanded>	upstream Git docs plus zmin schema	git-format-patch.adoc	upstream_git_docs	git-format-patch.adoc status_counts={} schema_args=0	decide whether to implement, explicitly defer, or prove stock-compatible rejection	documented option seed is not a complete behavior denominator
doc-option:bd505127d5111ccc	not implemented / broken / open	doc_option_not_in_zmin_schema	format-rev	--format	<unexpanded>	<unexpanded>	<unexpanded>	<unexpanded>	<unexpanded>	upstream Git docs plus zmin schema	git-format-rev.adoc	upstream_git_docs	git-format-rev.adoc status_counts={} schema_args=0	decide whether to implement, explicitly defer, or prove stock-compatible rejection	documented option seed is not a complete behavior denominator
doc-option:6dedae4a58c4a3a9	not implemented / broken / open	doc_option_not_in_zmin_schema	format-rev	--no-notes	<unexpanded>	<unexpanded>	<unexpanded>	<unexpanded>	<unexpanded>	upstream Git docs plus zmin schema	git-format-rev.adoc	upstream_git_docs	git-format-rev.adoc status_counts={} schema_args=0	decide whether to implement, explicitly defer, or prove stock-compatible rejection	documented option seed is not a complete behavior denominator
doc-option:aeaa805a17de2ad0	not implemented / broken / open	doc_option_not_in_zmin_schema	format-rev	--no-null-input	<unexpanded>	<unexpanded>	<unexpanded>	<unexpanded>	<unexpanded>	upstream Git docs plus zmin schema	git-format-rev.adoc	upstream_git_docs	git-format-rev.adoc status_counts={} schema_args=0	decide whether to implement, explicitly defer, or prove stock-compatible rejection	documented option seed is not a complete behavior denominator
doc-option:6910baf4be158505	not implemented / broken / open	doc_option_not_in_zmin_schema	format-rev	--no-null-output	<unexpanded>	<unexpanded>	<unexpanded>	<unexpanded>	<unexpanded>	upstream Git docs plus zmin schema	git-format-rev.adoc	upstream_git_docs	git-format-rev.adoc status_counts={} schema_args=0	decide whether to implement, explicitly defer, or prove stock-compatible rejection	documented option seed is not a complete behavior denominator
doc-option:dc0eeb07b231b224	not implemented / broken / open	doc_option_not_in_zmin_schema	format-rev	--notes	<unexpanded>	<unexpanded>	<unexpanded>	<unexpanded>	<unexpanded>	upstream Git docs plus zmin schema	git-format-rev.adoc	upstream_git_docs	git-format-rev.adoc status_counts={} schema_args=0	decide whether to implement, explicitly defer, or prove stock-compatible rejection	documented option seed is not a complete behavior denominator
doc-option:335f66da342572f7	not implemented / broken / open	doc_option_not_in_zmin_schema	format-rev	--null	<unexpanded>	<unexpanded>	<unexpanded>	<unexpanded>	<unexpanded>	upstream Git docs plus zmin schema	git-format-rev.adoc	upstream_git_docs	git-format-rev.adoc status_counts={} schema_args=0	decide whether to implement, explicitly defer, or prove stock-compatible rejection	documented option seed is not a complete behavior denominator
doc-option:3d1ab031b2891d7f	not implemented / broken / open	doc_option_not_in_zmin_schema	format-rev	--null-input	<unexpanded>	<unexpanded>	<unexpanded>	<unexpanded>	<unexpanded>	upstream Git docs plus zmin schema	git-format-rev.adoc	upstream_git_docs	git-format-rev.adoc status_counts={} schema_args=0	decide whether to implement, explicitly defer, or prove stock-compatible rejection	documented option seed is not a complete behavior denominator
doc-option:9dee4c0ca622c052	not implemented / broken / open	doc_option_not_in_zmin_schema	format-rev	--null-output	<unexpanded>	<unexpanded>	<unexpanded>	<unexpanded>	<unexpanded>	upstream Git docs plus zmin schema	git-format-rev.adoc	upstream_git_docs	git-format-rev.adoc status_counts={} schema_args=0	decide whether to implement, explicitly defer, or prove stock-compatible rejection	documented option seed is not a complete behavior denominator
doc-option:9700d97f2e589c51	not implemented / broken / open	doc_option_not_in_zmin_schema	format-rev	--stdin-mode	<unexpanded>	<unexpanded>	<unexpanded>	<unexpanded>	<unexpanded>	upstream Git docs plus zmin schema	git-format-rev.adoc	upstream_git_docs	git-format-rev.adoc status_counts={} schema_args=0	decide whether to implement, explicitly defer, or prove stock-compatible rejection	documented option seed is not a complete behavior denominator
doc-option:10c05510bd46be4a	not implemented / broken / open	doc_option_not_in_zmin_schema	format-rev	-z	<unexpanded>	<unexpanded>	<unexpanded>	<unexpanded>	<unexpanded>	upstream Git docs plus zmin schema	git-format-rev.adoc	upstream_git_docs	git-format-rev.adoc status_counts={} schema_args=0	decide whether to implement, explicitly defer, or prove stock-compatible rejection	documented option seed is not a complete behavior denominator
doc-option:a45428bfa84fcb79	not implemented / broken / open	doc_option_expansion_required	fsck	--no-references	<unexpanded>	<unexpanded>	<unexpanded>	<unexpanded>	<unexpanded>	upstream Git docs plus zmin schema	git-fsck.adoc	upstream_git_docs	git-fsck.adoc status_counts={'closed': 1} schema_args=1	expand remaining values, negations, repeated forms, combinations, states, transports and platforms for this documented option	documented option seed is not a complete behavior denominator
doc-option:75bfc1010ccdfa2c	not implemented / broken / open	doc_option_expansion_required	fsck	--references	<unexpanded>	<unexpanded>	<unexpanded>	<unexpanded>	<unexpanded>	upstream Git docs plus zmin schema	git-fsck.adoc	upstream_git_docs	git-fsck.adoc status_counts={'closed': 1} schema_args=1	expand remaining values, negations, repeated forms, combinations, states, transports and platforms for this documented option	documented option seed is not a complete behavior denominator
doc-option:6f4c946e0bf29d0d	not implemented / broken / open	doc_option_not_in_zmin_schema	gc	--expire-to	<unexpanded>	<unexpanded>	<unexpanded>	<unexpanded>	<unexpanded>	upstream Git docs plus zmin schema	git-gc.adoc	upstream_git_docs	git-gc.adoc status_counts={} schema_args=0	decide whether to implement, explicitly defer, or prove stock-compatible rejection	documented option seed is not a complete behavior denominator
doc-option:6e7a67bb4ea2ec91	implemented but unverified	doc_option_implemented_without_matrix_evidence	history	--dry-run	<unexpanded>	<unexpanded>	<unexpanded>	<unexpanded>	<unexpanded>	upstream Git docs plus zmin schema	git-history.adoc	upstream_git_docs	git-history.adoc status_counts={} schema_args=2	write exact stock-Git rows for the implemented parser/handler surface	documented option seed is not a complete behavior denominator
doc-option:17a5aad2d27a4088	not implemented / broken / open	doc_option_not_in_zmin_schema	history	--empty	<unexpanded>	<unexpanded>	<unexpanded>	<unexpanded>	<unexpanded>	upstream Git docs plus zmin schema	git-history.adoc	upstream_git_docs	git-history.adoc status_counts={} schema_args=0	decide whether to implement, explicitly defer, or prove stock-compatible rejection	documented option seed is not a complete behavior denominator
doc-option:0c293aae2f8604e9	not implemented / broken / open	doc_option_not_in_zmin_schema	history	--reedit-message	<unexpanded>	<unexpanded>	<unexpanded>	<unexpanded>	<unexpanded>	upstream Git docs plus zmin schema	git-history.adoc	upstream_git_docs	git-history.adoc status_counts={} schema_args=0	decide whether to implement, explicitly defer, or prove stock-compatible rejection	documented option seed is not a complete behavior denominator
doc-option:b28a1b640cfb5856	implemented but unverified	doc_option_implemented_without_matrix_evidence	history	--update-refs	<unexpanded>	<unexpanded>	<unexpanded>	<unexpanded>	<unexpanded>	upstream Git docs plus zmin schema	git-history.adoc	upstream_git_docs	git-history.adoc status_counts={} schema_args=2	write exact stock-Git rows for the implemented parser/handler surface	documented option seed is not a complete behavior denominator
doc-option:6486e8f6507f100a	not implemented / broken / open	doc_option_not_in_zmin_schema	hook	--allow-unknown-hook-name	<unexpanded>	<unexpanded>	<unexpanded>	<unexpanded>	<unexpanded>	upstream Git docs plus zmin schema	git-hook.adoc	upstream_git_docs	git-hook.adoc status_counts={} schema_args=0	decide whether to implement, explicitly defer, or prove stock-compatible rejection	documented option seed is not a complete behavior denominator
doc-option:9e50e6fb58452600	not implemented / broken / open	doc_option_not_in_zmin_schema	hook	--jobs	<unexpanded>	<unexpanded>	<unexpanded>	<unexpanded>	<unexpanded>	upstream Git docs plus zmin schema	git-hook.adoc	upstream_git_docs	git-hook.adoc status_counts={} schema_args=0	decide whether to implement, explicitly defer, or prove stock-compatible rejection	documented option seed is not a complete behavior denominator
doc-option:593d95b981abff65	not implemented / broken / open	doc_option_not_in_zmin_schema	hook	--show-scope	<unexpanded>	<unexpanded>	<unexpanded>	<unexpanded>	<unexpanded>	upstream Git docs plus zmin schema	git-hook.adoc	upstream_git_docs	git-hook.adoc status_counts={} schema_args=0	decide whether to implement, explicitly defer, or prove stock-compatible rejection	documented option seed is not a complete behavior denominator
doc-option:0dc836c7e0ea464e	not implemented / broken / open	doc_option_not_in_zmin_schema	hook	-j	<unexpanded>	<unexpanded>	<unexpanded>	<unexpanded>	<unexpanded>	upstream Git docs plus zmin schema	git-hook.adoc	upstream_git_docs	git-hook.adoc status_counts={} schema_args=0	decide whether to implement, explicitly defer, or prove stock-compatible rejection	documented option seed is not a complete behavior denominator
doc-option:530a3be453057200	not implemented / broken / open	doc_option_not_in_zmin_schema	hook	-z	<unexpanded>	<unexpanded>	<unexpanded>	<unexpanded>	<unexpanded>	upstream Git docs plus zmin schema	git-hook.adoc	upstream_git_docs	git-hook.adoc status_counts={} schema_args=0	decide whether to implement, explicitly defer, or prove stock-compatible rejection	documented option seed is not a complete behavior denominator
doc-option:6c8c6665c3542b25	implemented but unverified	doc_option_implemented_without_matrix_evidence	imap-send	--folder	<unexpanded>	<unexpanded>	<unexpanded>	<unexpanded>	<unexpanded>	upstream Git docs plus zmin schema	git-imap-send.adoc	upstream_git_docs	git-imap-send.adoc status_counts={} schema_args=1	write exact stock-Git rows for the implemented parser/handler surface	documented option seed is not a complete behavior denominator
doc-option:8b6ce72563b95e4f	implemented but unverified	doc_option_implemented_without_matrix_evidence	imap-send	--list	<unexpanded>	<unexpanded>	<unexpanded>	<unexpanded>	<unexpanded>	upstream Git docs plus zmin schema	git-imap-send.adoc	upstream_git_docs	git-imap-send.adoc status_counts={} schema_args=1	write exact stock-Git rows for the implemented parser/handler surface	documented option seed is not a complete behavior denominator
doc-option:ed3c67d78f566453	implemented but unverified	doc_option_implemented_without_matrix_evidence	imap-send	-f	<unexpanded>	<unexpanded>	<unexpanded>	<unexpanded>	<unexpanded>	upstream Git docs plus zmin schema	git-imap-send.adoc	upstream_git_docs	git-imap-send.adoc status_counts={} schema_args=1	write exact stock-Git rows for the implemented parser/handler surface	documented option seed is not a complete behavior denominator
doc-option:3d15038f9fc5c055	not implemented / broken / open	doc_option_expansion_required	init	--shared	<unexpanded>	<unexpanded>	<unexpanded>	<unexpanded>	<unexpanded>	upstream Git docs plus zmin schema	git-init.adoc	upstream_git_docs	git-init.adoc status_counts={'closed': 1} schema_args=1	expand remaining values, negations, repeated forms, combinations, states, transports and platforms for this documented option	documented option seed is not a complete behavior denominator
doc-option:2444c7cab92a1cee	not implemented / broken / open	doc_option_expansion_required	interpret-trailers	--divider	<unexpanded>	<unexpanded>	<unexpanded>	<unexpanded>	<unexpanded>	upstream Git docs plus zmin schema	git-interpret-trailers.adoc	upstream_git_docs	git-interpret-trailers.adoc status_counts={'closed': 1} schema_args=1	expand remaining values, negations, repeated forms, combinations, states, transports and platforms for this documented option	documented option seed is not a complete behavior denominator
doc-option:772ab364063c5e66	not implemented / broken / open	doc_option_not_in_zmin_schema	interpret-trailers	--no-in-place	<unexpanded>	<unexpanded>	<unexpanded>	<unexpanded>	<unexpanded>	upstream Git docs plus zmin schema	git-interpret-trailers.adoc	upstream_git_docs	git-interpret-trailers.adoc status_counts={} schema_args=0	decide whether to implement, explicitly defer, or prove stock-compatible rejection	documented option seed is not a complete behavior denominator
doc-option:a246c4ff7fbba3d3	not implemented / broken / open	doc_option_not_in_zmin_schema	interpret-trailers	--no-only-input	<unexpanded>	<unexpanded>	<unexpanded>	<unexpanded>	<unexpanded>	upstream Git docs plus zmin schema	git-interpret-trailers.adoc	upstream_git_docs	git-interpret-trailers.adoc status_counts={} schema_args=0	decide whether to implement, explicitly defer, or prove stock-compatible rejection	documented option seed is not a complete behavior denominator
doc-option:8fa838f84b54a017	not implemented / broken / open	doc_option_not_in_zmin_schema	interpret-trailers	--no-only-trailers	<unexpanded>	<unexpanded>	<unexpanded>	<unexpanded>	<unexpanded>	upstream Git docs plus zmin schema	git-interpret-trailers.adoc	upstream_git_docs	git-interpret-trailers.adoc status_counts={} schema_args=0	decide whether to implement, explicitly defer, or prove stock-compatible rejection	documented option seed is not a complete behavior denominator
doc-option:87cdc44db069e40c	not implemented / broken / open	doc_option_not_in_zmin_schema	interpret-trailers	--no-trailer	<unexpanded>	<unexpanded>	<unexpanded>	<unexpanded>	<unexpanded>	upstream Git docs plus zmin schema	git-interpret-trailers.adoc	upstream_git_docs	git-interpret-trailers.adoc status_counts={} schema_args=0	decide whether to implement, explicitly defer, or prove stock-compatible rejection	documented option seed is not a complete behavior denominator
doc-option:43c854719f1f320f	not implemented / broken / open	doc_option_not_in_zmin_schema	interpret-trailers	--no-trim-empty	<unexpanded>	<unexpanded>	<unexpanded>	<unexpanded>	<unexpanded>	upstream Git docs plus zmin schema	git-interpret-trailers.adoc	upstream_git_docs	git-interpret-trailers.adoc status_counts={} schema_args=0	decide whether to implement, explicitly defer, or prove stock-compatible rejection	documented option seed is not a complete behavior denominator
doc-option:6bb136ab3a3caaea	not implemented / broken / open	doc_option_not_in_zmin_schema	interpret-trailers	--no-unfold	<unexpanded>	<unexpanded>	<unexpanded>	<unexpanded>	<unexpanded>	upstream Git docs plus zmin schema	git-interpret-trailers.adoc	upstream_git_docs	git-interpret-trailers.adoc status_counts={} schema_args=0	decide whether to implement, explicitly defer, or prove stock-compatible rejection	documented option seed is not a complete behavior denominator
doc-option:0758b0b1d8daf531	implemented but unverified	doc_option_implemented_without_matrix_evidence	last-modified	--max-depth	<unexpanded>	<unexpanded>	<unexpanded>	<unexpanded>	<unexpanded>	upstream Git docs plus zmin schema	git-last-modified.adoc	upstream_git_docs	git-last-modified.adoc status_counts={} schema_args=1	write exact stock-Git rows for the implemented parser/handler surface	documented option seed is not a complete behavior denominator
doc-option:c630e72ee81961f0	implemented but unverified	doc_option_implemented_without_matrix_evidence	last-modified	--recursive	<unexpanded>	<unexpanded>	<unexpanded>	<unexpanded>	<unexpanded>	upstream Git docs plus zmin schema	git-last-modified.adoc	upstream_git_docs	git-last-modified.adoc status_counts={} schema_args=1	write exact stock-Git rows for the implemented parser/handler surface	documented option seed is not a complete behavior denominator
doc-option:e0a5f0139077f631	implemented but unverified	doc_option_implemented_without_matrix_evidence	last-modified	--show-trees	<unexpanded>	<unexpanded>	<unexpanded>	<unexpanded>	<unexpanded>	upstream Git docs plus zmin schema	git-last-modified.adoc	upstream_git_docs	git-last-modified.adoc status_counts={} schema_args=1	write exact stock-Git rows for the implemented parser/handler surface	documented option seed is not a complete behavior denominator
doc-option:bfc890d69e7905b9	implemented but unverified	doc_option_implemented_without_matrix_evidence	last-modified	-r	<unexpanded>	<unexpanded>	<unexpanded>	<unexpanded>	<unexpanded>	upstream Git docs plus zmin schema	git-last-modified.adoc	upstream_git_docs	git-last-modified.adoc status_counts={} schema_args=1	write exact stock-Git rows for the implemented parser/handler surface	documented option seed is not a complete behavior denominator
doc-option:7d64d5cc035179e0	implemented but unverified	doc_option_implemented_without_matrix_evidence	last-modified	-t	<unexpanded>	<unexpanded>	<unexpanded>	<unexpanded>	<unexpanded>	upstream Git docs plus zmin schema	git-last-modified.adoc	upstream_git_docs	git-last-modified.adoc status_counts={} schema_args=1	write exact stock-Git rows for the implemented parser/handler surface	documented option seed is not a complete behavior denominator
doc-option:4589d827187329bf	implemented but unverified	doc_option_implemented_without_matrix_evidence	last-modified	-z	<unexpanded>	<unexpanded>	<unexpanded>	<unexpanded>	<unexpanded>	upstream Git docs plus zmin schema	git-last-modified.adoc	upstream_git_docs	git-last-modified.adoc status_counts={} schema_args=1	write exact stock-Git rows for the implemented parser/handler surface	documented option seed is not a complete behavior denominator
doc-option:24170d7ee2e81c4c	not implemented / broken / open	doc_option_not_in_zmin_schema	log	--graph-lane-limit	<unexpanded>	<unexpanded>	<unexpanded>	<unexpanded>	<unexpanded>	upstream Git docs plus zmin schema	git-log.adoc	upstream_git_docs	git-log.adoc status_counts={} schema_args=0	decide whether to implement, explicitly defer, or prove stock-compatible rejection	documented option seed is not a complete behavior denominator
doc-option:e4ee6f7f51a41ad8	not implemented / broken / open	doc_option_not_in_zmin_schema	log	--max-count-oldest	<unexpanded>	<unexpanded>	<unexpanded>	<unexpanded>	<unexpanded>	upstream Git docs plus zmin schema	git-log.adoc	upstream_git_docs	git-log.adoc status_counts={} schema_args=0	decide whether to implement, explicitly defer, or prove stock-compatible rejection	documented option seed is not a complete behavior denominator
doc-option:421556cabede9fba	not implemented / broken / open	doc_option_not_in_zmin_schema	log	--maximal-only	<unexpanded>	<unexpanded>	<unexpanded>	<unexpanded>	<unexpanded>	upstream Git docs plus zmin schema	git-log.adoc	upstream_git_docs	git-log.adoc status_counts={} schema_args=0	decide whether to implement, explicitly defer, or prove stock-compatible rejection	documented option seed is not a complete behavior denominator
doc-option:4177cebc1c64f8f6	not implemented / broken / open	doc_option_expansion_required	log	-z	<unexpanded>	<unexpanded>	<unexpanded>	<unexpanded>	<unexpanded>	upstream Git docs plus zmin schema	git-log.adoc	upstream_git_docs	git-log.adoc status_counts={'closed': 7} schema_args=1	expand remaining values, negations, repeated forms, combinations, states, transports and platforms for this documented option	documented option seed is not a complete behavior denominator
doc-option:2f4a6ca13279f069	not implemented / broken / open	doc_option_not_in_zmin_schema	merge	--compact-summary	<unexpanded>	<unexpanded>	<unexpanded>	<unexpanded>	<unexpanded>	upstream Git docs plus zmin schema	git-merge.adoc	upstream_git_docs	git-merge.adoc status_counts={} schema_args=0	decide whether to implement, explicitly defer, or prove stock-compatible rejection	documented option seed is not a complete behavior denominator
doc-option:b8e7aa28a3851b92	not implemented / broken / open	doc_option_expansion_required	merge-tree	--quiet	<unexpanded>	<unexpanded>	<unexpanded>	<unexpanded>	<unexpanded>	upstream Git docs plus zmin schema	git-merge-tree.adoc	upstream_git_docs	git-merge-tree.adoc status_counts={'closed': 1} schema_args=1	expand remaining values, negations, repeated forms, combinations, states, transports and platforms for this documented option	documented option seed is not a complete behavior denominator
doc-option:9b0e1f4d04ca8733	not implemented / broken / open	doc_option_expansion_required	merge-tree	--stdin	<unexpanded>	<unexpanded>	<unexpanded>	<unexpanded>	<unexpanded>	upstream Git docs plus zmin schema	git-merge-tree.adoc	upstream_git_docs	git-merge-tree.adoc status_counts={'closed': 4, 'invalid-input': 3} schema_args=1	expand remaining values, negations, repeated forms, combinations, states, transports and platforms for this documented option	documented option seed is not a complete behavior denominator
doc-option:985ea23cd2ad0c0e	not implemented / broken / open	doc_option_not_in_zmin_schema	multi-pack-index	--base	<unexpanded>	<unexpanded>	<unexpanded>	<unexpanded>	<unexpanded>	upstream Git docs plus zmin schema	git-multi-pack-index.adoc	upstream_git_docs	git-multi-pack-index.adoc status_counts={} schema_args=0	decide whether to implement, explicitly defer, or prove stock-compatible rejection	documented option seed is not a complete behavior denominator
doc-option:e058b9a02b1fa5d3	not implemented / broken / open	doc_option_not_in_zmin_schema	multi-pack-index	--no-write-chain-file	<unexpanded>	<unexpanded>	<unexpanded>	<unexpanded>	<unexpanded>	upstream Git docs plus zmin schema	git-multi-pack-index.adoc	upstream_git_docs	git-multi-pack-index.adoc status_counts={} schema_args=0	decide whether to implement, explicitly defer, or prove stock-compatible rejection	documented option seed is not a complete behavior denominator
doc-option:dde1d1f4456dc9a7	not implemented / broken / open	doc_option_not_in_zmin_schema	multi-pack-index	--write-chain-file	<unexpanded>	<unexpanded>	<unexpanded>	<unexpanded>	<unexpanded>	upstream Git docs plus zmin schema	git-multi-pack-index.adoc	upstream_git_docs	git-multi-pack-index.adoc status_counts={} schema_args=0	decide whether to implement, explicitly defer, or prove stock-compatible rejection	documented option seed is not a complete behavior denominator
doc-option:e41bf36a95614816	not implemented / broken / open	doc_option_not_in_zmin_schema	pack-objects	--name-hash-version	<unexpanded>	<unexpanded>	<unexpanded>	<unexpanded>	<unexpanded>	upstream Git docs plus zmin schema	git-pack-objects.adoc	upstream_git_docs	git-pack-objects.adoc status_counts={} schema_args=0	decide whether to implement, explicitly defer, or prove stock-compatible rejection	documented option seed is not a complete behavior denominator
doc-option:0989cc91e7f76ffc	not implemented / broken / open	doc_option_not_in_zmin_schema	pack-objects	--path-walk	<unexpanded>	<unexpanded>	<unexpanded>	<unexpanded>	<unexpanded>	upstream Git docs plus zmin schema	git-pack-objects.adoc	upstream_git_docs	git-pack-objects.adoc status_counts={} schema_args=0	decide whether to implement, explicitly defer, or prove stock-compatible rejection	documented option seed is not a complete behavior denominator
doc-option:154f7bf5bb83c6dc	not implemented / broken / open	doc_option_not_in_zmin_schema	pull	--compact-summary	<unexpanded>	<unexpanded>	<unexpanded>	<unexpanded>	<unexpanded>	upstream Git docs plus zmin schema	git-pull.adoc	upstream_git_docs	git-pull.adoc status_counts={} schema_args=0	decide whether to implement, explicitly defer, or prove stock-compatible rejection	documented option seed is not a complete behavior denominator
doc-option:eee67f82ba10ef30	not implemented / broken / open	doc_option_not_in_zmin_schema	pull	--filter	<unexpanded>	<unexpanded>	<unexpanded>	<unexpanded>	<unexpanded>	upstream Git docs plus zmin schema	git-pull.adoc	upstream_git_docs	git-pull.adoc status_counts={} schema_args=0	decide whether to implement, explicitly defer, or prove stock-compatible rejection	documented option seed is not a complete behavior denominator
doc-option:f801fe98ffadd8cd	not implemented / broken / open	doc_option_not_in_zmin_schema	pull	--negotiation-include	<unexpanded>	<unexpanded>	<unexpanded>	<unexpanded>	<unexpanded>	upstream Git docs plus zmin schema	git-pull.adoc	upstream_git_docs	git-pull.adoc status_counts={} schema_args=0	decide whether to implement, explicitly defer, or prove stock-compatible rejection	documented option seed is not a complete behavior denominator
doc-option:b637f874d19de4c9	not implemented / broken / open	doc_option_not_in_zmin_schema	pull	--negotiation-restrict	<unexpanded>	<unexpanded>	<unexpanded>	<unexpanded>	<unexpanded>	upstream Git docs plus zmin schema	git-pull.adoc	upstream_git_docs	git-pull.adoc status_counts={} schema_args=0	decide whether to implement, explicitly defer, or prove stock-compatible rejection	documented option seed is not a complete behavior denominator
doc-option:9b0293c7a14f73cd	not implemented / broken / open	doc_option_not_in_zmin_schema	push	--all	<unexpanded>	<unexpanded>	<unexpanded>	<unexpanded>	<unexpanded>	upstream Git docs plus zmin schema	git-push.adoc	upstream_git_docs	git-push.adoc status_counts={} schema_args=0	decide whether to implement, explicitly defer, or prove stock-compatible rejection	documented option seed is not a complete behavior denominator
doc-option:064c5f7cc9e0fc7d	not implemented / broken / open	doc_option_not_in_zmin_schema	push	--atomic	<unexpanded>	<unexpanded>	<unexpanded>	<unexpanded>	<unexpanded>	upstream Git docs plus zmin schema	git-push.adoc	upstream_git_docs	git-push.adoc status_counts={} schema_args=0	decide whether to implement, explicitly defer, or prove stock-compatible rejection	documented option seed is not a complete behavior denominator
doc-option:ba39d0e02ea395ad	not implemented / broken / open	doc_option_not_in_zmin_schema	push	--branches	<unexpanded>	<unexpanded>	<unexpanded>	<unexpanded>	<unexpanded>	upstream Git docs plus zmin schema	git-push.adoc	upstream_git_docs	git-push.adoc status_counts={} schema_args=0	decide whether to implement, explicitly defer, or prove stock-compatible rejection	documented option seed is not a complete behavior denominator
doc-option:8056c3e673952cb1	not implemented / broken / open	doc_option_not_in_zmin_schema	push	--delete	<unexpanded>	<unexpanded>	<unexpanded>	<unexpanded>	<unexpanded>	upstream Git docs plus zmin schema	git-push.adoc	upstream_git_docs	git-push.adoc status_counts={} schema_args=0	decide whether to implement, explicitly defer, or prove stock-compatible rejection	documented option seed is not a complete behavior denominator
doc-option:cb1847b6cd960940	not implemented / broken / open	doc_option_not_in_zmin_schema	push	--dry-run	<unexpanded>	<unexpanded>	<unexpanded>	<unexpanded>	<unexpanded>	upstream Git docs plus zmin schema	git-push.adoc	upstream_git_docs	git-push.adoc status_counts={} schema_args=0	decide whether to implement, explicitly defer, or prove stock-compatible rejection	documented option seed is not a complete behavior denominator
doc-option:3791251977b2caa3	not implemented / broken / open	doc_option_not_in_zmin_schema	push	--exec	<unexpanded>	<unexpanded>	<unexpanded>	<unexpanded>	<unexpanded>	upstream Git docs plus zmin schema	git-push.adoc	upstream_git_docs	git-push.adoc status_counts={} schema_args=0	decide whether to implement, explicitly defer, or prove stock-compatible rejection	documented option seed is not a complete behavior denominator
doc-option:92b481812b0a2434	not implemented / broken / open	doc_option_not_in_zmin_schema	push	--follow-tags	<unexpanded>	<unexpanded>	<unexpanded>	<unexpanded>	<unexpanded>	upstream Git docs plus zmin schema	git-push.adoc	upstream_git_docs	git-push.adoc status_counts={} schema_args=0	decide whether to implement, explicitly defer, or prove stock-compatible rejection	documented option seed is not a complete behavior denominator
doc-option:184c19e1d8f1d2ce	not implemented / broken / open	doc_option_expansion_required	push	--force	<unexpanded>	<unexpanded>	<unexpanded>	<unexpanded>	<unexpanded>	upstream Git docs plus zmin schema	git-push.adoc	upstream_git_docs	git-push.adoc status_counts={'closed': 1} schema_args=1	expand remaining values, negations, repeated forms, combinations, states, transports and platforms for this documented option	documented option seed is not a complete behavior denominator
doc-option:cecb1f9ce1e06843	not implemented / broken / open	doc_option_not_in_zmin_schema	push	--force-if-includes	<unexpanded>	<unexpanded>	<unexpanded>	<unexpanded>	<unexpanded>	upstream Git docs plus zmin schema	git-push.adoc	upstream_git_docs	git-push.adoc status_counts={} schema_args=0	decide whether to implement, explicitly defer, or prove stock-compatible rejection	documented option seed is not a complete behavior denominator
doc-option:1d972e98b34d0489	not implemented / broken / open	doc_option_not_in_zmin_schema	push	--force-with-lease	<unexpanded>	<unexpanded>	<unexpanded>	<unexpanded>	<unexpanded>	upstream Git docs plus zmin schema	git-push.adoc	upstream_git_docs	git-push.adoc status_counts={} schema_args=0	decide whether to implement, explicitly defer, or prove stock-compatible rejection	documented option seed is not a complete behavior denominator
doc-option:85b7d715dfed4eba	not implemented / broken / open	doc_option_not_in_zmin_schema	push	--ipv4	<unexpanded>	<unexpanded>	<unexpanded>	<unexpanded>	<unexpanded>	upstream Git docs plus zmin schema	git-push.adoc	upstream_git_docs	git-push.adoc status_counts={} schema_args=0	decide whether to implement, explicitly defer, or prove stock-compatible rejection	documented option seed is not a complete behavior denominator
doc-option:7583895833941072	not implemented / broken / open	doc_option_not_in_zmin_schema	push	--ipv6	<unexpanded>	<unexpanded>	<unexpanded>	<unexpanded>	<unexpanded>	upstream Git docs plus zmin schema	git-push.adoc	upstream_git_docs	git-push.adoc status_counts={} schema_args=0	decide whether to implement, explicitly defer, or prove stock-compatible rejection	documented option seed is not a complete behavior denominator
doc-option:d154f4cf06bbf4c0	not implemented / broken / open	doc_option_not_in_zmin_schema	push	--mirror	<unexpanded>	<unexpanded>	<unexpanded>	<unexpanded>	<unexpanded>	upstream Git docs plus zmin schema	git-push.adoc	upstream_git_docs	git-push.adoc status_counts={} schema_args=0	decide whether to implement, explicitly defer, or prove stock-compatible rejection	documented option seed is not a complete behavior denominator
doc-option:c6af5583985e097e	not implemented / broken / open	doc_option_not_in_zmin_schema	push	--no-atomic	<unexpanded>	<unexpanded>	<unexpanded>	<unexpanded>	<unexpanded>	upstream Git docs plus zmin schema	git-push.adoc	upstream_git_docs	git-push.adoc status_counts={} schema_args=0	decide whether to implement, explicitly defer, or prove stock-compatible rejection	documented option seed is not a complete behavior denominator
doc-option:1532a8dbafbedfe3	not implemented / broken / open	doc_option_not_in_zmin_schema	push	--no-force-if-includes	<unexpanded>	<unexpanded>	<unexpanded>	<unexpanded>	<unexpanded>	upstream Git docs plus zmin schema	git-push.adoc	upstream_git_docs	git-push.adoc status_counts={} schema_args=0	decide whether to implement, explicitly defer, or prove stock-compatible rejection	documented option seed is not a complete behavior denominator
doc-option:485001debd6b6d16	not implemented / broken / open	doc_option_not_in_zmin_schema	push	--no-force-with-lease	<unexpanded>	<unexpanded>	<unexpanded>	<unexpanded>	<unexpanded>	upstream Git docs plus zmin schema	git-push.adoc	upstream_git_docs	git-push.adoc status_counts={} schema_args=0	decide whether to implement, explicitly defer, or prove stock-compatible rejection	documented option seed is not a complete behavior denominator
doc-option:7fcbee616f718c30	not implemented / broken / open	doc_option_not_in_zmin_schema	push	--no-recurse-submodules	<unexpanded>	<unexpanded>	<unexpanded>	<unexpanded>	<unexpanded>	upstream Git docs plus zmin schema	git-push.adoc	upstream_git_docs	git-push.adoc status_counts={} schema_args=0	decide whether to implement, explicitly defer, or prove stock-compatible rejection	documented option seed is not a complete behavior denominator
doc-option:654d9e1cb1b73951	not implemented / broken / open	doc_option_not_in_zmin_schema	push	--no-signed	<unexpanded>	<unexpanded>	<unexpanded>	<unexpanded>	<unexpanded>	upstream Git docs plus zmin schema	git-push.adoc	upstream_git_docs	git-push.adoc status_counts={} schema_args=0	decide whether to implement, explicitly defer, or prove stock-compatible rejection	documented option seed is not a complete behavior denominator
doc-option:239a5d985e5ca585	not implemented / broken / open	doc_option_not_in_zmin_schema	push	--no-thin	<unexpanded>	<unexpanded>	<unexpanded>	<unexpanded>	<unexpanded>	upstream Git docs plus zmin schema	git-push.adoc	upstream_git_docs	git-push.adoc status_counts={} schema_args=0	decide whether to implement, explicitly defer, or prove stock-compatible rejection	documented option seed is not a complete behavior denominator
doc-option:a55a42c140655a26	not implemented / broken / open	doc_option_not_in_zmin_schema	push	--no-verify	<unexpanded>	<unexpanded>	<unexpanded>	<unexpanded>	<unexpanded>	upstream Git docs plus zmin schema	git-push.adoc	upstream_git_docs	git-push.adoc status_counts={} schema_args=0	decide whether to implement, explicitly defer, or prove stock-compatible rejection	documented option seed is not a complete behavior denominator
doc-option:f3c6b9565cf83693	not implemented / broken / open	doc_option_not_in_zmin_schema	push	--porcelain	<unexpanded>	<unexpanded>	<unexpanded>	<unexpanded>	<unexpanded>	upstream Git docs plus zmin schema	git-push.adoc	upstream_git_docs	git-push.adoc status_counts={} schema_args=0	decide whether to implement, explicitly defer, or prove stock-compatible rejection	documented option seed is not a complete behavior denominator
doc-option:27c0440d3646b73b	not implemented / broken / open	doc_option_not_in_zmin_schema	push	--progress	<unexpanded>	<unexpanded>	<unexpanded>	<unexpanded>	<unexpanded>	upstream Git docs plus zmin schema	git-push.adoc	upstream_git_docs	git-push.adoc status_counts={} schema_args=0	decide whether to implement, explicitly defer, or prove stock-compatible rejection	documented option seed is not a complete behavior denominator
doc-option:8099ae1a8c210c9e	not implemented / broken / open	doc_option_not_in_zmin_schema	push	--prune	<unexpanded>	<unexpanded>	<unexpanded>	<unexpanded>	<unexpanded>	upstream Git docs plus zmin schema	git-push.adoc	upstream_git_docs	git-push.adoc status_counts={} schema_args=0	decide whether to implement, explicitly defer, or prove stock-compatible rejection	documented option seed is not a complete behavior denominator
doc-option:6cecc279576aa8f1	not implemented / broken / open	doc_option_not_in_zmin_schema	push	--push-option	<unexpanded>	<unexpanded>	<unexpanded>	<unexpanded>	<unexpanded>	upstream Git docs plus zmin schema	git-push.adoc	upstream_git_docs	git-push.adoc status_counts={} schema_args=0	decide whether to implement, explicitly defer, or prove stock-compatible rejection	documented option seed is not a complete behavior denominator
doc-option:fb571135c841e8ba	not implemented / broken / open	doc_option_not_in_zmin_schema	push	--quiet	<unexpanded>	<unexpanded>	<unexpanded>	<unexpanded>	<unexpanded>	upstream Git docs plus zmin schema	git-push.adoc	upstream_git_docs	git-push.adoc status_counts={} schema_args=0	decide whether to implement, explicitly defer, or prove stock-compatible rejection	documented option seed is not a complete behavior denominator
doc-option:d2ac8c5a1b5aa23e	not implemented / broken / open	doc_option_not_in_zmin_schema	push	--receive-pack	<unexpanded>	<unexpanded>	<unexpanded>	<unexpanded>	<unexpanded>	upstream Git docs plus zmin schema	git-push.adoc	upstream_git_docs	git-push.adoc status_counts={} schema_args=0	decide whether to implement, explicitly defer, or prove stock-compatible rejection	documented option seed is not a complete behavior denominator
doc-option:6e11a2767ea5d0dc	not implemented / broken / open	doc_option_not_in_zmin_schema	push	--recurse-submodules	<unexpanded>	<unexpanded>	<unexpanded>	<unexpanded>	<unexpanded>	upstream Git docs plus zmin schema	git-push.adoc	upstream_git_docs	git-push.adoc status_counts={} schema_args=0	decide whether to implement, explicitly defer, or prove stock-compatible rejection	documented option seed is not a complete behavior denominator
doc-option:cfbbee0bce0ce771	not implemented / broken / open	doc_option_not_in_zmin_schema	push	--repo	<unexpanded>	<unexpanded>	<unexpanded>	<unexpanded>	<unexpanded>	upstream Git docs plus zmin schema	git-push.adoc	upstream_git_docs	git-push.adoc status_counts={} schema_args=0	decide whether to implement, explicitly defer, or prove stock-compatible rejection	documented option seed is not a complete behavior denominator
doc-option:5ce7a5b699f2dc71	not implemented / broken / open	doc_option_expansion_required	push	--set-upstream	<unexpanded>	<unexpanded>	<unexpanded>	<unexpanded>	<unexpanded>	upstream Git docs plus zmin schema	git-push.adoc	upstream_git_docs	git-push.adoc status_counts={'closed': 1} schema_args=1	expand remaining values, negations, repeated forms, combinations, states, transports and platforms for this documented option	documented option seed is not a complete behavior denominator
doc-option:167cc7bebdc6c969	not implemented / broken / open	doc_option_not_in_zmin_schema	push	--signed	<unexpanded>	<unexpanded>	<unexpanded>	<unexpanded>	<unexpanded>	upstream Git docs plus zmin schema	git-push.adoc	upstream_git_docs	git-push.adoc status_counts={} schema_args=0	decide whether to implement, explicitly defer, or prove stock-compatible rejection	documented option seed is not a complete behavior denominator
doc-option:30bf4e04850ec675	not implemented / broken / open	doc_option_not_in_zmin_schema	push	--tags	<unexpanded>	<unexpanded>	<unexpanded>	<unexpanded>	<unexpanded>	upstream Git docs plus zmin schema	git-push.adoc	upstream_git_docs	git-push.adoc status_counts={} schema_args=0	decide whether to implement, explicitly defer, or prove stock-compatible rejection	documented option seed is not a complete behavior denominator
doc-option:f8ba0f7ad982d24f	not implemented / broken / open	doc_option_not_in_zmin_schema	push	--thin	<unexpanded>	<unexpanded>	<unexpanded>	<unexpanded>	<unexpanded>	upstream Git docs plus zmin schema	git-push.adoc	upstream_git_docs	git-push.adoc status_counts={} schema_args=0	decide whether to implement, explicitly defer, or prove stock-compatible rejection	documented option seed is not a complete behavior denominator
doc-option:638a88f27170f6f0	not implemented / broken / open	doc_option_not_in_zmin_schema	push	--verbose	<unexpanded>	<unexpanded>	<unexpanded>	<unexpanded>	<unexpanded>	upstream Git docs plus zmin schema	git-push.adoc	upstream_git_docs	git-push.adoc status_counts={} schema_args=0	decide whether to implement, explicitly defer, or prove stock-compatible rejection	documented option seed is not a complete behavior denominator
doc-option:580dbe1a0ccf4af6	not implemented / broken / open	doc_option_not_in_zmin_schema	push	--verify	<unexpanded>	<unexpanded>	<unexpanded>	<unexpanded>	<unexpanded>	upstream Git docs plus zmin schema	git-push.adoc	upstream_git_docs	git-push.adoc status_counts={} schema_args=0	decide whether to implement, explicitly defer, or prove stock-compatible rejection	documented option seed is not a complete behavior denominator
doc-option:bc83d81597ac017c	not implemented / broken / open	doc_option_not_in_zmin_schema	push	-4	<unexpanded>	<unexpanded>	<unexpanded>	<unexpanded>	<unexpanded>	upstream Git docs plus zmin schema	git-push.adoc	upstream_git_docs	git-push.adoc status_counts={} schema_args=0	decide whether to implement, explicitly defer, or prove stock-compatible rejection	documented option seed is not a complete behavior denominator
doc-option:a05912583f4b2a9e	not implemented / broken / open	doc_option_not_in_zmin_schema	push	-6	<unexpanded>	<unexpanded>	<unexpanded>	<unexpanded>	<unexpanded>	upstream Git docs plus zmin schema	git-push.adoc	upstream_git_docs	git-push.adoc status_counts={} schema_args=0	decide whether to implement, explicitly defer, or prove stock-compatible rejection	documented option seed is not a complete behavior denominator
doc-option:551df66d721af081	not implemented / broken / open	doc_option_not_in_zmin_schema	push	-d	<unexpanded>	<unexpanded>	<unexpanded>	<unexpanded>	<unexpanded>	upstream Git docs plus zmin schema	git-push.adoc	upstream_git_docs	git-push.adoc status_counts={} schema_args=0	decide whether to implement, explicitly defer, or prove stock-compatible rejection	documented option seed is not a complete behavior denominator
doc-option:c0701c6db23ebc58	not implemented / broken / open	doc_option_expansion_required	push	-f	<unexpanded>	<unexpanded>	<unexpanded>	<unexpanded>	<unexpanded>	upstream Git docs plus zmin schema	git-push.adoc	upstream_git_docs	git-push.adoc status_counts={'closed': 1} schema_args=1	expand remaining values, negations, repeated forms, combinations, states, transports and platforms for this documented option	documented option seed is not a complete behavior denominator
doc-option:ac1c66b94ab135e3	not implemented / broken / open	doc_option_not_in_zmin_schema	push	-n	<unexpanded>	<unexpanded>	<unexpanded>	<unexpanded>	<unexpanded>	upstream Git docs plus zmin schema	git-push.adoc	upstream_git_docs	git-push.adoc status_counts={} schema_args=0	decide whether to implement, explicitly defer, or prove stock-compatible rejection	documented option seed is not a complete behavior denominator
doc-option:974ead8402767512	not implemented / broken / open	doc_option_not_in_zmin_schema	push	-o	<unexpanded>	<unexpanded>	<unexpanded>	<unexpanded>	<unexpanded>	upstream Git docs plus zmin schema	git-push.adoc	upstream_git_docs	git-push.adoc status_counts={} schema_args=0	decide whether to implement, explicitly defer, or prove stock-compatible rejection	documented option seed is not a complete behavior denominator
doc-option:7215720440a57aff	not implemented / broken / open	doc_option_not_in_zmin_schema	push	-q	<unexpanded>	<unexpanded>	<unexpanded>	<unexpanded>	<unexpanded>	upstream Git docs plus zmin schema	git-push.adoc	upstream_git_docs	git-push.adoc status_counts={} schema_args=0	decide whether to implement, explicitly defer, or prove stock-compatible rejection	documented option seed is not a complete behavior denominator
doc-option:39cb28b252ec9d30	not implemented / broken / open	doc_option_expansion_required	push	-u	<unexpanded>	<unexpanded>	<unexpanded>	<unexpanded>	<unexpanded>	upstream Git docs plus zmin schema	git-push.adoc	upstream_git_docs	git-push.adoc status_counts={'closed': 4} schema_args=1	expand remaining values, negations, repeated forms, combinations, states, transports and platforms for this documented option	documented option seed is not a complete behavior denominator
doc-option:48d6192ffac5f447	not implemented / broken / open	doc_option_not_in_zmin_schema	push	-v	<unexpanded>	<unexpanded>	<unexpanded>	<unexpanded>	<unexpanded>	upstream Git docs plus zmin schema	git-push.adoc	upstream_git_docs	git-push.adoc status_counts={} schema_args=0	decide whether to implement, explicitly defer, or prove stock-compatible rejection	documented option seed is not a complete behavior denominator
doc-option:fa6c29869f64e8b9	not implemented / broken / open	doc_option_not_in_zmin_schema	range-diff	--diff-merges	<unexpanded>	<unexpanded>	<unexpanded>	<unexpanded>	<unexpanded>	upstream Git docs plus zmin schema	git-range-diff.adoc	upstream_git_docs	git-range-diff.adoc status_counts={} schema_args=0	decide whether to implement, explicitly defer, or prove stock-compatible rejection	documented option seed is not a complete behavior denominator
doc-option:0b2ecb4052832157	not implemented / broken / open	doc_option_not_in_zmin_schema	range-diff	--remerge-diff	<unexpanded>	<unexpanded>	<unexpanded>	<unexpanded>	<unexpanded>	upstream Git docs plus zmin schema	git-range-diff.adoc	upstream_git_docs	git-range-diff.adoc status_counts={} schema_args=0	decide whether to implement, explicitly defer, or prove stock-compatible rejection	documented option seed is not a complete behavior denominator
doc-option:ce8a6f46b8e9350f	not implemented / broken / open	doc_option_not_in_zmin_schema	rebase	--trailer	<unexpanded>	<unexpanded>	<unexpanded>	<unexpanded>	<unexpanded>	upstream Git docs plus zmin schema	git-rebase.adoc	upstream_git_docs	git-rebase.adoc status_counts={} schema_args=0	decide whether to implement, explicitly defer, or prove stock-compatible rejection	documented option seed is not a complete behavior denominator
doc-option:2ff83347a91c596a	not implemented / broken / open	doc_option_not_in_zmin_schema	receive-pack	--skip-connectivity-check	<unexpanded>	<unexpanded>	<unexpanded>	<unexpanded>	<unexpanded>	upstream Git docs plus zmin schema	git-receive-pack.adoc	upstream_git_docs	git-receive-pack.adoc status_counts={} schema_args=0	decide whether to implement, explicitly defer, or prove stock-compatible rejection	documented option seed is not a complete behavior denominator
doc-option:e9c139688131cb3a	not implemented / broken / open	doc_option_not_in_zmin_schema	refs	--all	<unexpanded>	<unexpanded>	<unexpanded>	<unexpanded>	<unexpanded>	upstream Git docs plus zmin schema	git-refs.adoc	upstream_git_docs	git-refs.adoc status_counts={} schema_args=0	decide whether to implement, explicitly defer, or prove stock-compatible rejection	documented option seed is not a complete behavior denominator
doc-option:41a01da3359c4624	not implemented / broken / open	doc_option_not_in_zmin_schema	refs	--auto	<unexpanded>	<unexpanded>	<unexpanded>	<unexpanded>	<unexpanded>	upstream Git docs plus zmin schema	git-refs.adoc	upstream_git_docs	git-refs.adoc status_counts={} schema_args=0	decide whether to implement, explicitly defer, or prove stock-compatible rejection	documented option seed is not a complete behavior denominator
doc-option:b91577c102c26222	not implemented / broken / open	doc_option_not_in_zmin_schema	refs	--color	<unexpanded>	<unexpanded>	<unexpanded>	<unexpanded>	<unexpanded>	upstream Git docs plus zmin schema	git-refs.adoc	upstream_git_docs	git-refs.adoc status_counts={} schema_args=0	decide whether to implement, explicitly defer, or prove stock-compatible rejection	documented option seed is not a complete behavior denominator
doc-option:58109f49036c767f	not implemented / broken / open	doc_option_not_in_zmin_schema	refs	--contains	<unexpanded>	<unexpanded>	<unexpanded>	<unexpanded>	<unexpanded>	upstream Git docs plus zmin schema	git-refs.adoc	upstream_git_docs	git-refs.adoc status_counts={} schema_args=0	decide whether to implement, explicitly defer, or prove stock-compatible rejection	documented option seed is not a complete behavior denominator
doc-option:379d29d8e59b4d0d	not implemented / broken / open	doc_option_not_in_zmin_schema	refs	--count	<unexpanded>	<unexpanded>	<unexpanded>	<unexpanded>	<unexpanded>	upstream Git docs plus zmin schema	git-refs.adoc	upstream_git_docs	git-refs.adoc status_counts={} schema_args=0	decide whether to implement, explicitly defer, or prove stock-compatible rejection	documented option seed is not a complete behavior denominator
doc-option:84ce3f155c6e5467	not implemented / broken / open	doc_option_not_in_zmin_schema	refs	--exclude	<unexpanded>	<unexpanded>	<unexpanded>	<unexpanded>	<unexpanded>	upstream Git docs plus zmin schema	git-refs.adoc	upstream_git_docs	git-refs.adoc status_counts={} schema_args=0	decide whether to implement, explicitly defer, or prove stock-compatible rejection	documented option seed is not a complete behavior denominator
doc-option:72124eaf500615ea	not implemented / broken / open	doc_option_not_in_zmin_schema	refs	--format	<unexpanded>	<unexpanded>	<unexpanded>	<unexpanded>	<unexpanded>	upstream Git docs plus zmin schema	git-refs.adoc	upstream_git_docs	git-refs.adoc status_counts={} schema_args=0	decide whether to implement, explicitly defer, or prove stock-compatible rejection	documented option seed is not a complete behavior denominator
doc-option:89a0afd08497a784	not implemented / broken / open	doc_option_not_in_zmin_schema	refs	--ignore-case	<unexpanded>	<unexpanded>	<unexpanded>	<unexpanded>	<unexpanded>	upstream Git docs plus zmin schema	git-refs.adoc	upstream_git_docs	git-refs.adoc status_counts={} schema_args=0	decide whether to implement, explicitly defer, or prove stock-compatible rejection	documented option seed is not a complete behavior denominator
doc-option:13cf35c2f54fe790	not implemented / broken / open	doc_option_not_in_zmin_schema	refs	--include	<unexpanded>	<unexpanded>	<unexpanded>	<unexpanded>	<unexpanded>	upstream Git docs plus zmin schema	git-refs.adoc	upstream_git_docs	git-refs.adoc status_counts={} schema_args=0	decide whether to implement, explicitly defer, or prove stock-compatible rejection	documented option seed is not a complete behavior denominator
doc-option:95da90f1b8d3bfeb	not implemented / broken / open	doc_option_not_in_zmin_schema	refs	--include-root-refs	<unexpanded>	<unexpanded>	<unexpanded>	<unexpanded>	<unexpanded>	upstream Git docs plus zmin schema	git-refs.adoc	upstream_git_docs	git-refs.adoc status_counts={} schema_args=0	decide whether to implement, explicitly defer, or prove stock-compatible rejection	documented option seed is not a complete behavior denominator
doc-option:ab2c1757b2ce4bd0	not implemented / broken / open	doc_option_not_in_zmin_schema	refs	--merged	<unexpanded>	<unexpanded>	<unexpanded>	<unexpanded>	<unexpanded>	upstream Git docs plus zmin schema	git-refs.adoc	upstream_git_docs	git-refs.adoc status_counts={} schema_args=0	decide whether to implement, explicitly defer, or prove stock-compatible rejection	documented option seed is not a complete behavior denominator
doc-option:7890a0488aeaafc7	not implemented / broken / open	doc_option_not_in_zmin_schema	refs	--no-contains	<unexpanded>	<unexpanded>	<unexpanded>	<unexpanded>	<unexpanded>	upstream Git docs plus zmin schema	git-refs.adoc	upstream_git_docs	git-refs.adoc status_counts={} schema_args=0	decide whether to implement, explicitly defer, or prove stock-compatible rejection	documented option seed is not a complete behavior denominator
doc-option:cf706c5d8ea21911	not implemented / broken / open	doc_option_not_in_zmin_schema	refs	--no-merged	<unexpanded>	<unexpanded>	<unexpanded>	<unexpanded>	<unexpanded>	upstream Git docs plus zmin schema	git-refs.adoc	upstream_git_docs	git-refs.adoc status_counts={} schema_args=0	decide whether to implement, explicitly defer, or prove stock-compatible rejection	documented option seed is not a complete behavior denominator
doc-option:c9c83a57eef67687	not implemented / broken / open	doc_option_not_in_zmin_schema	refs	--no-prune	<unexpanded>	<unexpanded>	<unexpanded>	<unexpanded>	<unexpanded>	upstream Git docs plus zmin schema	git-refs.adoc	upstream_git_docs	git-refs.adoc status_counts={} schema_args=0	decide whether to implement, explicitly defer, or prove stock-compatible rejection	documented option seed is not a complete behavior denominator
doc-option:2fa83a4f7cb7688f	implemented but unverified	doc_option_implemented_without_matrix_evidence	refs	--no-reflog	<unexpanded>	<unexpanded>	<unexpanded>	<unexpanded>	<unexpanded>	upstream Git docs plus zmin schema	git-refs.adoc	upstream_git_docs	git-refs.adoc status_counts={} schema_args=1	write exact stock-Git rows for the implemented parser/handler surface	documented option seed is not a complete behavior denominator
doc-option:df7dab8da13421e1	not implemented / broken / open	doc_option_not_in_zmin_schema	refs	--omit-empty	<unexpanded>	<unexpanded>	<unexpanded>	<unexpanded>	<unexpanded>	upstream Git docs plus zmin schema	git-refs.adoc	upstream_git_docs	git-refs.adoc status_counts={} schema_args=0	decide whether to implement, explicitly defer, or prove stock-compatible rejection	documented option seed is not a complete behavior denominator
doc-option:62a7a98d0e16dc9d	not implemented / broken / open	doc_option_not_in_zmin_schema	refs	--perl	<unexpanded>	<unexpanded>	<unexpanded>	<unexpanded>	<unexpanded>	upstream Git docs plus zmin schema	git-refs.adoc	upstream_git_docs	git-refs.adoc status_counts={} schema_args=0	decide whether to implement, explicitly defer, or prove stock-compatible rejection	documented option seed is not a complete behavior denominator
doc-option:1c4a8541af873499	not implemented / broken / open	doc_option_not_in_zmin_schema	refs	--points-at	<unexpanded>	<unexpanded>	<unexpanded>	<unexpanded>	<unexpanded>	upstream Git docs plus zmin schema	git-refs.adoc	upstream_git_docs	git-refs.adoc status_counts={} schema_args=0	decide whether to implement, explicitly defer, or prove stock-compatible rejection	documented option seed is not a complete behavior denominator
doc-option:5808aed533a1d91d	not implemented / broken / open	doc_option_not_in_zmin_schema	refs	--python	<unexpanded>	<unexpanded>	<unexpanded>	<unexpanded>	<unexpanded>	upstream Git docs plus zmin schema	git-refs.adoc	upstream_git_docs	git-refs.adoc status_counts={} schema_args=0	decide whether to implement, explicitly defer, or prove stock-compatible rejection	documented option seed is not a complete behavior denominator
doc-option:0b70a0889d0d1ca9	not implemented / broken / open	doc_option_not_in_zmin_schema	refs	--reflog	<unexpanded>	<unexpanded>	<unexpanded>	<unexpanded>	<unexpanded>	upstream Git docs plus zmin schema	git-refs.adoc	upstream_git_docs	git-refs.adoc status_counts={} schema_args=0	decide whether to implement, explicitly defer, or prove stock-compatible rejection	documented option seed is not a complete behavior denominator
doc-option:16cab2ad7c1c0b05	not implemented / broken / open	doc_option_not_in_zmin_schema	refs	--shell	<unexpanded>	<unexpanded>	<unexpanded>	<unexpanded>	<unexpanded>	upstream Git docs plus zmin schema	git-refs.adoc	upstream_git_docs	git-refs.adoc status_counts={} schema_args=0	decide whether to implement, explicitly defer, or prove stock-compatible rejection	documented option seed is not a complete behavior denominator
doc-option:962924df799cd9d1	not implemented / broken / open	doc_option_not_in_zmin_schema	refs	--sort	<unexpanded>	<unexpanded>	<unexpanded>	<unexpanded>	<unexpanded>	upstream Git docs plus zmin schema	git-refs.adoc	upstream_git_docs	git-refs.adoc status_counts={} schema_args=0	decide whether to implement, explicitly defer, or prove stock-compatible rejection	documented option seed is not a complete behavior denominator
doc-option:296c3a8d0dcd009d	not implemented / broken / open	doc_option_not_in_zmin_schema	refs	--start-after	<unexpanded>	<unexpanded>	<unexpanded>	<unexpanded>	<unexpanded>	upstream Git docs plus zmin schema	git-refs.adoc	upstream_git_docs	git-refs.adoc status_counts={} schema_args=0	decide whether to implement, explicitly defer, or prove stock-compatible rejection	documented option seed is not a complete behavior denominator
doc-option:7644a20df9e0df0f	not implemented / broken / open	doc_option_not_in_zmin_schema	refs	--stdin	<unexpanded>	<unexpanded>	<unexpanded>	<unexpanded>	<unexpanded>	upstream Git docs plus zmin schema	git-refs.adoc	upstream_git_docs	git-refs.adoc status_counts={} schema_args=0	decide whether to implement, explicitly defer, or prove stock-compatible rejection	documented option seed is not a complete behavior denominator
doc-option:39d6d8926dd56249	not implemented / broken / open	doc_option_not_in_zmin_schema	refs	--tcl	<unexpanded>	<unexpanded>	<unexpanded>	<unexpanded>	<unexpanded>	upstream Git docs plus zmin schema	git-refs.adoc	upstream_git_docs	git-refs.adoc status_counts={} schema_args=0	decide whether to implement, explicitly defer, or prove stock-compatible rejection	documented option seed is not a complete behavior denominator
doc-option:3b59c3e40f020e2d	not implemented / broken / open	doc_option_not_in_zmin_schema	repack	--combine-cruft-below-size	<unexpanded>	<unexpanded>	<unexpanded>	<unexpanded>	<unexpanded>	upstream Git docs plus zmin schema	git-repack.adoc	upstream_git_docs	git-repack.adoc status_counts={} schema_args=0	decide whether to implement, explicitly defer, or prove stock-compatible rejection	documented option seed is not a complete behavior denominator
doc-option:9c3706b503be14be	not implemented / broken / open	doc_option_not_in_zmin_schema	repack	--name-hash-version	<unexpanded>	<unexpanded>	<unexpanded>	<unexpanded>	<unexpanded>	upstream Git docs plus zmin schema	git-repack.adoc	upstream_git_docs	git-repack.adoc status_counts={} schema_args=0	decide whether to implement, explicitly defer, or prove stock-compatible rejection	documented option seed is not a complete behavior denominator
doc-option:220e52ccefa17723	not implemented / broken / open	doc_option_not_in_zmin_schema	repack	--path-walk	<unexpanded>	<unexpanded>	<unexpanded>	<unexpanded>	<unexpanded>	upstream Git docs plus zmin schema	git-repack.adoc	upstream_git_docs	git-repack.adoc status_counts={} schema_args=0	decide whether to implement, explicitly defer, or prove stock-compatible rejection	documented option seed is not a complete behavior denominator
doc-option:1dc96ceb5374798a	not implemented / broken / open	doc_option_expansion_required	replay	--contained	<unexpanded>	<unexpanded>	<unexpanded>	<unexpanded>	<unexpanded>	upstream Git docs plus zmin schema	git-replay.adoc	upstream_git_docs	git-replay.adoc status_counts={'closed': 1} schema_args=1	expand remaining values, negations, repeated forms, combinations, states, transports and platforms for this documented option	documented option seed is not a complete behavior denominator
doc-option:5f9f8b5094396fcc	not implemented / broken / open	doc_option_not_in_zmin_schema	replay	--graph-lane-limit	<unexpanded>	<unexpanded>	<unexpanded>	<unexpanded>	<unexpanded>	upstream Git docs plus zmin schema	git-replay.adoc	upstream_git_docs	git-replay.adoc status_counts={} schema_args=0	decide whether to implement, explicitly defer, or prove stock-compatible rejection	documented option seed is not a complete behavior denominator
doc-option:9a8d5028a5f29d8d	not implemented / broken / open	doc_option_not_in_zmin_schema	replay	--max-count-oldest	<unexpanded>	<unexpanded>	<unexpanded>	<unexpanded>	<unexpanded>	upstream Git docs plus zmin schema	git-replay.adoc	upstream_git_docs	git-replay.adoc status_counts={} schema_args=0	decide whether to implement, explicitly defer, or prove stock-compatible rejection	documented option seed is not a complete behavior denominator
doc-option:a672af3680645988	not implemented / broken / open	doc_option_not_in_zmin_schema	replay	--maximal-only	<unexpanded>	<unexpanded>	<unexpanded>	<unexpanded>	<unexpanded>	upstream Git docs plus zmin schema	git-replay.adoc	upstream_git_docs	git-replay.adoc status_counts={} schema_args=0	decide whether to implement, explicitly defer, or prove stock-compatible rejection	documented option seed is not a complete behavior denominator
doc-option:87ec76625f7d38a6	not implemented / broken / open	doc_option_not_in_zmin_schema	replay	--ref	<unexpanded>	<unexpanded>	<unexpanded>	<unexpanded>	<unexpanded>	upstream Git docs plus zmin schema	git-replay.adoc	upstream_git_docs	git-replay.adoc status_counts={} schema_args=0	decide whether to implement, explicitly defer, or prove stock-compatible rejection	documented option seed is not a complete behavior denominator
doc-option:fb6f9101968c17f4	not implemented / broken / open	doc_option_not_in_zmin_schema	replay	--ref-action	<unexpanded>	<unexpanded>	<unexpanded>	<unexpanded>	<unexpanded>	upstream Git docs plus zmin schema	git-replay.adoc	upstream_git_docs	git-replay.adoc status_counts={} schema_args=0	decide whether to implement, explicitly defer, or prove stock-compatible rejection	documented option seed is not a complete behavior denominator
doc-option:731e4511b276e0cf	not implemented / broken / open	doc_option_not_in_zmin_schema	replay	--revert	<unexpanded>	<unexpanded>	<unexpanded>	<unexpanded>	<unexpanded>	upstream Git docs plus zmin schema	git-replay.adoc	upstream_git_docs	git-replay.adoc status_counts={} schema_args=0	decide whether to implement, explicitly defer, or prove stock-compatible rejection	documented option seed is not a complete behavior denominator
doc-option:01b9f61814fd5bff	not implemented / broken / open	doc_option_not_in_zmin_schema	replay	-z	<unexpanded>	<unexpanded>	<unexpanded>	<unexpanded>	<unexpanded>	upstream Git docs plus zmin schema	git-replay.adoc	upstream_git_docs	git-replay.adoc status_counts={} schema_args=0	decide whether to implement, explicitly defer, or prove stock-compatible rejection	documented option seed is not a complete behavior denominator
doc-option:8cc6eb822cd9efd6	not implemented / broken / open	doc_option_not_in_zmin_schema	reset	--inter-hunk-context	<unexpanded>	<unexpanded>	<unexpanded>	<unexpanded>	<unexpanded>	upstream Git docs plus zmin schema	git-reset.adoc	upstream_git_docs	git-reset.adoc status_counts={} schema_args=0	decide whether to implement, explicitly defer, or prove stock-compatible rejection	documented option seed is not a complete behavior denominator
doc-option:7648b675ac72d31a	not implemented / broken / open	doc_option_not_in_zmin_schema	reset	--unified	<unexpanded>	<unexpanded>	<unexpanded>	<unexpanded>	<unexpanded>	upstream Git docs plus zmin schema	git-reset.adoc	upstream_git_docs	git-reset.adoc status_counts={} schema_args=0	decide whether to implement, explicitly defer, or prove stock-compatible rejection	documented option seed is not a complete behavior denominator
doc-option:084b9969e3c9b4fc	not implemented / broken / open	doc_option_not_in_zmin_schema	reset	-U	<unexpanded>	<unexpanded>	<unexpanded>	<unexpanded>	<unexpanded>	upstream Git docs plus zmin schema	git-reset.adoc	upstream_git_docs	git-reset.adoc status_counts={} schema_args=0	decide whether to implement, explicitly defer, or prove stock-compatible rejection	documented option seed is not a complete behavior denominator
doc-option:3468489879c11ef7	not implemented / broken / open	doc_option_not_in_zmin_schema	restore	--inter-hunk-context	<unexpanded>	<unexpanded>	<unexpanded>	<unexpanded>	<unexpanded>	upstream Git docs plus zmin schema	git-restore.adoc	upstream_git_docs	git-restore.adoc status_counts={} schema_args=0	decide whether to implement, explicitly defer, or prove stock-compatible rejection	documented option seed is not a complete behavior denominator
doc-option:9ed3928ec19ff581	not implemented / broken / open	doc_option_not_in_zmin_schema	restore	--unified	<unexpanded>	<unexpanded>	<unexpanded>	<unexpanded>	<unexpanded>	upstream Git docs plus zmin schema	git-restore.adoc	upstream_git_docs	git-restore.adoc status_counts={} schema_args=0	decide whether to implement, explicitly defer, or prove stock-compatible rejection	documented option seed is not a complete behavior denominator
doc-option:2e9756c6ab88ad3f	not implemented / broken / open	doc_option_not_in_zmin_schema	restore	-U	<unexpanded>	<unexpanded>	<unexpanded>	<unexpanded>	<unexpanded>	upstream Git docs plus zmin schema	git-restore.adoc	upstream_git_docs	git-restore.adoc status_counts={} schema_args=0	decide whether to implement, explicitly defer, or prove stock-compatible rejection	documented option seed is not a complete behavior denominator
doc-option:5e1603f520ca88b6	not implemented / broken / open	doc_option_not_in_zmin_schema	rev-list	--graph-lane-limit	<unexpanded>	<unexpanded>	<unexpanded>	<unexpanded>	<unexpanded>	upstream Git docs plus zmin schema	git-rev-list.adoc	upstream_git_docs	git-rev-list.adoc status_counts={} schema_args=0	decide whether to implement, explicitly defer, or prove stock-compatible rejection	documented option seed is not a complete behavior denominator
doc-option:7df4360c3b689054	not implemented / broken / open	doc_option_not_in_zmin_schema	rev-list	--max-count-oldest	<unexpanded>	<unexpanded>	<unexpanded>	<unexpanded>	<unexpanded>	upstream Git docs plus zmin schema	git-rev-list.adoc	upstream_git_docs	git-rev-list.adoc status_counts={} schema_args=0	decide whether to implement, explicitly defer, or prove stock-compatible rejection	documented option seed is not a complete behavior denominator
doc-option:77ba2c20e5a9b02d	not implemented / broken / open	doc_option_not_in_zmin_schema	rev-list	--maximal-only	<unexpanded>	<unexpanded>	<unexpanded>	<unexpanded>	<unexpanded>	upstream Git docs plus zmin schema	git-rev-list.adoc	upstream_git_docs	git-rev-list.adoc status_counts={} schema_args=0	decide whether to implement, explicitly defer, or prove stock-compatible rejection	documented option seed is not a complete behavior denominator
doc-option:1840cf0da1158814	not implemented / broken / open	doc_option_not_in_zmin_schema	rev-list	-z	<unexpanded>	<unexpanded>	<unexpanded>	<unexpanded>	<unexpanded>	upstream Git docs plus zmin schema	git-rev-list.adoc	upstream_git_docs	git-rev-list.adoc status_counts={} schema_args=0	decide whether to implement, explicitly defer, or prove stock-compatible rejection	documented option seed is not a complete behavior denominator
doc-option:a748f032d8d59506	not implemented / broken / open	doc_option_not_in_zmin_schema	send-email	--imap-sent-folder	<unexpanded>	<unexpanded>	<unexpanded>	<unexpanded>	<unexpanded>	upstream Git docs plus zmin schema	git-send-email.adoc	upstream_git_docs	git-send-email.adoc status_counts={} schema_args=0	decide whether to implement, explicitly defer, or prove stock-compatible rejection	documented option seed is not a complete behavior denominator
doc-option:c4c5786da5037027	not implemented / broken / open	doc_option_not_in_zmin_schema	send-email	--no-outlook-id-fix	<unexpanded>	<unexpanded>	<unexpanded>	<unexpanded>	<unexpanded>	upstream Git docs plus zmin schema	git-send-email.adoc	upstream_git_docs	git-send-email.adoc status_counts={} schema_args=0	decide whether to implement, explicitly defer, or prove stock-compatible rejection	documented option seed is not a complete behavior denominator
doc-option:22ba8867ddeb2626	not implemented / broken / open	doc_option_not_in_zmin_schema	send-email	--no-use-imap-only	<unexpanded>	<unexpanded>	<unexpanded>	<unexpanded>	<unexpanded>	upstream Git docs plus zmin schema	git-send-email.adoc	upstream_git_docs	git-send-email.adoc status_counts={} schema_args=0	decide whether to implement, explicitly defer, or prove stock-compatible rejection	documented option seed is not a complete behavior denominator
doc-option:45d330d18ed3228d	not implemented / broken / open	doc_option_not_in_zmin_schema	send-email	--outlook-id-fix	<unexpanded>	<unexpanded>	<unexpanded>	<unexpanded>	<unexpanded>	upstream Git docs plus zmin schema	git-send-email.adoc	upstream_git_docs	git-send-email.adoc status_counts={} schema_args=0	decide whether to implement, explicitly defer, or prove stock-compatible rejection	documented option seed is not a complete behavior denominator
doc-option:77489dc6ee2d9f17	not implemented / broken / open	doc_option_not_in_zmin_schema	send-email	--smtp-ssl-client-cert	<unexpanded>	<unexpanded>	<unexpanded>	<unexpanded>	<unexpanded>	upstream Git docs plus zmin schema	git-send-email.adoc	upstream_git_docs	git-send-email.adoc status_counts={} schema_args=0	decide whether to implement, explicitly defer, or prove stock-compatible rejection	documented option seed is not a complete behavior denominator
doc-option:882805fe548c975b	not implemented / broken / open	doc_option_not_in_zmin_schema	send-email	--smtp-ssl-client-key	<unexpanded>	<unexpanded>	<unexpanded>	<unexpanded>	<unexpanded>	upstream Git docs plus zmin schema	git-send-email.adoc	upstream_git_docs	git-send-email.adoc status_counts={} schema_args=0	decide whether to implement, explicitly defer, or prove stock-compatible rejection	documented option seed is not a complete behavior denominator
doc-option:016b91c97d0cd451	not implemented / broken / open	doc_option_not_in_zmin_schema	send-email	--use-imap-only	<unexpanded>	<unexpanded>	<unexpanded>	<unexpanded>	<unexpanded>	upstream Git docs plus zmin schema	git-send-email.adoc	upstream_git_docs	git-send-email.adoc status_counts={} schema_args=0	decide whether to implement, explicitly defer, or prove stock-compatible rejection	documented option seed is not a complete behavior denominator
doc-option:839dd0caa881af45	not implemented / broken / open	doc_option_not_in_zmin_schema	shortlog	--graph-lane-limit	<unexpanded>	<unexpanded>	<unexpanded>	<unexpanded>	<unexpanded>	upstream Git docs plus zmin schema	git-shortlog.adoc	upstream_git_docs	git-shortlog.adoc status_counts={} schema_args=0	decide whether to implement, explicitly defer, or prove stock-compatible rejection	documented option seed is not a complete behavior denominator
doc-option:a6aea5e26f4c4f32	not implemented / broken / open	doc_option_not_in_zmin_schema	shortlog	--max-count-oldest	<unexpanded>	<unexpanded>	<unexpanded>	<unexpanded>	<unexpanded>	upstream Git docs plus zmin schema	git-shortlog.adoc	upstream_git_docs	git-shortlog.adoc status_counts={} schema_args=0	decide whether to implement, explicitly defer, or prove stock-compatible rejection	documented option seed is not a complete behavior denominator
doc-option:467ebc4db785c7f0	not implemented / broken / open	doc_option_not_in_zmin_schema	shortlog	--maximal-only	<unexpanded>	<unexpanded>	<unexpanded>	<unexpanded>	<unexpanded>	upstream Git docs plus zmin schema	git-shortlog.adoc	upstream_git_docs	git-shortlog.adoc status_counts={} schema_args=0	decide whether to implement, explicitly defer, or prove stock-compatible rejection	documented option seed is not a complete behavior denominator
doc-option:276ad42ec7af2c22	not implemented / broken / open	doc_option_not_in_zmin_schema	shortlog	-z	<unexpanded>	<unexpanded>	<unexpanded>	<unexpanded>	<unexpanded>	upstream Git docs plus zmin schema	git-shortlog.adoc	upstream_git_docs	git-shortlog.adoc status_counts={} schema_args=0	decide whether to implement, explicitly defer, or prove stock-compatible rejection	documented option seed is not a complete behavior denominator
doc-option:1c4ac383458a125c	not implemented / broken / open	doc_option_expansion_required	stash	--inter-hunk-context	<unexpanded>	<unexpanded>	<unexpanded>	<unexpanded>	<unexpanded>	upstream Git docs plus zmin schema	git-stash.adoc	upstream_git_docs	git-stash.adoc status_counts={'closed': 1} schema_args=0	expand remaining values, negations, repeated forms, combinations, states, transports and platforms for this documented option	documented option seed is not a complete behavior denominator
doc-option:8e8f29da4fa4d0ec	not implemented / broken / open	doc_option_not_in_zmin_schema	stash	--label-base	<unexpanded>	<unexpanded>	<unexpanded>	<unexpanded>	<unexpanded>	upstream Git docs plus zmin schema	git-stash.adoc	upstream_git_docs	git-stash.adoc status_counts={} schema_args=0	decide whether to implement, explicitly defer, or prove stock-compatible rejection	documented option seed is not a complete behavior denominator
doc-option:d7698482bfe9642e	not implemented / broken / open	doc_option_not_in_zmin_schema	stash	--label-ours	<unexpanded>	<unexpanded>	<unexpanded>	<unexpanded>	<unexpanded>	upstream Git docs plus zmin schema	git-stash.adoc	upstream_git_docs	git-stash.adoc status_counts={} schema_args=0	decide whether to implement, explicitly defer, or prove stock-compatible rejection	documented option seed is not a complete behavior denominator
doc-option:9b59cba48d640a22	not implemented / broken / open	doc_option_not_in_zmin_schema	stash	--label-theirs	<unexpanded>	<unexpanded>	<unexpanded>	<unexpanded>	<unexpanded>	upstream Git docs plus zmin schema	git-stash.adoc	upstream_git_docs	git-stash.adoc status_counts={} schema_args=0	decide whether to implement, explicitly defer, or prove stock-compatible rejection	documented option seed is not a complete behavior denominator
doc-option:f5894c12bed3c99e	not implemented / broken / open	doc_option_not_in_zmin_schema	stash	--print	<unexpanded>	<unexpanded>	<unexpanded>	<unexpanded>	<unexpanded>	upstream Git docs plus zmin schema	git-stash.adoc	upstream_git_docs	git-stash.adoc status_counts={} schema_args=0	decide whether to implement, explicitly defer, or prove stock-compatible rejection	documented option seed is not a complete behavior denominator
doc-option:8c680ff7b867e27f	not implemented / broken / open	doc_option_not_in_zmin_schema	stash	--to-ref	<unexpanded>	<unexpanded>	<unexpanded>	<unexpanded>	<unexpanded>	upstream Git docs plus zmin schema	git-stash.adoc	upstream_git_docs	git-stash.adoc status_counts={} schema_args=0	decide whether to implement, explicitly defer, or prove stock-compatible rejection	documented option seed is not a complete behavior denominator
doc-option:afe73a0876a596a7	not implemented / broken / open	doc_option_expansion_required	stash	--unified	<unexpanded>	<unexpanded>	<unexpanded>	<unexpanded>	<unexpanded>	upstream Git docs plus zmin schema	git-stash.adoc	upstream_git_docs	git-stash.adoc status_counts={'closed': 3} schema_args=0	expand remaining values, negations, repeated forms, combinations, states, transports and platforms for this documented option	documented option seed is not a complete behavior denominator
doc-option:cc43aaf215744d69	not implemented / broken / open	doc_option_not_in_zmin_schema	stash	-U	<unexpanded>	<unexpanded>	<unexpanded>	<unexpanded>	<unexpanded>	upstream Git docs plus zmin schema	git-stash.adoc	upstream_git_docs	git-stash.adoc status_counts={} schema_args=0	decide whether to implement, explicitly defer, or prove stock-compatible rejection	documented option seed is not a complete behavior denominator
doc-option:f854788487cda9d9	not implemented / broken / open	doc_option_not_in_zmin_schema	url-parse	--component	<unexpanded>	<unexpanded>	<unexpanded>	<unexpanded>	<unexpanded>	upstream Git docs plus zmin schema	git-url-parse.adoc	upstream_git_docs	git-url-parse.adoc status_counts={} schema_args=0	decide whether to implement, explicitly defer, or prove stock-compatible rejection	documented option seed is not a complete behavior denominator
doc-option:3c9eb34085727ee3	not implemented / broken / open	doc_option_not_in_zmin_schema	url-parse	-c	<unexpanded>	<unexpanded>	<unexpanded>	<unexpanded>	<unexpanded>	upstream Git docs plus zmin schema	git-url-parse.adoc	upstream_git_docs	git-url-parse.adoc status_counts={} schema_args=0	decide whether to implement, explicitly defer, or prove stock-compatible rejection	documented option seed is not a complete behavior denominator
doc-option:6dfa1d72ff5173b3	not implemented / broken / open	doc_option_expansion_required	worktree	--no-relative-paths	<unexpanded>	<unexpanded>	<unexpanded>	<unexpanded>	<unexpanded>	upstream Git docs plus zmin schema	git-worktree.adoc	upstream_git_docs	git-worktree.adoc status_counts={'closed': 1} schema_args=0	expand remaining values, negations, repeated forms, combinations, states, transports and platforms for this documented option	documented option seed is not a complete behavior denominator
doc-option:24de7ddb1cdb7c74	not implemented / broken / open	doc_option_expansion_required	worktree	--relative-paths	<unexpanded>	<unexpanded>	<unexpanded>	<unexpanded>	<unexpanded>	upstream Git docs plus zmin schema	git-worktree.adoc	upstream_git_docs	git-worktree.adoc status_counts={'closed': 1} schema_args=0	expand remaining values, negations, repeated forms, combinations, states, transports and platforms for this documented option	documented option seed is not a complete behavior denominator
hard-fail:5af8539f66e027d5	not implemented / broken / open	source_hard_fail_unclassified	<unknown>	<source-guard>	<unclassified>	<unclassified>	<unclassified>	<unclassified>	<unclassified>	source hard-fail scan	crates/zmin-cli/src/cli/commands/admin_impl.rs:1256	source_scan	"message: format!(""unsupported hook '{hook_name}'""),"	classify as Git-supported gap, invalid-input parity, deferral or Zmin-only extension before adding rows	unclassified guard mapping
hard-fail:0eb942f25f5c0a63	not implemented / broken / open	source_hard_fail_unclassified	<unknown>	<source-guard>	<unclassified>	<unclassified>	<unclassified>	<unclassified>	<unclassified>	source hard-fail scan	crates/zmin-cli/src/cli/commands/admin_impl.rs:5311	source_scan	"message: format!(""unsupported archimport option '{arg}'""),"	classify as Git-supported gap, invalid-input parity, deferral or Zmin-only extension before adding rows	unclassified guard mapping
hard-fail:411a4c7f4ee63143	not implemented / broken / open	source_hard_fail_unclassified	<unknown>	<source-guard>	<unclassified>	<unclassified>	<unclassified>	<unclassified>	<unclassified>	source hard-fail scan	crates/zmin-cli/src/cli/commands/admin_impl.rs:6866	source_scan	"message: format!(""unsupported svn command '{command}'""),"	classify as Git-supported gap, invalid-input parity, deferral or Zmin-only extension before adding rows	unclassified guard mapping
hard-fail:13723975ab20487c	not implemented / broken / open	source_hard_fail_unclassified	<unknown>	<source-guard>	<unclassified>	<unclassified>	<unclassified>	<unclassified>	<unclassified>	source hard-fail scan	crates/zmin-cli/src/cli/commands/admin_impl.rs:7071	source_scan	"message: ""unsupported svn set-tree invocation"".into(),"	classify as Git-supported gap, invalid-input parity, deferral or Zmin-only extension before adding rows	unclassified guard mapping
hard-fail:9fb5a72f9e4d188a	not implemented / broken / open	source_hard_fail_unclassified	<unknown>	<source-guard>	<unclassified>	<unclassified>	<unclassified>	<unclassified>	<unclassified>	source hard-fail scan	crates/zmin-cli/src/cli/commands/commit_impl.rs:1358	source_scan	"message: format!(""unsupported gui command '{command}'""),"	classify as Git-supported gap, invalid-input parity, deferral or Zmin-only extension before adding rows	unclassified guard mapping
hard-fail:d42d51f9eab77396	not implemented / broken / open	source_hard_fail_unclassified	<unknown>	<source-guard>	<unclassified>	<unclassified>	<unclassified>	<unclassified>	<unclassified>	source hard-fail scan	crates/zmin-cli/src/cli/commands/core_impl.rs:1134	source_scan	&& cat_file_filter_is_known_unsupported(name)	classify as Git-supported gap, invalid-input parity, deferral or Zmin-only extension before adding rows	unclassified guard mapping
hard-fail:a09ac0a7d838c48a	not implemented / broken / open	source_hard_fail_unclassified	<unknown>	<source-guard>	<unclassified>	<unclassified>	<unclassified>	<unclassified>	<unclassified>	source hard-fail scan	crates/zmin-cli/src/cli/commands/core_impl.rs:1142	source_scan	&& cat_file_filter_is_known_unsupported(name)	classify as Git-supported gap, invalid-input parity, deferral or Zmin-only extension before adding rows	unclassified guard mapping
hard-fail:d0329e0f6d3640c3	not implemented / broken / open	source_hard_fail_unclassified	<unknown>	<source-guard>	<unclassified>	<unclassified>	<unclassified>	<unclassified>	<unclassified>	source hard-fail scan	crates/zmin-cli/src/cli/commands/core_impl.rs:1155	source_scan	fn cat_file_filter_is_known_unsupported(name: &str) -> bool {	classify as Git-supported gap, invalid-input parity, deferral or Zmin-only extension before adding rows	unclassified guard mapping
hard-fail:e1c307985c36b436	not implemented / broken / open	source_hard_fail_unclassified	<unknown>	<source-guard>	<unclassified>	<unclassified>	<unclassified>	<unclassified>	<unclassified>	source hard-fail scan	crates/zmin-cli/src/cli/commands/core_impl.rs:1614	source_scan	"format!(""unsupported pack index version {raw_version}""),"	classify as Git-supported gap, invalid-input parity, deferral or Zmin-only extension before adding rows	unclassified guard mapping
hard-fail:72e2eb9658714090	not implemented / broken / open	source_hard_fail_unclassified	<unknown>	<source-guard>	<unclassified>	<unclassified>	<unclassified>	<unclassified>	<unclassified>	source hard-fail scan	crates/zmin-cli/src/cli/commands/core_impl.rs:1725	source_scan	".starts_with(""unsupported pack index version "")"	classify as Git-supported gap, invalid-input parity, deferral or Zmin-only extension before adding rows	unclassified guard mapping
hard-fail:a730c10b1cb3e3db	not implemented / broken / open	source_hard_fail_unclassified	<unknown>	<source-guard>	<unclassified>	<unclassified>	<unclassified>	<unclassified>	<unclassified>	source hard-fail scan	crates/zmin-cli/src/cli/commands/history_impl.rs:528	source_scan	"message: ""replaying down from root commit is not supported yet!"".into(),"	classify as Git-supported gap, invalid-input parity, deferral or Zmin-only extension before adding rows	unclassified guard mapping
hard-fail:2e3ec9971f2ce2fe	not implemented / broken / open	source_hard_fail_unclassified	<unknown>	<source-guard>	<unclassified>	<unclassified>	<unclassified>	<unclassified>	<unclassified>	source hard-fail scan	crates/zmin-cli/src/cli/commands/history_impl.rs:657	source_scan	"""replaying down from root commit is not supported yet!"".into()"	classify as Git-supported gap, invalid-input parity, deferral or Zmin-only extension before adding rows	unclassified guard mapping
hard-fail:404c276b4a719c38	not implemented / broken / open	source_hard_fail_unclassified	<unknown>	<source-guard>	<unclassified>	<unclassified>	<unclassified>	<unclassified>	<unclassified>	source hard-fail scan	crates/zmin-cli/src/cli/commands/history_impl.rs:5453	source_scan	return Err(unsupported_blame_line_range(pattern));	classify as Git-supported gap, invalid-input parity, deferral or Zmin-only extension before adding rows	unclassified guard mapping
hard-fail:6adfc32dea56f751	not implemented / broken / open	source_hard_fail_unclassified	<unknown>	<source-guard>	<unclassified>	<unclassified>	<unclassified>	<unclassified>	<unclassified>	source hard-fail scan	crates/zmin-cli/src/cli/commands/history_impl.rs:5537	source_scan	unsupported_blame_line_range(pattern)	classify as Git-supported gap, invalid-input parity, deferral or Zmin-only extension before adding rows	unclassified guard mapping
hard-fail:7c7b248e323805e8	not implemented / broken / open	source_hard_fail_unclassified	<unknown>	<source-guard>	<unclassified>	<unclassified>	<unclassified>	<unclassified>	<unclassified>	source hard-fail scan	crates/zmin-cli/src/cli/commands/history_impl.rs:6009	source_scan	fn unsupported_blame_line_range(value: &str) -> CliError {	classify as Git-supported gap, invalid-input parity, deferral or Zmin-only extension before adding rows	unclassified guard mapping
hard-fail:9a75d9f33226e4e3	not implemented / broken / open	source_hard_fail_unclassified	<unknown>	<source-guard>	<unclassified>	<unclassified>	<unclassified>	<unclassified>	<unclassified>	source hard-fail scan	crates/zmin-cli/src/cli/commands/history_impl.rs:6012	source_scan	"message: format!(""unsupported blame line range '{value}'""),"	classify as Git-supported gap, invalid-input parity, deferral or Zmin-only extension before adding rows	unclassified guard mapping
hard-fail:26f4ace8e2275712	not implemented / broken / open	source_hard_fail_unclassified	<unknown>	<source-guard>	<unclassified>	<unclassified>	<unclassified>	<unclassified>	<unclassified>	source hard-fail scan	crates/zmin-cli/src/cli/commands/history_impl.rs:10132	source_scan	"for unsupported in [""--object-names"", ""--timestamp""] {"	classify as Git-supported gap, invalid-input parity, deferral or Zmin-only extension before adding rows	unclassified guard mapping
hard-fail:49d566ab2ad75f7d	not implemented / broken / open	source_hard_fail_unclassified	<unknown>	<source-guard>	<unclassified>	<unclassified>	<unclassified>	<unclassified>	<unclassified>	source hard-fail scan	crates/zmin-cli/src/cli/commands/history_impl.rs:10133	source_scan	if raw_arg_present_before_dashdash(options.raw_args, unsupported) {	classify as Git-supported gap, invalid-input parity, deferral or Zmin-only extension before adding rows	unclassified guard mapping
hard-fail:904c8ba2d6e006ed	not implemented / broken / open	source_hard_fail_unclassified	<unknown>	<source-guard>	<unclassified>	<unclassified>	<unclassified>	<unclassified>	<unclassified>	source hard-fail scan	crates/zmin-cli/src/cli/commands/history_impl.rs:10134	source_scan	return Err(log_unrecognized_argument(unsupported));	classify as Git-supported gap, invalid-input parity, deferral or Zmin-only extension before adding rows	unclassified guard mapping
hard-fail:43cd508454e3f9e3	not implemented / broken / open	source_hard_fail_unclassified	<unknown>	<source-guard>	<unclassified>	<unclassified>	<unclassified>	<unclassified>	<unclassified>	source hard-fail scan	crates/zmin-cli/src/cli/commands/history_impl.rs:11520	source_scan	"message: format!(""unsupported log line range '{value}'""),"	classify as Git-supported gap, invalid-input parity, deferral or Zmin-only extension before adding rows	unclassified guard mapping
hard-fail:d5aef68dc00f0e7c	not implemented / broken / open	source_hard_fail_unclassified	<unknown>	<source-guard>	<unclassified>	<unclassified>	<unclassified>	<unclassified>	<unclassified>	source hard-fail scan	crates/zmin-cli/src/cli/commands/history_impl.rs:11526	source_scan	"message: format!(""unsupported log line range '{value}'""),"	classify as Git-supported gap, invalid-input parity, deferral or Zmin-only extension before adding rows	unclassified guard mapping
hard-fail:25fcd3529ac841ce	not implemented / broken / open	source_hard_fail_unclassified	<unknown>	<source-guard>	<unclassified>	<unclassified>	<unclassified>	<unclassified>	<unclassified>	source hard-fail scan	crates/zmin-cli/src/cli/commands/history_impl.rs:11539	source_scan	"message: format!(""unsupported log line range '{value}'""),"	classify as Git-supported gap, invalid-input parity, deferral or Zmin-only extension before adding rows	unclassified guard mapping
hard-fail:73f3c83473664e66	not implemented / broken / open	source_hard_fail_unclassified	<unknown>	<source-guard>	<unclassified>	<unclassified>	<unclassified>	<unclassified>	<unclassified>	source hard-fail scan	crates/zmin-cli/src/cli/commands/history_impl.rs:11587	source_scan	"message: ""unsupported log -L option combination"".into(),"	classify as Git-supported gap, invalid-input parity, deferral or Zmin-only extension before adding rows	unclassified guard mapping
hard-fail:d2fb1bd0c944ce5f	not implemented / broken / open	source_hard_fail_unclassified	<unknown>	<source-guard>	<unclassified>	<unclassified>	<unclassified>	<unclassified>	<unclassified>	source hard-fail scan	crates/zmin-cli/src/cli/commands/history_impl.rs:11625	source_scan	"""unsupported log line range '{}'"","	classify as Git-supported gap, invalid-input parity, deferral or Zmin-only extension before adding rows	unclassified guard mapping
hard-fail:0637bc007ee3f2cd	not implemented / broken / open	source_hard_fail_unclassified	<unknown>	<source-guard>	<unclassified>	<unclassified>	<unclassified>	<unclassified>	<unclassified>	source hard-fail scan	crates/zmin-cli/src/cli/commands/history_impl.rs:25464	source_scan	reject_unsupported_filter_branch_options(&options)?;	classify as Git-supported gap, invalid-input parity, deferral or Zmin-only extension before adding rows	unclassified guard mapping
hard-fail:eeca7ea7e20f9f08	not implemented / broken / open	source_hard_fail_unclassified	<unknown>	<source-guard>	<unclassified>	<unclassified>	<unclassified>	<unclassified>	<unclassified>	source hard-fail scan	crates/zmin-cli/src/cli/commands/history_impl.rs:25706	source_scan	fn reject_unsupported_filter_branch_options(_options: &FilterBranchOptions) -> Result<()> {	classify as Git-supported gap, invalid-input parity, deferral or Zmin-only extension before adding rows	unclassified guard mapping
hard-fail:9b44b30e78f39ae4	not implemented / broken / open	source_hard_fail_unclassified	<unknown>	<source-guard>	<unclassified>	<unclassified>	<unclassified>	<unclassified>	<unclassified>	source hard-fail scan	crates/zmin-cli/src/cli/commands/import_impl.rs:1188	source_scan	"""--max-pack-size is unsupported pending B2b"".to_owned(),"	classify as Git-supported gap, invalid-input parity, deferral or Zmin-only extension before adding rows	unclassified guard mapping
hard-fail:e06ad28e538e45c4	not implemented / broken / open	source_hard_fail_unclassified	<unknown>	<source-guard>	<unclassified>	<unclassified>	<unclassified>	<unclassified>	<unclassified>	source hard-fail scan	crates/zmin-cli/src/cli/commands/import_impl.rs:1798	source_scan	"""--cat-blob-fd is unsupported on this platform"","	classify as Git-supported gap, invalid-input parity, deferral or Zmin-only extension before adding rows	unclassified guard mapping
hard-fail:00ddb56f8e24d2de	not implemented / broken / open	source_hard_fail_unclassified	<unknown>	<source-guard>	<unclassified>	<unclassified>	<unclassified>	<unclassified>	<unclassified>	source hard-fail scan	crates/zmin-cli/src/cli/commands/import_impl.rs:1957	source_scan	"""fast-import directory handles are unsupported on this platform"","	classify as Git-supported gap, invalid-input parity, deferral or Zmin-only extension before adding rows	unclassified guard mapping
hard-fail:3665d2dd61f785e0	not implemented / broken / open	source_hard_fail_unclassified	<unknown>	<source-guard>	<unclassified>	<unclassified>	<unclassified>	<unclassified>	<unclassified>	source hard-fail scan	crates/zmin-cli/src/cli/commands/import_impl.rs:1984	source_scan	"""fast-import directory durability is unsupported on this platform"","	classify as Git-supported gap, invalid-input parity, deferral or Zmin-only extension before adding rows	unclassified guard mapping
hard-fail:f1419308d560af97	not implemented / broken / open	source_hard_fail_unclassified	<unknown>	<source-guard>	<unclassified>	<unclassified>	<unclassified>	<unclassified>	<unclassified>	source hard-fail scan	crates/zmin-cli/src/cli/commands/import_impl.rs:3007	source_scan	"""fast-import publication identity is unsupported on this platform"","	classify as Git-supported gap, invalid-input parity, deferral or Zmin-only extension before adding rows	unclassified guard mapping
hard-fail:d647cdeae570cf17	not implemented / broken / open	source_hard_fail_unclassified	<unknown>	<source-guard>	<unclassified>	<unclassified>	<unclassified>	<unclassified>	<unclassified>	source hard-fail scan	crates/zmin-cli/src/cli/commands/import_impl.rs:3063	source_scan	"""fast-import final path ownership is unsupported on this platform"","	classify as Git-supported gap, invalid-input parity, deferral or Zmin-only extension before adding rows	unclassified guard mapping
hard-fail:80e25b43ce070b51	not implemented / broken / open	source_hard_fail_unclassified	<unknown>	<source-guard>	<unclassified>	<unclassified>	<unclassified>	<unclassified>	<unclassified>	source hard-fail scan	crates/zmin-cli/src/cli/commands/import_impl.rs:3205	source_scan	"""fast-import owned path removal is unsupported on this platform"","	classify as Git-supported gap, invalid-input parity, deferral or Zmin-only extension before adding rows	unclassified guard mapping
hard-fail:6501d9992a104c2c	not implemented / broken / open	source_hard_fail_unclassified	<unknown>	<source-guard>	<unclassified>	<unclassified>	<unclassified>	<unclassified>	<unclassified>	source hard-fail scan	crates/zmin-cli/src/cli/commands/import_impl.rs:3329	source_scan	"""fast-import pack-edges publication is unsupported on this platform"","	classify as Git-supported gap, invalid-input parity, deferral or Zmin-only extension before adding rows	unclassified guard mapping
hard-fail:520aa20ca75ad624	not implemented / broken / open	source_hard_fail_unclassified	<unknown>	<source-guard>	<unclassified>	<unclassified>	<unclassified>	<unclassified>	<unclassified>	source hard-fail scan	crates/zmin-cli/src/cli/commands/import_impl.rs:4345	source_scan	return Err(self.unsupported_fast_import_command(&line)?);	classify as Git-supported gap, invalid-input parity, deferral or Zmin-only extension before adding rows	unclassified guard mapping
hard-fail:882a96436fb8ac57	not implemented / broken / open	source_hard_fail_unclassified	<unknown>	<source-guard>	<unclassified>	<unclassified>	<unclassified>	<unclassified>	<unclassified>	source hard-fail scan	crates/zmin-cli/src/cli/commands/import_impl.rs:4505	source_scan	return Err(self.unsupported_fast_import_command(line)?);	classify as Git-supported gap, invalid-input parity, deferral or Zmin-only extension before adding rows	unclassified guard mapping
hard-fail:825fbb256595e184	not implemented / broken / open	source_hard_fail_unclassified	<unknown>	<source-guard>	<unclassified>	<unclassified>	<unclassified>	<unclassified>	<unclassified>	source hard-fail scan	crates/zmin-cli/src/cli/commands/import_impl.rs:4544	source_scan	Err(self.unsupported_fast_import_command(line)?)	classify as Git-supported gap, invalid-input parity, deferral or Zmin-only extension before adding rows	unclassified guard mapping
hard-fail:d41d1b88d4c1dd78	not implemented / broken / open	source_hard_fail_unclassified	<unknown>	<source-guard>	<unclassified>	<unclassified>	<unclassified>	<unclassified>	<unclassified>	source hard-fail scan	crates/zmin-cli/src/cli/commands/import_impl.rs:4963	source_scan	return Err(self.unsupported_fast_import_command(&line)?);	classify as Git-supported gap, invalid-input parity, deferral or Zmin-only extension before adding rows	unclassified guard mapping
hard-fail:515e5ea632fd33e6	not implemented / broken / open	source_hard_fail_unclassified	<unknown>	<source-guard>	<unclassified>	<unclassified>	<unclassified>	<unclassified>	<unclassified>	source hard-fail scan	crates/zmin-cli/src/cli/commands/import_impl.rs:5826	source_scan	fn unsupported_fast_import_command(&self, line: &str) -> Result<CliError> {	classify as Git-supported gap, invalid-input parity, deferral or Zmin-only extension before adding rows	unclassified guard mapping
hard-fail:dbb0684b9730abd8	not implemented / broken / open	source_hard_fail_unclassified	<unknown>	<source-guard>	<unclassified>	<unclassified>	<unclassified>	<unclassified>	<unclassified>	source hard-fail scan	crates/zmin-cli/src/cli/commands/import_impl.rs:5827	source_scan	"self.crash_error(format!(""unsupported command: {line}""))"	classify as Git-supported gap, invalid-input parity, deferral or Zmin-only extension before adding rows	unclassified guard mapping
hard-fail:756775cb5d9263d4	not implemented / broken / open	source_hard_fail_unclassified	<unknown>	<source-guard>	<unclassified>	<unclassified>	<unclassified>	<unclassified>	<unclassified>	source hard-fail scan	crates/zmin-cli/src/cli/commands/lfs_impl.rs:682	source_scan	"message: format!(""unsupported built-in zmin lfs pull remote: {url}""),"	classify as Git-supported gap, invalid-input parity, deferral or Zmin-only extension before adding rows	unclassified guard mapping
hard-fail:7d564c4c1d6aedb4	not implemented / broken / open	source_hard_fail_unclassified	<unknown>	<source-guard>	<unclassified>	<unclassified>	<unclassified>	<unclassified>	<unclassified>	source hard-fail scan	crates/zmin-cli/src/cli/commands/maintenance_impl.rs:321	source_scan	"message: format!(""unsupported maintenance schedule '{schedule}'""),"	classify as Git-supported gap, invalid-input parity, deferral or Zmin-only extension before adding rows	unclassified guard mapping
hard-fail:b999ccdc4ab21994	not implemented / broken / open	source_hard_fail_unclassified	<unknown>	<source-guard>	<unclassified>	<unclassified>	<unclassified>	<unclassified>	<unclassified>	source hard-fail scan	crates/zmin-cli/src/cli/commands/maintenance_impl.rs:988	source_scan	"other => panic!(""unsupported maintenance schedule '{other}'""),"	classify as Git-supported gap, invalid-input parity, deferral or Zmin-only extension before adding rows	unclassified guard mapping
hard-fail:cf83eed15f40963a	not implemented / broken / open	source_hard_fail_unclassified	<unknown>	<source-guard>	<unclassified>	<unclassified>	<unclassified>	<unclassified>	<unclassified>	source hard-fail scan	crates/zmin-cli/src/cli/commands/maintenance_impl.rs:1203	source_scan	"other => panic!(""unsupported maintenance schedule '{other}'""),"	classify as Git-supported gap, invalid-input parity, deferral or Zmin-only extension before adding rows	unclassified guard mapping
hard-fail:a049f50d19d8c500	not implemented / broken / open	source_hard_fail_unclassified	<unknown>	<source-guard>	<unclassified>	<unclassified>	<unclassified>	<unclassified>	<unclassified>	source hard-fail scan	crates/zmin-cli/src/cli/commands/maintenance_impl.rs:1571	source_scan	"message: format!(""unsupported maintenance schedule '{other}'""),"	classify as Git-supported gap, invalid-input parity, deferral or Zmin-only extension before adding rows	unclassified guard mapping
hard-fail:39700eb2230c02db	not implemented / broken / open	source_hard_fail_unclassified	<unknown>	<source-guard>	<unclassified>	<unclassified>	<unclassified>	<unclassified>	<unclassified>	source hard-fail scan	crates/zmin-cli/src/cli/commands/pack_impl.rs:4593	source_scan	"message: format!(""unsupported index version {value}""),"	classify as Git-supported gap, invalid-input parity, deferral or Zmin-only extension before adding rows	unclassified guard mapping
hard-fail:752d8d37e3d3c1c1	not implemented / broken / open	source_hard_fail_unclassified	<unknown>	<source-guard>	<unclassified>	<unclassified>	<unclassified>	<unclassified>	<unclassified>	source hard-fail scan	crates/zmin-cli/src/cli/commands/pack_impl.rs:5036	source_scan	"message: format!(""unsupported bundle version {other}""),"	classify as Git-supported gap, invalid-input parity, deferral or Zmin-only extension before adding rows	unclassified guard mapping
hard-fail:94078e26b8d54fd8	not implemented / broken / open	source_hard_fail_unclassified	<unknown>	<source-guard>	<unclassified>	<unclassified>	<unclassified>	<unclassified>	<unclassified>	source hard-fail scan	crates/zmin-cli/src/cli/commands/pack_impl.rs:5510	source_scan	"message: ""unsupported bundle format"".into(),"	classify as Git-supported gap, invalid-input parity, deferral or Zmin-only extension before adding rows	unclassified guard mapping
hard-fail:38548cb7cddac809	not implemented / broken / open	source_hard_fail_unclassified	<unknown>	<source-guard>	<unclassified>	<unclassified>	<unclassified>	<unclassified>	<unclassified>	source hard-fail scan	crates/zmin-cli/src/cli/commands/pack_impl.rs:5566	source_scan	"CliError::Fatal { code: 128, message } if message == ""unsupported bundle format"" => {"	classify as Git-supported gap, invalid-input parity, deferral or Zmin-only extension before adding rows	unclassified guard mapping
hard-fail:86623833701e9f74	not implemented / broken / open	source_hard_fail_unclassified	<unknown>	<source-guard>	<unclassified>	<unclassified>	<unclassified>	<unclassified>	<unclassified>	source hard-fail scan	crates/zmin-cli/src/cli/commands/pack_impl.rs:5585	source_scan	"CliError::Fatal { code: 128, message } if message == ""unsupported bundle format"" => {"	classify as Git-supported gap, invalid-input parity, deferral or Zmin-only extension before adding rows	unclassified guard mapping
hard-fail:7b828e5e352fa9aa	not implemented / broken / open	source_hard_fail_unclassified	<unknown>	<source-guard>	<unclassified>	<unclassified>	<unclassified>	<unclassified>	<unclassified>	source hard-fail scan	crates/zmin-cli/src/cli/commands/pack_impl.rs:6548	source_scan	&& let Some(version) = unsupported_pack_file_version(&error)	classify as Git-supported gap, invalid-input parity, deferral or Zmin-only extension before adding rows	unclassified guard mapping
hard-fail:506f0919202118b6	not implemented / broken / open	source_hard_fail_unclassified	<unknown>	<source-guard>	<unclassified>	<unclassified>	<unclassified>	<unclassified>	<unclassified>	source hard-fail scan	crates/zmin-cli/src/cli/commands/pack_impl.rs:6552	source_scan	"message: format!(""pack version {version} unsupported""),"	classify as Git-supported gap, invalid-input parity, deferral or Zmin-only extension before adding rows	unclassified guard mapping
hard-fail:17ce8ff9b303c8c4	not implemented / broken / open	source_hard_fail_unclassified	<unknown>	<source-guard>	<unclassified>	<unclassified>	<unclassified>	<unclassified>	<unclassified>	source hard-fail scan	crates/zmin-cli/src/cli/commands/pack_impl.rs:6655	source_scan	"message: ""unsupported object format"".into(),"	classify as Git-supported gap, invalid-input parity, deferral or Zmin-only extension before adding rows	unclassified guard mapping
hard-fail:f86dc23732cd788a	not implemented / broken / open	source_hard_fail_unclassified	<unknown>	<source-guard>	<unclassified>	<unclassified>	<unclassified>	<unclassified>	<unclassified>	source hard-fail scan	crates/zmin-cli/src/cli/commands/pack_impl.rs:6720	source_scan	if let Some(version) = unsupported_pack_file_version(&error) {	classify as Git-supported gap, invalid-input parity, deferral or Zmin-only extension before adding rows	unclassified guard mapping
hard-fail:cb86999f6eb53ba6	not implemented / broken / open	source_hard_fail_unclassified	<unknown>	<source-guard>	<unclassified>	<unclassified>	<unclassified>	<unclassified>	<unclassified>	source hard-fail scan	crates/zmin-cli/src/cli/commands/pack_impl.rs:6723	source_scan	"message: format!(""pack version {version} unsupported""),"	classify as Git-supported gap, invalid-input parity, deferral or Zmin-only extension before adding rows	unclassified guard mapping
hard-fail:4ea93716bd231b48	not implemented / broken / open	source_hard_fail_unclassified	<unknown>	<source-guard>	<unclassified>	<unclassified>	<unclassified>	<unclassified>	<unclassified>	source hard-fail scan	crates/zmin-cli/src/cli/commands/pack_impl.rs:6751	source_scan	if let Some(version) = unsupported_pack_index_version(&error) {	classify as Git-supported gap, invalid-input parity, deferral or Zmin-only extension before adding rows	unclassified guard mapping
hard-fail:acaf0f797c01610b	not implemented / broken / open	source_hard_fail_unclassified	<unknown>	<source-guard>	<unclassified>	<unclassified>	<unclassified>	<unclassified>	<unclassified>	source hard-fail scan	crates/zmin-cli/src/cli/commands/pack_impl.rs:6781	source_scan	fn unsupported_pack_index_version(error: &io::Error) -> Option<String> {	classify as Git-supported gap, invalid-input parity, deferral or Zmin-only extension before adding rows	unclassified guard mapping
hard-fail:939627f9446b1b2f	not implemented / broken / open	source_hard_fail_unclassified	<unknown>	<source-guard>	<unclassified>	<unclassified>	<unclassified>	<unclassified>	<unclassified>	source hard-fail scan	crates/zmin-cli/src/cli/commands/pack_impl.rs:6784	source_scan	".strip_prefix(""unsupported pack index version "")"	classify as Git-supported gap, invalid-input parity, deferral or Zmin-only extension before adding rows	unclassified guard mapping
hard-fail:6e6074f5b84619b7	not implemented / broken / open	source_hard_fail_unclassified	<unknown>	<source-guard>	<unclassified>	<unclassified>	<unclassified>	<unclassified>	<unclassified>	source hard-fail scan	crates/zmin-cli/src/cli/commands/pack_impl.rs:6788	source_scan	fn unsupported_pack_file_version(error: &io::Error) -> Option<String> {	classify as Git-supported gap, invalid-input parity, deferral or Zmin-only extension before adding rows	unclassified guard mapping
hard-fail:786121bb7c1d3973	not implemented / broken / open	source_hard_fail_unclassified	<unknown>	<source-guard>	<unclassified>	<unclassified>	<unclassified>	<unclassified>	<unclassified>	source hard-fail scan	crates/zmin-cli/src/cli/commands/pack_impl.rs:6791	source_scan	".strip_prefix(""unsupported pack file version "")"	classify as Git-supported gap, invalid-input parity, deferral or Zmin-only extension before adding rows	unclassified guard mapping
hard-fail:66cff899d78b2921	not implemented / broken / open	source_hard_fail_unclassified	<unknown>	<source-guard>	<unclassified>	<unclassified>	<unclassified>	<unclassified>	<unclassified>	source hard-fail scan	crates/zmin-cli/src/cli/commands/reference_impl.rs:2999	source_scan	"message: format!(""unsupported object format '{value}'""),"	classify as Git-supported gap, invalid-input parity, deferral or Zmin-only extension before adding rows	unclassified guard mapping
hard-fail:a4aae8f569c43ef3	not implemented / broken / open	source_hard_fail_unclassified	<unknown>	<source-guard>	<unclassified>	<unclassified>	<unclassified>	<unclassified>	<unclassified>	source hard-fail scan	crates/zmin-cli/src/cli/commands/reference_impl.rs:3198	source_scan	"text: ""error: migrating repositories with worktrees is not supported yet\n"".to_owned(),"	classify as Git-supported gap, invalid-input parity, deferral or Zmin-only extension before adding rows	unclassified guard mapping
hard-fail:eb28a150f73e3c6e	not implemented / broken / open	source_hard_fail_unclassified	<unknown>	<source-guard>	<unclassified>	<unclassified>	<unclassified>	<unclassified>	<unclassified>	source hard-fail scan	crates/zmin-cli/src/cli/commands/reference_impl.rs:4315	source_scan	"message: format!(""unsupported repo output format '{other}'""),"	classify as Git-supported gap, invalid-input parity, deferral or Zmin-only extension before adding rows	unclassified guard mapping
hard-fail:271beb99a7378858	not implemented / broken / open	source_hard_fail_unclassified	<unknown>	<source-guard>	<unclassified>	<unclassified>	<unclassified>	<unclassified>	<unclassified>	source hard-fail scan	crates/zmin-cli/src/cli/commands/reference_impl.rs:15199	source_scan	"message: format!(""unsupported section for hidden refs: {other}""),"	classify as Git-supported gap, invalid-input parity, deferral or Zmin-only extension before adding rows	unclassified guard mapping
hard-fail:1344fb57525f9a0c	not implemented / broken / open	source_hard_fail_unclassified	<unknown>	<source-guard>	<unclassified>	<unclassified>	<unclassified>	<unclassified>	<unclassified>	source hard-fail scan	crates/zmin-cli/src/cli/commands/reference_impl.rs:15393	source_scan	"message: format!(""unsupported object format: {other}""),"	classify as Git-supported gap, invalid-input parity, deferral or Zmin-only extension before adding rows	unclassified guard mapping
hard-fail:db2141affa70d5fb	not implemented / broken / open	source_hard_fail_unclassified	<unknown>	<source-guard>	<unclassified>	<unclassified>	<unclassified>	<unclassified>	<unclassified>	source hard-fail scan	crates/zmin-cli/src/cli/commands/reference_impl.rs:15402	source_scan	"message: format!(""unsupported object format: {mode}""),"	classify as Git-supported gap, invalid-input parity, deferral or Zmin-only extension before adding rows	unclassified guard mapping
hard-fail:6abe82f48f7df13c	not implemented / broken / open	source_hard_fail_unclassified	<unknown>	<source-guard>	<unclassified>	<unclassified>	<unclassified>	<unclassified>	<unclassified>	source hard-fail scan	crates/zmin-cli/src/cli/commands/text_impl.rs:297	source_scan	"text: format!(""error: unsupported option '{other}'\n""),"	classify as Git-supported gap, invalid-input parity, deferral or Zmin-only extension before adding rows	unclassified guard mapping
hard-fail:aaf5ee698ace4ab5	not implemented / broken / open	source_hard_fail_unclassified	<unknown>	<source-guard>	<unclassified>	<unclassified>	<unclassified>	<unclassified>	<unclassified>	source hard-fail scan	crates/zmin-cli/src/cli/commands/transport_impl.rs:3841	source_scan	"""unsupported ZMIN_GIT_HTTP_VERSION '{raw}'; expected auto, http1, http2, or http3"""	classify as Git-supported gap, invalid-input parity, deferral or Zmin-only extension before adding rows	unclassified guard mapping
hard-fail:f26137fe68bead3c	not implemented / broken / open	source_hard_fail_unclassified	<unknown>	<source-guard>	<unclassified>	<unclassified>	<unclassified>	<unclassified>	<unclassified>	source hard-fail scan	crates/zmin-cli/src/cli/commands/transport_impl.rs:4608	source_scan	fn unsupported_remote_helper_error(url: &str, prefix: String) -> CliError {	classify as Git-supported gap, invalid-input parity, deferral or Zmin-only extension before adding rows	unclassified guard mapping
hard-fail:945e128f21e963bd	not implemented / broken / open	source_hard_fail_unclassified	<unknown>	<source-guard>	<unclassified>	<unclassified>	<unclassified>	<unclassified>	<unclassified>	source hard-fail scan	crates/zmin-cli/src/cli/commands/transport_impl.rs:4623	source_scan	fn unsupported_clone_destination_label(	classify as Git-supported gap, invalid-input parity, deferral or Zmin-only extension before adding rows	unclassified guard mapping
hard-fail:d31145e4a81b1b66	not implemented / broken / open	source_hard_fail_unclassified	<unknown>	<source-guard>	<unclassified>	<unclassified>	<unclassified>	<unclassified>	<unclassified>	source hard-fail scan	crates/zmin-cli/src/cli/commands/transport_impl.rs:8451	source_scan	unsupported_clone_destination_label(&original_repository, directory.as_deref());	classify as Git-supported gap, invalid-input parity, deferral or Zmin-only extension before adding rows	unclassified guard mapping
hard-fail:e5d7d417a0bc29cc	not implemented / broken / open	source_hard_fail_unclassified	<unknown>	<source-guard>	<unclassified>	<unclassified>	<unclassified>	<unclassified>	<unclassified>	source hard-fail scan	crates/zmin-cli/src/cli/commands/transport_impl.rs:8457	source_scan	return Err(unsupported_remote_helper_error(	classify as Git-supported gap, invalid-input parity, deferral or Zmin-only extension before adding rows	unclassified guard mapping
hard-fail:933359b538f51209	not implemented / broken / open	source_hard_fail_unclassified	<unknown>	<source-guard>	<unclassified>	<unclassified>	<unclassified>	<unclassified>	<unclassified>	source hard-fail scan	crates/zmin-cli/src/cli/commands/transport_impl.rs:11400	source_scan	return Err(unsupported_remote_helper_error(&url, String::new()));	classify as Git-supported gap, invalid-input parity, deferral or Zmin-only extension before adding rows	unclassified guard mapping
hard-fail:2f8404d011eff510	not implemented / broken / open	source_hard_fail_unclassified	<unknown>	<source-guard>	<unclassified>	<unclassified>	<unclassified>	<unclassified>	<unclassified>	source hard-fail scan	crates/zmin-cli/src/cli/commands/transport_impl.rs:11469	source_scan	"message: format!(""unsupported ls-remote sort key: {sort}""),"	classify as Git-supported gap, invalid-input parity, deferral or Zmin-only extension before adding rows	unclassified guard mapping
hard-fail:2479f70b1156331f	not implemented / broken / open	source_hard_fail_unclassified	<unknown>	<source-guard>	<unclassified>	<unclassified>	<unclassified>	<unclassified>	<unclassified>	source hard-fail scan	crates/zmin-cli/src/cli/commands/transport_impl.rs:12292	source_scan	return Err(unsupported_remote_helper_error(&url, String::new()));	classify as Git-supported gap, invalid-input parity, deferral or Zmin-only extension before adding rows	unclassified guard mapping
hard-fail:f0c42fd0221b23f6	not implemented / broken / open	source_hard_fail_unclassified	<unknown>	<source-guard>	<unclassified>	<unclassified>	<unclassified>	<unclassified>	<unclassified>	source hard-fail scan	crates/zmin-cli/src/cli/commands/transport_impl.rs:12746	source_scan	return Err(unsupported_remote_helper_error(&url, String::new()));	classify as Git-supported gap, invalid-input parity, deferral or Zmin-only extension before adding rows	unclassified guard mapping
hard-fail:9248563784501cf3	not implemented / broken / open	source_hard_fail_unclassified	<unknown>	<source-guard>	<unclassified>	<unclassified>	<unclassified>	<unclassified>	<unclassified>	source hard-fail scan	crates/zmin-cli/src/cli/commands/transport_impl.rs:13428	source_scan	return Err(unsupported_remote_helper_error(location, String::new()));	classify as Git-supported gap, invalid-input parity, deferral or Zmin-only extension before adding rows	unclassified guard mapping
hard-fail:8935a562d246974e	not implemented / broken / open	source_hard_fail_unclassified	<unknown>	<source-guard>	<unclassified>	<unclassified>	<unclassified>	<unclassified>	<unclassified>	source hard-fail scan	crates/zmin-cli/src/cli/commands/transport_impl.rs:14224	source_scan	return Err(unsupported_remote_helper_error(&url, String::new()));	classify as Git-supported gap, invalid-input parity, deferral or Zmin-only extension before adding rows	unclassified guard mapping
hard-fail:61dfb3bbeefbb865	not implemented / broken / open	source_hard_fail_unclassified	<unknown>	<source-guard>	<unclassified>	<unclassified>	<unclassified>	<unclassified>	<unclassified>	source hard-fail scan	crates/zmin-cli/src/cli/commands/transport_impl.rs:15600	source_scan	return Err(unsupported_remote_helper_error(&url, String::new()));	classify as Git-supported gap, invalid-input parity, deferral or Zmin-only extension before adding rows	unclassified guard mapping
hard-fail:ba450808a3c4ca8a	not implemented / broken / open	source_hard_fail_unclassified	<unknown>	<source-guard>	<unclassified>	<unclassified>	<unclassified>	<unclassified>	<unclassified>	source hard-fail scan	crates/zmin-cli/src/cli/commands/transport_impl.rs:16115	source_scan	return Err(unsupported_remote_helper_error(&location, String::new()));	classify as Git-supported gap, invalid-input parity, deferral or Zmin-only extension before adding rows	unclassified guard mapping
hard-fail:ca250a3765527d99	not implemented / broken / open	source_hard_fail_unclassified	<unknown>	<source-guard>	<unclassified>	<unclassified>	<unclassified>	<unclassified>	<unclassified>	source hard-fail scan	crates/zmin-cli/src/cli/commands/transport_impl.rs:16118	source_scan	return Err(unsupported_remote_helper_error(&location, String::new()));	classify as Git-supported gap, invalid-input parity, deferral or Zmin-only extension before adding rows	unclassified guard mapping
hard-fail:48dab98f8037360e	not implemented / broken / open	source_hard_fail_unclassified	<unknown>	<source-guard>	<unclassified>	<unclassified>	<unclassified>	<unclassified>	<unclassified>	source hard-fail scan	crates/zmin-cli/src/cli/commands/transport_impl.rs:16547	source_scan	"message: format!(""fetch from explicit location '{location}' is not supported yet""),"	classify as Git-supported gap, invalid-input parity, deferral or Zmin-only extension before adding rows	unclassified guard mapping
hard-fail:3849422a8c162ba6	not implemented / broken / open	source_hard_fail_unclassified	<unknown>	<source-guard>	<unclassified>	<unclassified>	<unclassified>	<unclassified>	<unclassified>	source hard-fail scan	crates/zmin-cli/src/cli/commands/transport_impl.rs:22131	source_scan	Err(unsupported_remote_helper_error(&url, String::new()))	classify as Git-supported gap, invalid-input parity, deferral or Zmin-only extension before adding rows	unclassified guard mapping
hard-fail:66ba97840ff88b27	not implemented / broken / open	source_hard_fail_unclassified	<unknown>	<source-guard>	<unclassified>	<unclassified>	<unclassified>	<unclassified>	<unclassified>	source hard-fail scan	crates/zmin-cli/src/cli/commands/transport_impl.rs:22249	source_scan	Err(unsupported_remote_helper_error(&url, String::new()))	classify as Git-supported gap, invalid-input parity, deferral or Zmin-only extension before adding rows	unclassified guard mapping
hard-fail:60f9c74c468f9ef2	not implemented / broken / open	source_hard_fail_unclassified	<unknown>	<source-guard>	<unclassified>	<unclassified>	<unclassified>	<unclassified>	<unclassified>	source hard-fail scan	crates/zmin-cli/src/cli/commands/transport_impl.rs:22371	source_scan	Err(unsupported_remote_helper_error(&url, String::new()))	classify as Git-supported gap, invalid-input parity, deferral or Zmin-only extension before adding rows	unclassified guard mapping
hard-fail:f29bf032f6882f9d	not implemented / broken / open	source_hard_fail_unclassified	<unknown>	<source-guard>	<unclassified>	<unclassified>	<unclassified>	<unclassified>	<unclassified>	source hard-fail scan	crates/zmin-cli/src/cli/commands/transport_impl.rs:22489	source_scan	Err(unsupported_remote_helper_error(&url, String::new()))	classify as Git-supported gap, invalid-input parity, deferral or Zmin-only extension before adding rows	unclassified guard mapping
hard-fail:076997db07b48b30	not implemented / broken / open	source_hard_fail_unclassified	<unknown>	<source-guard>	<unclassified>	<unclassified>	<unclassified>	<unclassified>	<unclassified>	source hard-fail scan	crates/zmin-cli/src/cli/commands/transport_impl.rs:22607	source_scan	Err(unsupported_remote_helper_error(&url, String::new()))	classify as Git-supported gap, invalid-input parity, deferral or Zmin-only extension before adding rows	unclassified guard mapping
hard-fail:9af994ff34494513	not implemented / broken / open	source_hard_fail_unclassified	<unknown>	<source-guard>	<unclassified>	<unclassified>	<unclassified>	<unclassified>	<unclassified>	source hard-fail scan	crates/zmin-cli/src/cli/commands/transport_impl.rs:23594	source_scan	return Err(unsupported_remote_helper_error(&url, String::new()));	classify as Git-supported gap, invalid-input parity, deferral or Zmin-only extension before adding rows	unclassified guard mapping
hard-fail:8ce00a427ba77434	not implemented / broken / open	source_hard_fail_unclassified	<unknown>	<source-guard>	<unclassified>	<unclassified>	<unclassified>	<unclassified>	<unclassified>	source hard-fail scan	crates/zmin-cli/src/cli/commands/transport_impl.rs:23819	source_scan	return Err(unsupported_remote_helper_error(&url, String::new()));	classify as Git-supported gap, invalid-input parity, deferral or Zmin-only extension before adding rows	unclassified guard mapping
hard-fail:152ea47d89f6c070	not implemented / broken / open	source_hard_fail_unclassified	<unknown>	<source-guard>	<unclassified>	<unclassified>	<unclassified>	<unclassified>	<unclassified>	source hard-fail scan	crates/zmin-cli/src/cli/commands/transport_impl.rs:23997	source_scan	return Err(unsupported_remote_helper_error(&url, String::new()));	classify as Git-supported gap, invalid-input parity, deferral or Zmin-only extension before adding rows	unclassified guard mapping
hard-fail:83321bec4e88f61e	not implemented / broken / open	source_hard_fail_unclassified	<unknown>	<source-guard>	<unclassified>	<unclassified>	<unclassified>	<unclassified>	<unclassified>	source hard-fail scan	crates/zmin-cli/src/cli/commands/transport_impl.rs:24191	source_scan	return Err(unsupported_remote_helper_error(&url, String::new()));	classify as Git-supported gap, invalid-input parity, deferral or Zmin-only extension before adding rows	unclassified guard mapping
hard-fail:196e5700105c2a92	not implemented / broken / open	source_hard_fail_unclassified	<unknown>	<source-guard>	<unclassified>	<unclassified>	<unclassified>	<unclassified>	<unclassified>	source hard-fail scan	crates/zmin-cli/src/cli/commands/transport_impl.rs:24322	source_scan	return Err(unsupported_remote_helper_error(&url, String::new()));	classify as Git-supported gap, invalid-input parity, deferral or Zmin-only extension before adding rows	unclassified guard mapping
hard-fail:e44eb671f35ef408	not implemented / broken / open	source_hard_fail_unclassified	<unknown>	<source-guard>	<unclassified>	<unclassified>	<unclassified>	<unclassified>	<unclassified>	source hard-fail scan	crates/zmin-cli/src/cli/commands/transport_impl.rs:24439	source_scan	Err(unsupported_remote_helper_error(&url, String::new()))	classify as Git-supported gap, invalid-input parity, deferral or Zmin-only extension before adding rows	unclassified guard mapping
hard-fail:125c79bf0d0986ac	not implemented / broken / open	source_hard_fail_unclassified	<unknown>	<source-guard>	<unclassified>	<unclassified>	<unclassified>	<unclassified>	<unclassified>	source hard-fail scan	crates/zmin-cli/src/cli/commands/transport_impl.rs:28461	source_scan	"message: format!(""unsupported HTTP_CONTENT_ENCODING: {other}""),"	classify as Git-supported gap, invalid-input parity, deferral or Zmin-only extension before adding rows	unclassified guard mapping
hard-fail:e478d07e10164531	not implemented / broken / open	source_hard_fail_unclassified	<unknown>	<source-guard>	<unclassified>	<unclassified>	<unclassified>	<unclassified>	<unclassified>	source hard-fail scan	crates/zmin-cli/src/cli/commands/transport_impl.rs:32208	source_scan	fn remote_http_helper_version_arg_rejects_unsupported_values() {	classify as Git-supported gap, invalid-input parity, deferral or Zmin-only extension before adding rows	unclassified guard mapping
hard-fail:0ab3dfd56a545d66	not implemented / broken / open	source_hard_fail_unclassified	<unknown>	<source-guard>	<unclassified>	<unclassified>	<unclassified>	<unclassified>	<unclassified>	source hard-fail scan	crates/zmin-cli/src/cli/commands/transport_impl.rs:32219	source_scan	"} if message == ""unsupported ZMIN_GIT_HTTP_VERSION 'h1'; expected auto, http1, http2, or http3"""	classify as Git-supported gap, invalid-input parity, deferral or Zmin-only extension before adding rows	unclassified guard mapping
hard-fail:7e0b1ebd757ca9ad	not implemented / broken / open	source_hard_fail_unclassified	<unknown>	<source-guard>	<unclassified>	<unclassified>	<unclassified>	<unclassified>	<unclassified>	source hard-fail scan	crates/zmin-cli/src/cli/commands/worktree_impl.rs:192	source_scan	"""non-UTF-8 Git pathname is unsupported on this platform"","	classify as Git-supported gap, invalid-input parity, deferral or Zmin-only extension before adding rows	unclassified guard mapping
hard-fail:18e4ee9cf6a9165f	not implemented / broken / open	source_hard_fail_unclassified	<unknown>	<source-guard>	<unclassified>	<unclassified>	<unclassified>	<unclassified>	<unclassified>	source hard-fail scan	crates/zmin-cli/src/cli/commands/worktree_impl.rs:553	source_scan	"message: format!(""unsupported clean option '{value}'""),"	classify as Git-supported gap, invalid-input parity, deferral or Zmin-only extension before adding rows	unclassified guard mapping
hard-fail:5a727171a5fa7e9b	not implemented / broken / open	source_hard_fail_unclassified	<unknown>	<source-guard>	<unclassified>	<unclassified>	<unclassified>	<unclassified>	<unclassified>	source hard-fail scan	crates/zmin-cli/src/cli/commands/worktree_impl.rs:898	source_scan	"message: format!(""unsupported porcelain version '{value}'""),"	classify as Git-supported gap, invalid-input parity, deferral or Zmin-only extension before adding rows	unclassified guard mapping
hard-fail:f11782ccf7f94899	not implemented / broken / open	source_hard_fail_unclassified	<unknown>	<source-guard>	<unclassified>	<unclassified>	<unclassified>	<unclassified>	<unclassified>	source hard-fail scan	crates/zmin-cli/src/cli/commands/worktree_impl.rs:1594	source_scan	"text: format!(""error: unsupported option '{other}'\n""),"	classify as Git-supported gap, invalid-input parity, deferral or Zmin-only extension before adding rows	unclassified guard mapping
hard-fail:bb41d56143c2996f	not implemented / broken / open	source_hard_fail_unclassified	<unknown>	<source-guard>	<unclassified>	<unclassified>	<unclassified>	<unclassified>	<unclassified>	source hard-fail scan	crates/zmin-cli/src/cli/commands/worktree_impl.rs:3063	source_scan	"message: ""ls-files --recurse-submodules unsupported mode"".into(),"	classify as Git-supported gap, invalid-input parity, deferral or Zmin-only extension before adding rows	unclassified guard mapping
hard-fail:30b6ce0a0bb7d476	not implemented / broken / open	source_hard_fail_unclassified	<unknown>	<source-guard>	<unclassified>	<unclassified>	<unclassified>	<unclassified>	<unclassified>	source hard-fail scan	crates/zmin-cli/src/cli/commands/worktree_impl.rs:10616	source_scan	"""non-UTF-8 filesystem pathname is unsupported on this platform"","	classify as Git-supported gap, invalid-input parity, deferral or Zmin-only extension before adding rows	unclassified guard mapping
hard-fail:3df23ea6e95be41a	not implemented / broken / open	source_hard_fail_unclassified	<unknown>	<source-guard>	<unclassified>	<unclassified>	<unclassified>	<unclassified>	<unclassified>	source hard-fail scan	crates/zmin-cli/src/cli/commands/worktree_impl.rs:14212	source_scan	"return Err(unsupported_stash_list_format_atom(&format!(""%{atom}"")));"	classify as Git-supported gap, invalid-input parity, deferral or Zmin-only extension before adding rows	unclassified guard mapping
hard-fail:3c038784d2fc2b07	not implemented / broken / open	source_hard_fail_unclassified	<unknown>	<source-guard>	<unclassified>	<unclassified>	<unclassified>	<unclassified>	<unclassified>	source hard-fail scan	crates/zmin-cli/src/cli/commands/worktree_impl.rs:14710	source_scan	fn unsupported_stash_list_format_atom(atom: &str) -> CliError {	classify as Git-supported gap, invalid-input parity, deferral or Zmin-only extension before adding rows	unclassified guard mapping
hard-fail:595e6a44e618dccc	not implemented / broken / open	source_hard_fail_unclassified	<unknown>	<source-guard>	<unclassified>	<unclassified>	<unclassified>	<unclassified>	<unclassified>	source hard-fail scan	crates/zmin-cli/src/cli/commands/worktree_impl.rs:14713	source_scan	"message: format!(""unsupported stash list format atom '{atom}'""),"	classify as Git-supported gap, invalid-input parity, deferral or Zmin-only extension before adding rows	unclassified guard mapping
hard-fail:85fbb99e931ce680	not implemented / broken / open	source_hard_fail_unclassified	<unknown>	<source-guard>	<unclassified>	<unclassified>	<unclassified>	<unclassified>	<unclassified>	source hard-fail scan	crates/zmin-cli/src/cli/commands/worktree_impl.rs:15546	source_scan	"other => unreachable!(""unsupported stash reference operation: {other}""),"	classify as Git-supported gap, invalid-input parity, deferral or Zmin-only extension before adding rows	unclassified guard mapping
hard-fail:e674680e32b06f3a	not implemented / broken / open	source_hard_fail_unclassified	<unknown>	<source-guard>	<unclassified>	<unclassified>	<unclassified>	<unclassified>	<unclassified>	source hard-fail scan	crates/zmin-cli/src/runtime/cli_support.rs:741	source_scan	fn refs_list_unsupported_config_error(raw_args: &[String]) -> Option<CliError> {	classify as Git-supported gap, invalid-input parity, deferral or Zmin-only extension before adding rows	unclassified guard mapping
hard-fail:fb421624fa2f9f23	not implemented / broken / open	source_hard_fail_unclassified	<unknown>	<source-guard>	<unclassified>	<unclassified>	<unclassified>	<unclassified>	<unclassified>	source hard-fail scan	crates/zmin-cli/src/runtime/cli_support.rs:770	source_scan	if let Some(error) = refs_list_unsupported_config_error(raw_args) {	classify as Git-supported gap, invalid-input parity, deferral or Zmin-only extension before adding rows	unclassified guard mapping
hard-fail:19a65819a542d3b2	not implemented / broken / open	source_hard_fail_unclassified	<unknown>	<source-guard>	<unclassified>	<unclassified>	<unclassified>	<unclassified>	<unclassified>	source hard-fail scan	crates/zmin-cli/src/runtime/commit_graph.rs:51	source_scan	"message: ""unsupported commit-graph header"".into(),"	classify as Git-supported gap, invalid-input parity, deferral or Zmin-only extension before adding rows	unclassified guard mapping
hard-fail:6279fc031c049f26	not implemented / broken / open	source_hard_fail_unclassified	<unknown>	<source-guard>	<unclassified>	<unclassified>	<unclassified>	<unclassified>	<unclassified>	source hard-fail scan	crates/zmin-cli/src/runtime/diff_render.rs:16501	source_scan	fn managed_hooks_reject_unsupported_hook_names_as_zmin_extension_validation() {	classify as Git-supported gap, invalid-input parity, deferral or Zmin-only extension before adding rows	unclassified guard mapping
hard-fail:a1ab1aa6d60b6a11	not implemented / broken / open	source_hard_fail_unclassified	<unknown>	<source-guard>	<unclassified>	<unclassified>	<unclassified>	<unclassified>	<unclassified>	source hard-fail scan	crates/zmin-cli/src/runtime/diff_render.rs:16514	source_scan	fn managed_hooks_reject_unsupported_hook_names_as_zmin_extension_validation() {	classify as Git-supported gap, invalid-input parity, deferral or Zmin-only extension before adding rows	unclassified guard mapping
hard-fail:1517a92ec773a45b	not implemented / broken / open	source_hard_fail_unclassified	<unknown>	<source-guard>	<unclassified>	<unclassified>	<unclassified>	<unclassified>	<unclassified>	source hard-fail scan	crates/zmin-cli/src/runtime/diff_render.rs:16556	source_scan	fn managed_hooks_reject_unsupported_hook_names_as_zmin_extension_validation() {	classify as Git-supported gap, invalid-input parity, deferral or Zmin-only extension before adding rows	unclassified guard mapping
hard-fail:8815a962d5aba77b	not implemented / broken / open	source_hard_fail_unclassified	<unknown>	<source-guard>	<unclassified>	<unclassified>	<unclassified>	<unclassified>	<unclassified>	source hard-fail scan	crates/zmin-cli/src/runtime/diff_render.rs:16569	source_scan	fn managed_hooks_reject_unsupported_hook_names_as_zmin_extension_validation() {	classify as Git-supported gap, invalid-input parity, deferral or Zmin-only extension before adding rows	unclassified guard mapping
hard-fail:2dd261ddb0495aee	not implemented / broken / open	source_hard_fail_unclassified	<unknown>	<source-guard>	<unclassified>	<unclassified>	<unclassified>	<unclassified>	<unclassified>	source hard-fail scan	crates/zmin-cli/src/runtime/diff_render.rs:16594	source_scan	"b""fn managed_hooks_reject_unsupported_hook_names_as_zmin_extension_validation() {\n"""	classify as Git-supported gap, invalid-input parity, deferral or Zmin-only extension before adding rows	unclassified guard mapping
hard-fail:5c10d9f0b617b209	not implemented / broken / open	source_hard_fail_unclassified	<unknown>	<source-guard>	<unclassified>	<unclassified>	<unclassified>	<unclassified>	<unclassified>	source hard-fail scan	crates/zmin-cli/src/runtime/diff_render.rs:16634	source_scan	fn managed_hooks_reject_unsupported_hook_names_as_zmin_extension_validation() {	classify as Git-supported gap, invalid-input parity, deferral or Zmin-only extension before adding rows	unclassified guard mapping
hard-fail:408bfb2fddf00181	not implemented / broken / open	source_hard_fail_unclassified	<unknown>	<source-guard>	<unclassified>	<unclassified>	<unclassified>	<unclassified>	<unclassified>	source hard-fail scan	crates/zmin-cli/src/runtime/diff_render.rs:16647	source_scan	fn managed_hooks_reject_unsupported_hook_names_as_zmin_extension_validation() {	classify as Git-supported gap, invalid-input parity, deferral or Zmin-only extension before adding rows	unclassified guard mapping
hard-fail:374dcfb3cc134eda	not implemented / broken / open	source_hard_fail_unclassified	<unknown>	<source-guard>	<unclassified>	<unclassified>	<unclassified>	<unclassified>	<unclassified>	source hard-fail scan	crates/zmin-cli/src/runtime/diff_render.rs:16679	source_scan	"""@@ -6,6 +6,12 @@ fn managed_hooks_reject_unsupported_hook_names_as_zmin_extension_validation() {\n"","	classify as Git-supported gap, invalid-input parity, deferral or Zmin-only extension before adding rows	unclassified guard mapping
hard-fail:1ea3816ef7fc752d	not implemented / broken / open	source_hard_fail_unclassified	<unknown>	<source-guard>	<unclassified>	<unclassified>	<unclassified>	<unclassified>	<unclassified>	source hard-fail scan	crates/zmin-cli/src/runtime/diff_render.rs:16699	source_scan	"""fatal: unsupported hook 'pre-receive'"".to_owned()"	classify as Git-supported gap, invalid-input parity, deferral or Zmin-only extension before adding rows	unclassified guard mapping
hard-fail:5d0f771da4f5d465	not implemented / broken / open	source_hard_fail_unclassified	<unknown>	<source-guard>	<unclassified>	<unclassified>	<unclassified>	<unclassified>	<unclassified>	source hard-fail scan	crates/zmin-cli/src/runtime/diff_render.rs:16718	source_scan	"""fatal: unsupported hook 'pre-receive'"".to_owned()"	classify as Git-supported gap, invalid-input parity, deferral or Zmin-only extension before adding rows	unclassified guard mapping
hard-fail:7b2ac372bd50a4be	not implemented / broken / open	source_hard_fail_unclassified	<unknown>	<source-guard>	<unclassified>	<unclassified>	<unclassified>	<unclassified>	<unclassified>	source hard-fail scan	crates/zmin-cli/src/runtime/diff_render.rs:17004	source_scan	"""fatal: unsupported hook 'pre-receive'"".to_owned()"	classify as Git-supported gap, invalid-input parity, deferral or Zmin-only extension before adding rows	unclassified guard mapping
hard-fail:6528fbf6c1ea272c	not implemented / broken / open	source_hard_fail_unclassified	<unknown>	<source-guard>	<unclassified>	<unclassified>	<unclassified>	<unclassified>	<unclassified>	source hard-fail scan	crates/zmin-cli/src/runtime/diff_render.rs:17023	source_scan	"""fatal: unsupported hook 'pre-receive'"".to_owned()"	classify as Git-supported gap, invalid-input parity, deferral or Zmin-only extension before adding rows	unclassified guard mapping
hard-fail:cbc6f97768aaf91d	not implemented / broken / open	source_hard_fail_unclassified	<unknown>	<source-guard>	<unclassified>	<unclassified>	<unclassified>	<unclassified>	<unclassified>	source hard-fail scan	crates/zmin-cli/src/runtime/graph.rs:856	source_scan	let mut unsupported = Vec::new();	classify as Git-supported gap, invalid-input parity, deferral or Zmin-only extension before adding rows	unclassified guard mapping
hard-fail:e0879c348b03cfef	not implemented / broken / open	source_hard_fail_unclassified	<unknown>	<source-guard>	<unclassified>	<unclassified>	<unclassified>	<unclassified>	<unclassified>	source hard-fail scan	crates/zmin-cli/src/runtime/graph.rs:862	source_scan	unsupported.push(value);	classify as Git-supported gap, invalid-input parity, deferral or Zmin-only extension before adding rows	unclassified guard mapping
hard-fail:8c2ed5fb72a0ee22	not implemented / broken / open	source_hard_fail_unclassified	<unknown>	<source-guard>	<unclassified>	<unclassified>	<unclassified>	<unclassified>	<unclassified>	source hard-fail scan	crates/zmin-cli/src/runtime/graph.rs:867	source_scan	if !unsupported.is_empty() {	classify as Git-supported gap, invalid-input parity, deferral or Zmin-only extension before adding rows	unclassified guard mapping
hard-fail:ffa8f4b93b7d1370	not implemented / broken / open	source_hard_fail_unclassified	<unknown>	<source-guard>	<unclassified>	<unclassified>	<unclassified>	<unclassified>	<unclassified>	source hard-fail scan	crates/zmin-cli/src/runtime/graph.rs:868	source_scan	unsupported.sort_by(|left, right| {	classify as Git-supported gap, invalid-input parity, deferral or Zmin-only extension before adding rows	unclassified guard mapping
hard-fail:c899c7769fe95bd3	not implemented / broken / open	source_hard_fail_unclassified	<unknown>	<source-guard>	<unclassified>	<unclassified>	<unclassified>	<unclassified>	<unclassified>	source hard-fail scan	crates/zmin-cli/src/runtime/graph.rs:873	source_scan	let unsupported = unsupported	classify as Git-supported gap, invalid-input parity, deferral or Zmin-only extension before adding rows	unclassified guard mapping
hard-fail:d356ea8624b7abf2	not implemented / broken / open	source_hard_fail_unclassified	<unknown>	<source-guard>	<unclassified>	<unclassified>	<unclassified>	<unclassified>	<unclassified>	source hard-fail scan	crates/zmin-cli/src/runtime/graph.rs:880	source_scan	"message: format!(""pathspec magic not supported by --follow: {unsupported}""),"	classify as Git-supported gap, invalid-input parity, deferral or Zmin-only extension before adding rows	unclassified guard mapping
hard-fail:717c67d99cd0c83c	not implemented / broken / open	source_hard_fail_unclassified	<unknown>	<source-guard>	<unclassified>	<unclassified>	<unclassified>	<unclassified>	<unclassified>	source hard-fail scan	crates/zmin-cli/src/runtime/graph.rs:3005	source_scan	"message: format!(""unsupported section for hidden refs: {other}""),"	classify as Git-supported gap, invalid-input parity, deferral or Zmin-only extension before adding rows	unclassified guard mapping
hard-fail:13d9e0ad68b64f8c	not implemented / broken / open	source_hard_fail_unclassified	<unknown>	<source-guard>	<unclassified>	<unclassified>	<unclassified>	<unclassified>	<unclassified>	source hard-fail scan	crates/zmin-cli/src/runtime/object.rs:1921	source_scan	"""unsupported git object type `{value}`"""	classify as Git-supported gap, invalid-input parity, deferral or Zmin-only extension before adding rows	unclassified guard mapping
hard-fail:4ae0fdb79e3763ae	not implemented / broken / open	source_hard_fail_unclassified	<unknown>	<source-guard>	<unclassified>	<unclassified>	<unclassified>	<unclassified>	<unclassified>	source hard-fail scan	crates/zmin-cli/src/runtime/primitive_adapters.rs:51	source_scan	"details: format!(""unsupported object id length: {len}"", len = raw_oid.len()),"	classify as Git-supported gap, invalid-input parity, deferral or Zmin-only extension before adding rows	unclassified guard mapping
hard-fail:b848cb466f18917a	not implemented / broken / open	source_hard_fail_unclassified	<unknown>	<source-guard>	<unclassified>	<unclassified>	<unclassified>	<unclassified>	<unclassified>	source hard-fail scan	crates/zmin-cli/src/runtime/primitive_adapters.rs:252	source_scan	"details: format!(""unsupported object type '{kind}' for patch render""),"	classify as Git-supported gap, invalid-input parity, deferral or Zmin-only extension before adding rows	unclassified guard mapping
hard-fail:73c97dc56a906cae	not implemented / broken / open	source_hard_fail_unclassified	<unknown>	<source-guard>	<unclassified>	<unclassified>	<unclassified>	<unclassified>	<unclassified>	source hard-fail scan	crates/zmin-cli/src/runtime/primitive_adapters.rs:641	source_scan	"details: format!(""unsupported git object type: {raw_type}""),"	classify as Git-supported gap, invalid-input parity, deferral or Zmin-only extension before adding rows	unclassified guard mapping
hard-fail:3b73c0d0f0fb4cf1	not implemented / broken / open	source_hard_fail_unclassified	<unknown>	<source-guard>	<unclassified>	<unclassified>	<unclassified>	<unclassified>	<unclassified>	source hard-fail scan	crates/zmin-cli/src/runtime/refs.rs:553	source_scan	"message: ""core.preferSymlinkRefs is unsupported on this platform"".into(),"	classify as Git-supported gap, invalid-input parity, deferral or Zmin-only extension before adding rows	unclassified guard mapping
hard-fail:6be85116c6fa3b90	not implemented / broken / open	source_hard_fail_unclassified	<unknown>	<source-guard>	<unclassified>	<unclassified>	<unclassified>	<unclassified>	<unclassified>	source hard-fail scan	crates/zmin-cli/src/runtime/worktree_index.rs:2666	source_scan	"""non-UTF-8 Git pathname is unsupported on this platform"","	classify as Git-supported gap, invalid-input parity, deferral or Zmin-only extension before adding rows	unclassified guard mapping
hard-fail:7f6bf37e6732ca43	not implemented / broken / open	source_hard_fail_unclassified	<unknown>	<source-guard>	<unclassified>	<unclassified>	<unclassified>	<unclassified>	<unclassified>	source hard-fail scan	crates/zmin-cli/src/runtime/worktree_index.rs:5389	source_scan	"""subprocess '{command}' requested unsupported capability '{capability}'"""	classify as Git-supported gap, invalid-input parity, deferral or Zmin-only extension before adding rows	unclassified guard mapping
hard-fail:9edba93c5504657e	not implemented / broken / open	source_hard_fail_unclassified	<unknown>	<source-guard>	<unclassified>	<unclassified>	<unclassified>	<unclassified>	<unclassified>	source hard-fail scan	crates/zmin-git-core/src/index.rs:1819	source_scan	"""index uses unsupported split-index shape"","	classify as Git-supported gap, invalid-input parity, deferral or Zmin-only extension before adding rows	unclassified guard mapping
hard-fail:a49f3045dd9e22fd	not implemented / broken / open	source_hard_fail_unclassified	<unknown>	<source-guard>	<unclassified>	<unclassified>	<unclassified>	<unclassified>	<unclassified>	source hard-fail scan	crates/zmin-git-core/src/index.rs:1906	source_scan	"""index uses unsupported split-index shape"","	classify as Git-supported gap, invalid-input parity, deferral or Zmin-only extension before adding rows	unclassified guard mapping
hard-fail:228780c53e7ad519	not implemented / broken / open	source_hard_fail_unclassified	<unknown>	<source-guard>	<unclassified>	<unclassified>	<unclassified>	<unclassified>	<unclassified>	source hard-fail scan	crates/zmin-git-core/src/pack.rs:535	source_scan	"format!(""unsupported pack index version {raw_version}""),"	classify as Git-supported gap, invalid-input parity, deferral or Zmin-only extension before adding rows	unclassified guard mapping
hard-fail:20ec98565beaad96	not implemented / broken / open	source_hard_fail_unclassified	<unknown>	<source-guard>	<unclassified>	<unclassified>	<unclassified>	<unclassified>	<unclassified>	source hard-fail scan	crates/zmin-git-core/src/pack.rs:616	source_scan	"""unsupported pack reverse index signature"","	classify as Git-supported gap, invalid-input parity, deferral or Zmin-only extension before adding rows	unclassified guard mapping
hard-fail:1172aa9c9972fe62	not implemented / broken / open	source_hard_fail_unclassified	<unknown>	<source-guard>	<unclassified>	<unclassified>	<unclassified>	<unclassified>	<unclassified>	source hard-fail scan	crates/zmin-git-core/src/pack.rs:623	source_scan	"""unsupported pack reverse index version"","	classify as Git-supported gap, invalid-input parity, deferral or Zmin-only extension before adding rows	unclassified guard mapping
hard-fail:a502437a4c39f154	not implemented / broken / open	source_hard_fail_unclassified	<unknown>	<source-guard>	<unclassified>	<unclassified>	<unclassified>	<unclassified>	<unclassified>	source hard-fail scan	crates/zmin-git-core/src/pack.rs:5893	source_scan	"format!(""unsupported pack index version {raw_version}""),"	classify as Git-supported gap, invalid-input parity, deferral or Zmin-only extension before adding rows	unclassified guard mapping
hard-fail:9af3f8509d389247	not implemented / broken / open	source_hard_fail_unclassified	<unknown>	<source-guard>	<unclassified>	<unclassified>	<unclassified>	<unclassified>	<unclassified>	source hard-fail scan	crates/zmin-git-core/src/pack.rs:6404	source_scan	"format!(""unsupported pack file version {version}""),"	classify as Git-supported gap, invalid-input parity, deferral or Zmin-only extension before adding rows	unclassified guard mapping
hard-fail:3185de3d1560b746	not implemented / broken / open	source_hard_fail_unclassified	<unknown>	<source-guard>	<unclassified>	<unclassified>	<unclassified>	<unclassified>	<unclassified>	source hard-fail scan	crates/zmin-git-core/src/pack.rs:6427	source_scan	"format!(""unsupported pack file version {version}""),"	classify as Git-supported gap, invalid-input parity, deferral or Zmin-only extension before adding rows	unclassified guard mapping
hard-fail:896283d2d8a2fc11	not implemented / broken / open	source_hard_fail_unclassified	<unknown>	<source-guard>	<unclassified>	<unclassified>	<unclassified>	<unclassified>	<unclassified>	source hard-fail scan	crates/zmin-git-core/src/refs.rs:330	source_scan	"""non-UTF-8 ref names are unsupported by reftable"","	classify as Git-supported gap, invalid-input parity, deferral or Zmin-only extension before adding rows	unclassified guard mapping
hard-fail:4bc54d4fcfdcfac0	not implemented / broken / open	source_hard_fail_unclassified	<unknown>	<source-guard>	<unclassified>	<unclassified>	<unclassified>	<unclassified>	<unclassified>	source hard-fail scan	crates/zmin-git-core/src/refs.rs:2570	source_scan	"""non-UTF-8 ref names are unsupported on this platform"","	classify as Git-supported gap, invalid-input parity, deferral or Zmin-only extension before adding rows	unclassified guard mapping
hard-fail:7c0421cc6506cab2	not implemented / broken / open	source_hard_fail_unclassified	<unknown>	<source-guard>	<unclassified>	<unclassified>	<unclassified>	<unclassified>	<unclassified>	source hard-fail scan	crates/zmin-git-core/src/refs.rs:2589	source_scan	"""non-UTF-8 symbolic ref target is unsupported on this platform"","	classify as Git-supported gap, invalid-input parity, deferral or Zmin-only extension before adding rows	unclassified guard mapping
hard-fail:786c7525470198e1	not implemented / broken / open	source_hard_fail_unclassified	<unknown>	<source-guard>	<unclassified>	<unclassified>	<unclassified>	<unclassified>	<unclassified>	source hard-fail scan	crates/zmin-git-core/src/reftable_reader.rs:645	source_scan	"return Err(invalid(""unsupported first reftable block type""));"	classify as Git-supported gap, invalid-input parity, deferral or Zmin-only extension before adding rows	unclassified guard mapping
hard-fail:7068d6e57ff3d623	not implemented / broken / open	source_hard_fail_unclassified	<unknown>	<source-guard>	<unclassified>	<unclassified>	<unclassified>	<unclassified>	<unclassified>	source hard-fail scan	crates/zmin-git-core/src/reftable_reader.rs:1436	source_scan	"_ => return Err(invalid(""unsupported reftable ref value type"")),"	classify as Git-supported gap, invalid-input parity, deferral or Zmin-only extension before adding rows	unclassified guard mapping
hard-fail:5a540229f3bee7d9	not implemented / broken / open	source_hard_fail_unclassified	<unknown>	<source-guard>	<unclassified>	<unclassified>	<unclassified>	<unclassified>	<unclassified>	source hard-fail scan	crates/zmin-git-core/src/reftable_reader.rs:1568	source_scan	"_ => return Err(invalid(""unsupported reftable log value type"")),"	classify as Git-supported gap, invalid-input parity, deferral or Zmin-only extension before adding rows	unclassified guard mapping
hard-fail:8c577f26f6efb48d	not implemented / broken / open	source_hard_fail_unclassified	<unknown>	<source-guard>	<unclassified>	<unclassified>	<unclassified>	<unclassified>	<unclassified>	source hard-fail scan	crates/zmin-git-core/src/reftable_reader.rs:1630	source_scan	"_ => return Err(invalid(""unsupported reftable log value type"")),"	classify as Git-supported gap, invalid-input parity, deferral or Zmin-only extension before adding rows	unclassified guard mapping
hard-fail:1277bac927520dc7	not implemented / broken / open	source_hard_fail_unclassified	<unknown>	<source-guard>	<unclassified>	<unclassified>	<unclassified>	<unclassified>	<unclassified>	source hard-fail scan	crates/zmin-git-core/src/reftable_reader.rs:1862	source_scan	"_ => return Err(invalid(""unsupported reftable version"")),"	classify as Git-supported gap, invalid-input parity, deferral or Zmin-only extension before adding rows	unclassified guard mapping
